StudentID,Name,GPA,Major,Year,Credits
S00001,Student_1,2.73,CS,Sophomore,137
S00002,Student_2,2.96,Finance,Junior,15
S00003,Student_3,3.13,Data Science,Junior,90
S00004,Student_4,3.73,SE,Junior,65
S00005,Student_5,2.75,Business,Senior,102
S00006,Student_6,3.25,AI,Freshman,78
S00007,Student_7,3.51,AI,Junior,131
S00008,Student_8,3.56,CS,Sophomore,132
S00009,Student_9,1.97,Finance,Sophomore,17
S00010,Student_10,2.53,SE,Senior,131
S00011,Student_11,1.76,Data Science,Freshman,103
S00012,Student_12,3.0,SE,Freshman,51
S00013,Student_13,3.48,SE,Freshman,107
S00014,Student_14,2.58,SE,Sophomore,61
S00015,Student_15,3.31,SE,Junior,139
S00016,Student_16,3.97,Data Science,Freshman,123
S00017,Student_17,1.65,Business,Junior,113
S00018,Student_18,3.07,AI,Freshman,102
S00019,Student_19,2.29,CS,Sophomore,98
S00020,Student_20,2.03,SE,Junior,53
S00021,Student_21,3.99,IT,Sophomore,32
S00022,Student_22,1.78,CS,Sophomore,42
S00023,Student_23,2.66,Data Science,Sophomore,60
S00024,Student_24,2.11,IT,Sophomore,107
S00025,Student_25,3.51,CS,Senior,119
S00026,Student_26,2.78,SE,Sophomore,40
S00027,Student_27,3.7,Finance,Junior,102
S00028,Student_28,1.69,CS,Senior,10
S00029,Student_29,3.9,IT,Senior,74
S00030,Student_30,2.82,Data Science,Junior,105
S00031,Student_31,3.61,AI,Sophomore,120
S00032,Student_32,1.86,CS,Freshman,67
S00033,Student_33,3.56,AI,Senior,0
S00034,Student_34,2.8,Business,Junior,85
S00035,Student_35,3.66,Business,Sophomore,19
S00036,Student_36,2.13,Finance,Junior,18
S00037,Student_37,2.06,Business,Senior,78
S00038,Student_38,2.33,Business,Senior,14
S00039,Student_39,2.05,IT,Junior,5
S00040,Student_40,3.71,Business,Freshman,118
S00041,Student_41,2.94,Finance,Freshman,27
S00042,Student_42,3.03,Business,Junior,55
S00043,Student_43,2.77,Business,Junior,35
S00044,Student_44,3.9,IT,Junior,4
S00045,Student_45,3.02,Data Science,Freshman,51
S00046,Student_46,2.88,Data Science,Junior,132
S00047,Student_47,2.99,SE,Freshman,73
S00048,Student_48,3.72,Finance,Sophomore,47
S00049,Student_49,1.99,Finance,Senior,132
S00050,Student_50,3.0,IT,Sophomore,50
S00051,Student_51,1.98,CS,Junior,59
S00052,Student_52,3.41,CS,Senior,53
S00053,Student_53,3.62,Finance,Sophomore,2
S00054,Student_54,3.91,IT,Junior,64
S00055,Student_55,2.85,SE,Senior,77
S00056,Student_56,3.87,CS,Freshman,51
S00057,Student_57,2.18,Finance,Sophomore,56
S00058,Student_58,3.71,CS,Sophomore,36
S00059,Student_59,3.39,Finance,Sophomore,1
S00060,Student_60,3.11,Data Science,Sophomore,112
S00061,Student_61,3.19,CS,Freshman,62
S00062,Student_62,3.48,AI,Sophomore,102
S00063,Student_63,1.72,Data Science,Senior,46
S00064,Student_64,2.53,Data Science,Senior,79
S00065,Student_65,3.58,AI,Freshman,135
S00066,Student_66,2.27,SE,Sophomore,47
S00067,Student_67,3.88,Data Science,Sophomore,79
S00068,Student_68,2.3,CS,Freshman,26
S00069,Student_69,2.16,Business,Freshman,83
S00070,Student_70,2.73,CS,Sophomore,0
S00071,Student_71,2.77,Finance,Senior,20
S00072,Student_72,1.92,CS,Sophomore,13
S00073,Student_73,3.84,CS,Sophomore,57
S00074,Student_74,3.67,Finance,Senior,127
S00075,Student_75,3.06,CS,Senior,88
S00076,Student_76,2.88,SE,Sophomore,55
S00077,Student_77,3.19,IT,Senior,118
S00078,Student_78,2.25,SE,Sophomore,113
S00079,Student_79,3.97,SE,Sophomore,125
S00080,Student_80,3.66,Finance,Senior,78
S00081,Student_81,1.63,Data Science,Senior,16
S00082,Student_82,1.66,SE,Sophomore,106
S00083,Student_83,2.64,AI,Freshman,55
S00084,Student_84,2.19,SE,Sophomore,54
S00085,Student_85,2.53,IT,Junior,40
S00086,Student_86,1.54,Business,Junior,39
S00087,Student_87,2.92,CS,Senior,74
S00088,Student_88,1.98,SE,Senior,10
S00089,Student_89,3.13,AI,Junior,128
S00090,Student_90,2.78,CS,Junior,126
S00091,Student_91,2.32,Business,Junior,77
S00092,Student_92,3.0,Data Science,Sophomore,125
S00093,Student_93,1.7,AI,Junior,80
S00094,Student_94,2.91,Finance,Junior,71
S00095,Student_95,3.36,AI,Junior,102
S00096,Student_96,3.01,SE,Sophomore,75
S00097,Student_97,1.85,CS,Freshman,0
S00098,Student_98,1.99,Finance,Freshman,131
S00099,Student_99,3.31,Finance,Senior,29
S00100,Student_100,3.0,IT,Sophomore,32
S00101,Student_101,2.99,CS,Sophomore,71
S00102,Student_102,3.57,Business,Freshman,91
S00103,Student_103,3.33,IT,Senior,106
S00104,Student_104,2.1,AI,Junior,93
S00105,Student_105,2.01,SE,Freshman,45
S00106,Student_106,3.57,CS,Junior,66
S00107,Student_107,3.88,AI,Junior,65
S00108,Student_108,2.59,SE,Sophomore,39
S00109,Student_109,2.43,Business,Sophomore,97
S00110,Student_110,2.14,AI,Senior,96
S00111,Student_111,1.79,AI,Sophomore,30
S00112,Student_112,2.0,Business,Sophomore,20
S00113,Student_113,2.16,IT,Sophomore,118
S00114,Student_114,1.84,IT,Senior,71
S00115,Student_115,3.95,CS,Freshman,40
S00116,Student_116,1.82,IT,Freshman,109
S00117,Student_117,2.43,Business,Senior,63
S00118,Student_118,1.96,CS,Sophomore,13
S00119,Student_119,2.83,SE,Junior,139
S00120,Student_120,2.11,CS,Sophomore,10
S00121,Student_121,1.68,Finance,Junior,81
S00122,Student_122,1.73,Business,Senior,108
S00123,Student_123,3.49,Finance,Junior,65
S00124,Student_124,2.2,SE,Sophomore,62
S00125,Student_125,1.9,CS,Freshman,52
S00126,Student_126,3.14,Business,Junior,89
S00127,Student_127,2.78,IT,Sophomore,35
S00128,Student_128,2.55,SE,Senior,13
S00129,Student_129,1.61,Business,Junior,103
S00130,Student_130,3.14,SE,Junior,114
S00131,Student_131,1.79,Finance,Junior,12
S00132,Student_132,1.86,Finance,Senior,65
S00133,Student_133,3.49,IT,Freshman,92
S00134,Student_134,3.36,SE,Senior,66
S00135,Student_135,2.28,AI,Freshman,128
S00136,Student_136,2.54,Data Science,Freshman,73
S00137,Student_137,2.88,Data Science,Freshman,101
S00138,Student_138,3.71,Finance,Junior,91
S00139,Student_139,3.65,AI,Freshman,124
S00140,Student_140,3.8,Data Science,Freshman,52
S00141,Student_141,1.61,CS,Freshman,31
S00142,Student_142,1.6,CS,Senior,130
S00143,Student_143,2.63,AI,Sophomore,29
S00144,Student_144,3.49,SE,Sophomore,103
S00145,Student_145,2.49,IT,Junior,132
S00146,Student_146,1.61,IT,Junior,69
S00147,Student_147,1.66,CS,Sophomore,35
S00148,Student_148,1.55,CS,Freshman,79
S00149,Student_149,2.53,AI,Freshman,74
S00150,Student_150,2.17,Finance,Freshman,41
S00151,Student_151,3.25,Finance,Senior,78
S00152,Student_152,3.42,SE,Sophomore,115
S00153,Student_153,1.79,IT,Freshman,58
S00154,Student_154,1.86,Business,Freshman,14
S00155,Student_155,3.85,IT,Sophomore,112
S00156,Student_156,3.4,Data Science,Freshman,89
S00157,Student_157,2.92,Business,Sophomore,104
S00158,Student_158,3.91,Finance,Junior,43
S00159,Student_159,3.94,AI,Junior,55
S00160,Student_160,3.86,CS,Senior,17
S00161,Student_161,2.64,CS,Freshman,73
S00162,Student_162,1.85,Business,Senior,118
S00163,Student_163,2.78,Finance,Senior,111
S00164,Student_164,2.83,AI,Sophomore,19
S00165,Student_165,3.85,CS,Junior,102
S00166,Student_166,1.62,Business,Senior,111
S00167,Student_167,1.78,SE,Sophomore,54
S00168,Student_168,3.05,Finance,Sophomore,137
S00169,Student_169,2.7,Finance,Sophomore,134
S00170,Student_170,2.37,CS,Senior,88
S00171,Student_171,1.6,Data Science,Senior,85
S00172,Student_172,2.97,IT,Freshman,67
S00173,Student_173,1.54,Finance,Senior,66
S00174,Student_174,3.2,SE,Senior,111
S00175,Student_175,1.87,IT,Freshman,54
S00176,Student_176,1.72,AI,Junior,67
S00177,Student_177,2.14,Finance,Junior,47
S00178,Student_178,2.18,CS,Sophomore,33
S00179,Student_179,3.42,CS,Senior,99
S00180,Student_180,2.27,Finance,Sophomore,105
S00181,Student_181,3.54,Business,Junior,136
S00182,Student_182,3.17,AI,Sophomore,109
S00183,Student_183,3.33,Data Science,Freshman,62
S00184,Student_184,2.6,Finance,Junior,12
S00185,Student_185,3.93,Business,Junior,46
S00186,Student_186,3.21,IT,Sophomore,98
S00187,Student_187,1.73,Finance,Senior,71
S00188,Student_188,3.93,CS,Senior,40
S00189,Student_189,2.09,Data Science,Sophomore,4
S00190,Student_190,3.43,AI,Senior,99
S00191,Student_191,2.8,Data Science,Freshman,27
S00192,Student_192,2.06,SE,Freshman,12
S00193,Student_193,2.21,Data Science,Freshman,102
S00194,Student_194,1.71,Finance,Junior,5
S00195,Student_195,1.79,Finance,Freshman,16
S00196,Student_196,1.87,Finance,Sophomore,25
S00197,Student_197,1.79,Business,Freshman,74
S00198,Student_198,3.72,Finance,Sophomore,21
S00199,Student_199,3.63,Data Science,Sophomore,6
S00200,Student_200,3.28,Business,Sophomore,54
S00201,Student_201,3.69,IT,Senior,57
S00202,Student_202,1.76,SE,Junior,18
S00203,Student_203,3.37,IT,Junior,72
S00204,Student_204,2.13,SE,Freshman,44
S00205,Student_205,1.67,Data Science,Junior,48
S00206,Student_206,1.84,SE,Junior,58
S00207,Student_207,1.9,Finance,Freshman,75
S00208,Student_208,2.72,Finance,Freshman,57
S00209,Student_209,2.51,SE,Senior,33
S00210,Student_210,1.63,SE,Junior,120
S00211,Student_211,2.85,Finance,Junior,120
S00212,Student_212,2.66,CS,Senior,13
S00213,Student_213,3.5,Finance,Junior,105
S00214,Student_214,1.53,IT,Freshman,35
S00215,Student_215,2.2,CS,Junior,86
S00216,Student_216,2.13,AI,Freshman,70
S00217,Student_217,3.96,IT,Senior,11
S00218,Student_218,2.84,CS,Freshman,118
S00219,Student_219,2.19,SE,Senior,121
S00220,Student_220,3.44,CS,Senior,65
S00221,Student_221,2.05,IT,Sophomore,56
S00222,Student_222,2.83,SE,Junior,60
S00223,Student_223,2.72,Data Science,Freshman,17
S00224,Student_224,1.69,Business,Senior,29
S00225,Student_225,1.94,AI,Freshman,52
S00226,Student_226,2.59,CS,Junior,55
S00227,Student_227,2.65,Business,Freshman,89
S00228,Student_228,2.2,IT,Freshman,21
S00229,Student_229,2.77,SE,Sophomore,4
S00230,Student_230,1.69,Finance,Freshman,83
S00231,Student_231,2.14,AI,Senior,138
S00232,Student_232,2.63,Finance,Senior,7
S00233,Student_233,1.68,Business,Junior,62
S00234,Student_234,3.81,CS,Senior,30
S00235,Student_235,2.19,CS,Freshman,140
S00236,Student_236,1.57,CS,Sophomore,5
S00237,Student_237,2.69,SE,Junior,56
S00238,Student_238,2.68,Data Science,Senior,3
S00239,Student_239,3.44,Business,Sophomore,73
S00240,Student_240,2.15,Finance,Senior,105
S00241,Student_241,3.83,Finance,Senior,61
S00242,Student_242,2.17,AI,Sophomore,66
S00243,Student_243,3.36,Data Science,Junior,11
S00244,Student_244,3.56,Data Science,Junior,136
S00245,Student_245,1.97,SE,Sophomore,23
S00246,Student_246,2.77,Data Science,Sophomore,50
S00247,Student_247,1.78,SE,Junior,50
S00248,Student_248,3.9,SE,Freshman,82
S00249,Student_249,1.66,CS,Junior,109
S00250,Student_250,2.43,Business,Senior,82
S00251,Student_251,3.44,IT,Freshman,102
S00252,Student_252,2.88,Finance,Senior,55
S00253,Student_253,3.9,Business,Junior,66
S00254,Student_254,3.72,Data Science,Senior,121
S00255,Student_255,3.8,Data Science,Junior,5
S00256,Student_256,2.46,Data Science,Freshman,96
S00257,Student_257,3.11,SE,Freshman,125
S00258,Student_258,2.86,SE,Freshman,99
S00259,Student_259,3.43,Finance,Freshman,106
S00260,Student_260,2.23,IT,Senior,34
S00261,Student_261,1.81,AI,Junior,134
S00262,Student_262,2.56,Business,Senior,62
S00263,Student_263,2.42,Finance,Junior,71
S00264,Student_264,3.59,IT,Senior,3
S00265,Student_265,3.63,Business,Freshman,40
S00266,Student_266,3.5,CS,Sophomore,41
S00267,Student_267,2.92,AI,Sophomore,106
S00268,Student_268,2.58,AI,Junior,68
S00269,Student_269,1.79,SE,Junior,31
S00270,Student_270,3.67,Data Science,Senior,38
S00271,Student_271,2.31,AI,Senior,55
S00272,Student_272,2.24,AI,Sophomore,93
S00273,Student_273,3.9,IT,Senior,105
S00274,Student_274,2.69,Data Science,Junior,127
S00275,Student_275,3.16,SE,Junior,64
S00276,Student_276,2.08,Data Science,Senior,28
S00277,Student_277,2.84,Finance,Junior,15
S00278,Student_278,1.74,Finance,Freshman,25
S00279,Student_279,2.31,AI,Junior,75
S00280,Student_280,1.51,Data Science,Senior,104
S00281,Student_281,2.84,Business,Junior,60
S00282,Student_282,2.05,AI,Sophomore,138
S00283,Student_283,2.62,IT,Junior,78
S00284,Student_284,2.82,Data Science,Freshman,63
S00285,Student_285,2.73,Data Science,Freshman,4
S00286,Student_286,3.69,IT,Junior,139
S00287,Student_287,3.48,SE,Sophomore,20
S00288,Student_288,2.28,IT,Sophomore,41
S00289,Student_289,1.66,Data Science,Junior,5
S00290,Student_290,2.71,Business,Junior,16
S00291,Student_291,1.91,SE,Junior,34
S00292,Student_292,3.79,CS,Freshman,111
S00293,Student_293,3.47,SE,Freshman,113
S00294,Student_294,3.21,SE,Senior,116
S00295,Student_295,3.1,SE,Freshman,97
S00296,Student_296,2.19,AI,Sophomore,57
S00297,Student_297,1.82,CS,Sophomore,123
S00298,Student_298,3.68,CS,Sophomore,4
S00299,Student_299,1.96,AI,Junior,74
S00300,Student_300,3.19,Finance,Sophomore,35
S00301,Student_301,3.61,Data Science,Senior,54
S00302,Student_302,1.62,Data Science,Junior,17
S00303,Student_303,1.54,SE,Sophomore,66
S00304,Student_304,2.57,AI,Senior,104
S00305,Student_305,3.65,SE,Freshman,50
S00306,Student_306,3.14,Business,Senior,76
S00307,Student_307,3.52,Business,Freshman,119
S00308,Student_308,3.09,Finance,Freshman,91
S00309,Student_309,3.44,SE,Sophomore,7
S00310,Student_310,1.6,AI,Freshman,120
S00311,Student_311,2.69,CS,Junior,65
S00312,Student_312,3.51,AI,Senior,58
S00313,Student_313,3.13,SE,Sophomore,96
S00314,Student_314,2.79,CS,Sophomore,93
S00315,Student_315,1.66,Business,Sophomore,35
S00316,Student_316,3.57,SE,Junior,60
S00317,Student_317,2.43,SE,Junior,21
S00318,Student_318,3.06,CS,Senior,137
S00319,Student_319,3.65,SE,Senior,20
S00320,Student_320,2.82,Business,Senior,75
S00321,Student_321,1.8,Business,Freshman,72
S00322,Student_322,3.0,Finance,Senior,115
S00323,Student_323,3.18,AI,Freshman,130
S00324,Student_324,3.72,Data Science,Sophomore,23
S00325,Student_325,1.87,Finance,Sophomore,61
S00326,Student_326,3.95,Finance,Junior,115
S00327,Student_327,1.69,SE,Senior,24
S00328,Student_328,2.47,Data Science,Sophomore,26
S00329,Student_329,3.06,Finance,Junior,48
S00330,Student_330,2.05,Business,Sophomore,123
S00331,Student_331,1.89,Business,Senior,97
S00332,Student_332,2.05,CS,Senior,77
S00333,Student_333,3.52,CS,Sophomore,80
S00334,Student_334,2.53,AI,Junior,43
S00335,Student_335,1.6,CS,Sophomore,5
S00336,Student_336,2.8,SE,Sophomore,33
S00337,Student_337,2.5,CS,Junior,7
S00338,Student_338,2.85,Finance,Junior,119
S00339,Student_339,2.12,Finance,Senior,69
S00340,Student_340,3.59,SE,Sophomore,13
S00341,Student_341,3.92,IT,Junior,43
S00342,Student_342,2.7,Data Science,Junior,34
S00343,Student_343,2.96,SE,Senior,102
S00344,Student_344,1.54,AI,Junior,90
S00345,Student_345,2.1,SE,Sophomore,53
S00346,Student_346,2.5,AI,Sophomore,36
S00347,Student_347,1.6,CS,Senior,135
S00348,Student_348,3.07,Business,Sophomore,40
S00349,Student_349,3.54,Data Science,Sophomore,0
S00350,Student_350,3.31,AI,Senior,89
S00351,Student_351,3.4,Finance,Freshman,113
S00352,Student_352,3.67,IT,Junior,18
S00353,Student_353,2.03,Finance,Freshman,99
S00354,Student_354,2.9,CS,Freshman,24
S00355,Student_355,1.69,AI,Senior,47
S00356,Student_356,1.61,Business,Freshman,9
S00357,Student_357,3.18,CS,Freshman,59
S00358,Student_358,3.82,Finance,Sophomore,15
S00359,Student_359,3.0,Business,Freshman,119
S00360,Student_360,1.97,SE,Freshman,81
S00361,Student_361,1.92,IT,Junior,19
S00362,Student_362,2.09,AI,Freshman,129
S00363,Student_363,2.18,Business,Junior,66
S00364,Student_364,2.4,AI,Sophomore,11
S00365,Student_365,3.43,CS,Senior,1
S00366,Student_366,2.13,IT,Freshman,117
S00367,Student_367,3.26,SE,Freshman,10
S00368,Student_368,3.92,Business,Sophomore,43
S00369,Student_369,1.6,Finance,Senior,23
S00370,Student_370,2.29,CS,Junior,46
S00371,Student_371,2.27,IT,Freshman,79
S00372,Student_372,2.34,CS,Freshman,125
S00373,Student_373,3.54,Business,Senior,101
S00374,Student_374,2.96,CS,Senior,89
S00375,Student_375,2.69,IT,Freshman,51
S00376,Student_376,3.26,Finance,Senior,83
S00377,Student_377,3.15,CS,Freshman,83
S00378,Student_378,2.23,IT,Senior,38
S00379,Student_379,3.0,Business,Freshman,126
S00380,Student_380,1.92,SE,Junior,37
S00381,Student_381,1.94,AI,Senior,130
S00382,Student_382,2.58,Data Science,Sophomore,109
S00383,Student_383,3.4,SE,Sophomore,3
S00384,Student_384,2.34,Finance,Junior,84
S00385,Student_385,1.92,CS,Senior,130
S00386,Student_386,2.51,SE,Senior,11
S00387,Student_387,2.1,CS,Sophomore,14
S00388,Student_388,2.17,SE,Sophomore,70
S00389,Student_389,1.99,SE,Senior,37
S00390,Student_390,3.94,Business,Junior,72
S00391,Student_391,2.89,SE,Freshman,44
S00392,Student_392,2.5,IT,Freshman,134
S00393,Student_393,3.1,CS,Junior,45
S00394,Student_394,2.49,CS,Freshman,31
S00395,Student_395,3.17,Data Science,Senior,67
S00396,Student_396,1.55,Finance,Sophomore,30
S00397,Student_397,3.08,Business,Senior,110
S00398,Student_398,3.8,CS,Senior,4
S00399,Student_399,3.96,IT,Junior,94
S00400,Student_400,1.75,IT,Senior,46
S00401,Student_401,3.7,IT,Sophomore,137
S00402,Student_402,2.99,Data Science,Senior,43
S00403,Student_403,1.78,Data Science,Junior,11
S00404,Student_404,1.82,SE,Junior,62
S00405,Student_405,3.7,AI,Sophomore,138
S00406,Student_406,3.37,Data Science,Sophomore,9
S00407,Student_407,1.79,Finance,Senior,115
S00408,Student_408,1.89,AI,Sophomore,66
S00409,Student_409,1.63,Finance,Sophomore,66
S00410,Student_410,2.59,IT,Senior,102
S00411,Student_411,3.09,CS,Freshman,140
S00412,Student_412,3.11,CS,Sophomore,128
S00413,Student_413,3.71,SE,Sophomore,62
S00414,Student_414,1.91,SE,Freshman,118
S00415,Student_415,2.62,AI,Junior,7
S00416,Student_416,3.64,AI,Junior,12
S00417,Student_417,2.53,CS,Freshman,105
S00418,Student_418,2.83,Data Science,Sophomore,105
S00419,Student_419,3.78,Business,Senior,113
S00420,Student_420,2.72,Finance,Sophomore,2
S00421,Student_421,1.67,AI,Freshman,84
S00422,Student_422,1.65,Business,Senior,111
S00423,Student_423,3.59,AI,Senior,113
S00424,Student_424,2.27,AI,Junior,60
S00425,Student_425,3.91,CS,Sophomore,131
S00426,Student_426,3.91,Data Science,Junior,135
S00427,Student_427,2.3,Data Science,Sophomore,128
S00428,Student_428,3.6,CS,Junior,70
S00429,Student_429,2.06,SE,Freshman,17
S00430,Student_430,1.73,AI,Freshman,32
S00431,Student_431,2.46,Business,Senior,85
S00432,Student_432,3.95,Data Science,Senior,129
S00433,Student_433,2.75,SE,Sophomore,19
S00434,Student_434,2.77,Business,Sophomore,119
S00435,Student_435,2.42,AI,Freshman,28
S00436,Student_436,2.23,CS,Sophomore,78
S00437,Student_437,2.44,AI,Freshman,124
S00438,Student_438,3.96,Data Science,Junior,106
S00439,Student_439,1.54,AI,Sophomore,38
S00440,Student_440,1.98,Finance,Sophomore,31
S00441,Student_441,2.52,IT,Sophomore,88
S00442,Student_442,2.68,IT,Sophomore,5
S00443,Student_443,3.08,CS,Freshman,121
S00444,Student_444,2.65,AI,Senior,30
S00445,Student_445,1.84,CS,Senior,99
S00446,Student_446,1.55,SE,Junior,32
S00447,Student_447,2.0,SE,Freshman,134
S00448,Student_448,3.15,Data Science,Senior,65
S00449,Student_449,1.86,Business,Freshman,99
S00450,Student_450,3.22,AI,Senior,46
S00451,Student_451,3.71,CS,Junior,26
S00452,Student_452,1.66,Finance,Sophomore,0
S00453,Student_453,3.79,Data Science,Freshman,113
S00454,Student_454,1.68,CS,Freshman,122
S00455,Student_455,3.05,Business,Sophomore,78
S00456,Student_456,1.9,IT,Sophomore,17
S00457,Student_457,1.59,Data Science,Sophomore,79
S00458,Student_458,1.65,IT,Senior,14
S00459,Student_459,2.52,AI,Junior,131
S00460,Student_460,3.17,CS,Freshman,99
S00461,Student_461,2.42,Finance,Junior,13
S00462,Student_462,3.25,CS,Freshman,89
S00463,Student_463,1.55,Business,Senior,10
S00464,Student_464,2.1,Business,Sophomore,72
S00465,Student_465,3.46,AI,Junior,137
S00466,Student_466,3.25,Finance,Freshman,2
S00467,Student_467,1.72,SE,Sophomore,45
S00468,Student_468,2.26,SE,Sophomore,45
S00469,Student_469,1.99,Finance,Sophomore,12
S00470,Student_470,3.65,Finance,Senior,15
S00471,Student_471,3.5,SE,Senior,56
S00472,Student_472,2.71,AI,Freshman,62
S00473,Student_473,2.38,Finance,Junior,108
S00474,Student_474,2.33,Data Science,Freshman,95
S00475,Student_475,2.03,Business,Junior,43
S00476,Student_476,2.0,CS,Senior,123
S00477,Student_477,3.88,AI,Sophomore,100
S00478,Student_478,3.91,AI,Sophomore,63
S00479,Student_479,2.99,AI,Freshman,88
S00480,Student_480,3.51,Data Science,Sophomore,51
S00481,Student_481,2.31,Business,Sophomore,80
S00482,Student_482,3.79,CS,Junior,3
S00483,Student_483,2.26,SE,Senior,39
S00484,Student_484,2.52,Finance,Senior,105
S00485,Student_485,2.44,AI,Senior,119
S00486,Student_486,3.75,Finance,Junior,134
S00487,Student_487,2.84,CS,Sophomore,34
S00488,Student_488,2.63,Business,Senior,62
S00489,Student_489,3.51,IT,Senior,122
S00490,Student_490,3.03,AI,Junior,124
S00491,Student_491,1.8,Business,Senior,6
S00492,Student_492,2.91,CS,Junior,117
S00493,Student_493,3.39,Business,Freshman,30
S00494,Student_494,2.95,Finance,Senior,12
S00495,Student_495,2.41,Business,Freshman,41
S00496,Student_496,2.45,Data Science,Junior,62
S00497,Student_497,3.11,AI,Sophomore,51
S00498,Student_498,3.52,CS,Freshman,130
S00499,Student_499,2.89,Data Science,Senior,41
S00500,Student_500,3.02,Data Science,Junior,44
S00501,Student_501,3.19,SE,Senior,112
S00502,Student_502,2.32,SE,Freshman,78
S00503,Student_503,2.92,Business,Senior,108
S00504,Student_504,1.85,Data Science,Sophomore,87
S00505,Student_505,3.97,IT,Senior,129
S00506,Student_506,3.12,AI,Freshman,131
S00507,Student_507,2.87,SE,Junior,71
S00508,Student_508,3.66,IT,Sophomore,133
S00509,Student_509,3.16,CS,Sophomore,57
S00510,Student_510,3.7,Data Science,Junior,4
S00511,Student_511,2.48,Finance,Junior,6
S00512,Student_512,2.56,Data Science,Freshman,78
S00513,Student_513,2.12,CS,Senior,115
S00514,Student_514,3.34,IT,Senior,110
S00515,Student_515,3.71,Data Science,Freshman,132
S00516,Student_516,1.77,IT,Freshman,48
S00517,Student_517,1.97,AI,Junior,108
S00518,Student_518,3.1,CS,Sophomore,90
S00519,Student_519,2.81,Finance,Senior,116
S00520,Student_520,3.45,AI,Junior,57
S00521,Student_521,1.98,Data Science,Junior,133
S00522,Student_522,1.87,Data Science,Junior,82
S00523,Student_523,2.26,IT,Freshman,58
S00524,Student_524,2.53,Data Science,Sophomore,110
S00525,Student_525,2.52,Data Science,Junior,59
S00526,Student_526,3.9,SE,Senior,38
S00527,Student_527,2.27,CS,Junior,111
S00528,Student_528,2.95,Data Science,Freshman,54
S00529,Student_529,3.77,IT,Freshman,72
S00530,Student_530,2.13,CS,Junior,18
S00531,Student_531,2.93,AI,Sophomore,3
S00532,Student_532,3.48,Finance,Freshman,43
S00533,Student_533,2.77,IT,Junior,140
S00534,Student_534,3.15,Data Science,Senior,21
S00535,Student_535,3.19,Data Science,Sophomore,63
S00536,Student_536,3.1,Business,Senior,94
S00537,Student_537,2.44,Data Science,Senior,101
S00538,Student_538,3.02,Business,Senior,61
S00539,Student_539,3.95,CS,Junior,45
S00540,Student_540,3.34,Business,Freshman,79
S00541,Student_541,2.82,Data Science,Freshman,123
S00542,Student_542,2.8,Data Science,Freshman,68
S00543,Student_543,2.37,CS,Freshman,73
S00544,Student_544,1.64,SE,Junior,29
S00545,Student_545,3.11,AI,Sophomore,60
S00546,Student_546,3.91,SE,Junior,127
S00547,Student_547,2.64,CS,Freshman,55
S00548,Student_548,2.27,IT,Freshman,2
S00549,Student_549,2.11,SE,Sophomore,123
S00550,Student_550,1.73,IT,Senior,18
S00551,Student_551,3.28,AI,Junior,74
S00552,Student_552,3.02,IT,Senior,91
S00553,Student_553,2.58,CS,Sophomore,98
S00554,Student_554,2.12,IT,Sophomore,73
S00555,Student_555,2.33,Business,Junior,9
S00556,Student_556,2.06,Business,Junior,36
S00557,Student_557,3.26,Data Science,Junior,84
S00558,Student_558,1.63,Finance,Freshman,89
S00559,Student_559,3.93,Finance,Freshman,21
S00560,Student_560,1.88,Business,Freshman,117
S00561,Student_561,3.32,AI,Freshman,65
S00562,Student_562,3.9,IT,Senior,57
S00563,Student_563,1.57,Data Science,Freshman,121
S00564,Student_564,1.9,IT,Senior,66
S00565,Student_565,2.59,Finance,Junior,22
S00566,Student_566,2.06,Data Science,Senior,25
S00567,Student_567,2.67,Business,Sophomore,102
S00568,Student_568,3.66,AI,Sophomore,23
S00569,Student_569,1.67,AI,Freshman,136
S00570,Student_570,2.0,CS,Junior,52
S00571,Student_571,3.44,Data Science,Freshman,124
S00572,Student_572,3.45,AI,Sophomore,128
S00573,Student_573,2.02,SE,Senior,17
S00574,Student_574,2.88,CS,Sophomore,128
S00575,Student_575,3.04,IT,Sophomore,126
S00576,Student_576,2.41,Data Science,Senior,128
S00577,Student_577,2.84,SE,Junior,93
S00578,Student_578,1.66,IT,Junior,119
S00579,Student_579,3.79,AI,Sophomore,83
S00580,Student_580,2.18,Data Science,Senior,22
S00581,Student_581,3.62,Business,Freshman,122
S00582,Student_582,2.64,AI,Senior,3
S00583,Student_583,3.26,SE,Senior,109
S00584,Student_584,3.75,SE,Freshman,17
S00585,Student_585,2.36,CS,Freshman,60
S00586,Student_586,2.4,Finance,Freshman,69
S00587,Student_587,1.62,SE,Senior,126
S00588,Student_588,1.96,Business,Junior,79
S00589,Student_589,2.61,IT,Junior,40
S00590,Student_590,3.45,Data Science,Senior,83
S00591,Student_591,2.7,Business,Senior,104
S00592,Student_592,1.99,Business,Junior,72
S00593,Student_593,3.38,Data Science,Sophomore,12
S00594,Student_594,2.78,Finance,Senior,37
S00595,Student_595,2.67,Business,Senior,8
S00596,Student_596,3.0,CS,Sophomore,85
S00597,Student_597,3.55,Finance,Junior,48
S00598,Student_598,1.77,IT,Junior,97
S00599,Student_599,2.9,CS,Junior,89
S00600,Student_600,2.39,IT,Senior,25
S00601,Student_601,2.79,IT,Senior,14
S00602,Student_602,2.45,Finance,Sophomore,97
S00603,Student_603,1.76,CS,Senior,95
S00604,Student_604,2.96,IT,Junior,16
S00605,Student_605,1.55,Business,Junior,81
S00606,Student_606,3.74,CS,Junior,98
S00607,Student_607,2.92,Business,Senior,118
S00608,Student_608,2.86,AI,Senior,72
S00609,Student_609,2.96,IT,Senior,73
S00610,Student_610,2.01,Business,Freshman,78
S00611,Student_611,3.44,IT,Junior,105
S00612,Student_612,2.25,Business,Sophomore,37
S00613,Student_613,3.54,Business,Junior,102
S00614,Student_614,3.71,AI,Junior,59
S00615,Student_615,3.84,Data Science,Junior,46
S00616,Student_616,3.16,Data Science,Junior,68
S00617,Student_617,1.7,IT,Freshman,48
S00618,Student_618,3.0,Finance,Sophomore,72
S00619,Student_619,1.57,AI,Freshman,105
S00620,Student_620,2.85,AI,Sophomore,2
S00621,Student_621,2.74,AI,Junior,128
S00622,Student_622,1.91,SE,Freshman,128
S00623,Student_623,1.8,Business,Junior,48
S00624,Student_624,3.23,Finance,Senior,7
S00625,Student_625,3.99,Data Science,Junior,97
S00626,Student_626,2.37,AI,Sophomore,13
S00627,Student_627,2.8,IT,Sophomore,8
S00628,Student_628,2.86,SE,Sophomore,80
S00629,Student_629,2.82,SE,Senior,4
S00630,Student_630,1.53,AI,Senior,64
S00631,Student_631,2.56,CS,Senior,45
S00632,Student_632,2.15,IT,Sophomore,90
S00633,Student_633,1.93,Business,Freshman,3
S00634,Student_634,2.43,Business,Junior,126
S00635,Student_635,3.87,SE,Junior,33
S00636,Student_636,2.91,Data Science,Sophomore,106
S00637,Student_637,3.83,Business,Junior,128
S00638,Student_638,1.86,Business,Junior,60
S00639,Student_639,1.79,IT,Freshman,13
S00640,Student_640,3.52,AI,Sophomore,71
S00641,Student_641,3.46,AI,Senior,87
S00642,Student_642,1.74,AI,Sophomore,18
S00643,Student_643,3.26,Business,Freshman,91
S00644,Student_644,2.93,Business,Senior,55
S00645,Student_645,2.6,SE,Sophomore,124
S00646,Student_646,2.29,AI,Sophomore,27
S00647,Student_647,3.87,Data Science,Senior,89
S00648,Student_648,1.62,AI,Senior,72
S00649,Student_649,1.93,CS,Sophomore,92
S00650,Student_650,2.25,IT,Sophomore,13
S00651,Student_651,3.09,AI,Sophomore,2
S00652,Student_652,3.77,Business,Junior,40
S00653,Student_653,2.92,AI,Junior,103
S00654,Student_654,3.74,CS,Senior,109
S00655,Student_655,2.2,Business,Junior,72
S00656,Student_656,2.46,Business,Senior,11
S00657,Student_657,2.34,CS,Freshman,96
S00658,Student_658,2.05,Finance,Sophomore,98
S00659,Student_659,2.94,Business,Senior,55
S00660,Student_660,2.12,CS,Freshman,18
S00661,Student_661,2.13,Business,Sophomore,20
S00662,Student_662,2.46,AI,Junior,80
S00663,Student_663,2.82,AI,Sophomore,43
S00664,Student_664,2.44,Finance,Sophomore,68
S00665,Student_665,1.5,Business,Freshman,21
S00666,Student_666,3.23,Finance,Senior,32
S00667,Student_667,1.65,SE,Freshman,139
S00668,Student_668,3.33,AI,Senior,74
S00669,Student_669,2.53,Business,Sophomore,16
S00670,Student_670,2.55,Data Science,Senior,27
S00671,Student_671,1.65,IT,Junior,86
S00672,Student_672,2.43,Data Science,Freshman,127
S00673,Student_673,2.88,Data Science,Junior,81
S00674,Student_674,1.92,Data Science,Sophomore,33
S00675,Student_675,1.99,IT,Sophomore,121
S00676,Student_676,1.71,IT,Freshman,99
S00677,Student_677,3.5,AI,Junior,130
S00678,Student_678,3.41,SE,Junior,127
S00679,Student_679,2.32,IT,Senior,97
S00680,Student_680,1.89,SE,Sophomore,97
S00681,Student_681,2.25,Data Science,Junior,72
S00682,Student_682,3.34,SE,Junior,84
S00683,Student_683,3.18,Business,Senior,69
S00684,Student_684,2.28,AI,Sophomore,102
S00685,Student_685,3.55,Business,Senior,15
S00686,Student_686,3.66,IT,Sophomore,31
S00687,Student_687,2.9,Data Science,Junior,8
S00688,Student_688,3.11,CS,Junior,40
S00689,Student_689,3.77,IT,Freshman,37
S00690,Student_690,2.9,Data Science,Senior,135
S00691,Student_691,3.42,AI,Junior,56
S00692,Student_692,1.7,CS,Freshman,91
S00693,Student_693,3.29,Business,Senior,109
S00694,Student_694,3.81,SE,Sophomore,2
S00695,Student_695,3.28,CS,Junior,63
S00696,Student_696,2.13,Data Science,Junior,62
S00697,Student_697,3.36,AI,Junior,3
S00698,Student_698,1.97,CS,Sophomore,40
S00699,Student_699,2.6,SE,Senior,100
S00700,Student_700,2.71,AI,Senior,109
S00701,Student_701,2.48,SE,Sophomore,27
S00702,Student_702,3.84,AI,Freshman,57
S00703,Student_703,3.78,IT,Freshman,126
S00704,Student_704,2.81,CS,Junior,105
S00705,Student_705,2.49,AI,Sophomore,55
S00706,Student_706,3.37,Business,Junior,71
S00707,Student_707,3.86,Data Science,Junior,102
S00708,Student_708,2.59,Data Science,Junior,69
S00709,Student_709,2.29,IT,Junior,48
S00710,Student_710,2.39,Finance,Sophomore,80
S00711,Student_711,2.83,CS,Junior,13
S00712,Student_712,3.45,SE,Senior,79
S00713,Student_713,3.73,IT,Sophomore,24
S00714,Student_714,2.76,Data Science,Sophomore,70
S00715,Student_715,3.19,Finance,Freshman,113
S00716,Student_716,3.54,IT,Senior,11
S00717,Student_717,2.77,CS,Freshman,102
S00718,Student_718,2.53,CS,Sophomore,117
S00719,Student_719,3.2,CS,Sophomore,42
S00720,Student_720,3.94,IT,Senior,119
S00721,Student_721,3.13,Data Science,Junior,43
S00722,Student_722,1.64,Finance,Freshman,78
S00723,Student_723,1.85,IT,Senior,38
S00724,Student_724,1.78,Data Science,Freshman,45
S00725,Student_725,3.8,AI,Senior,124
S00726,Student_726,3.96,CS,Senior,119
S00727,Student_727,2.28,AI,Junior,45
S00728,Student_728,3.5,AI,Sophomore,83
S00729,Student_729,1.78,SE,Junior,101
S00730,Student_730,2.18,IT,Sophomore,70
S00731,Student_731,2.29,Data Science,Senior,68
S00732,Student_732,2.61,SE,Senior,57
S00733,Student_733,4.0,SE,Junior,75
S00734,Student_734,1.93,AI,Freshman,135
S00735,Student_735,2.27,IT,Freshman,108
S00736,Student_736,2.31,Data Science,Junior,3
S00737,Student_737,1.82,CS,Freshman,13
S00738,Student_738,1.87,Data Science,Junior,108
S00739,Student_739,2.2,IT,Junior,22
S00740,Student_740,3.62,SE,Freshman,122
S00741,Student_741,2.23,CS,Freshman,21
S00742,Student_742,2.15,AI,Senior,132
S00743,Student_743,2.76,IT,Freshman,108
S00744,Student_744,3.29,AI,Sophomore,60
S00745,Student_745,3.9,Data Science,Senior,112
S00746,Student_746,2.94,IT,Sophomore,20
S00747,Student_747,3.6,Business,Sophomore,22
S00748,Student_748,3.65,Data Science,Senior,77
S00749,Student_749,2.56,IT,Junior,50
S00750,Student_750,2.21,IT,Junior,7
S00751,Student_751,1.59,Finance,Senior,78
S00752,Student_752,3.71,AI,Junior,92
S00753,Student_753,2.17,Business,Junior,3
S00754,Student_754,1.54,IT,Senior,38
S00755,Student_755,2.71,SE,Sophomore,76
S00756,Student_756,3.34,CS,Senior,84
S00757,Student_757,2.93,Data Science,Sophomore,37
S00758,Student_758,2.74,IT,Sophomore,139
S00759,Student_759,2.53,IT,Senior,22
S00760,Student_760,3.88,AI,Freshman,119
S00761,Student_761,3.84,IT,Sophomore,37
S00762,Student_762,3.04,IT,Senior,104
S00763,Student_763,3.48,Data Science,Junior,140
S00764,Student_764,2.02,IT,Sophomore,103
S00765,Student_765,1.9,Finance,Senior,52
S00766,Student_766,3.11,Data Science,Junior,96
S00767,Student_767,1.62,Business,Senior,119
S00768,Student_768,3.66,Finance,Sophomore,102
S00769,Student_769,3.27,IT,Senior,45
S00770,Student_770,2.8,Finance,Freshman,62
S00771,Student_771,1.69,CS,Sophomore,8
S00772,Student_772,2.09,AI,Senior,6
S00773,Student_773,2.71,Finance,Junior,1
S00774,Student_774,1.56,CS,Sophomore,63
S00775,Student_775,1.62,IT,Senior,77
S00776,Student_776,3.21,CS,Sophomore,65
S00777,Student_777,2.52,CS,Junior,110
S00778,Student_778,1.51,SE,Senior,8
S00779,Student_779,2.56,AI,Sophomore,12
S00780,Student_780,3.78,Business,Senior,41
S00781,Student_781,2.97,SE,Freshman,126
S00782,Student_782,3.64,Finance,Junior,54
S00783,Student_783,3.35,IT,Freshman,16
S00784,Student_784,3.59,Data Science,Sophomore,126
S00785,Student_785,3.79,Data Science,Senior,110
S00786,Student_786,3.29,AI,Sophomore,128
S00787,Student_787,2.16,SE,Freshman,55
S00788,Student_788,2.77,Finance,Senior,7
S00789,Student_789,2.92,IT,Freshman,71
S00790,Student_790,2.6,Data Science,Senior,73
S00791,Student_791,3.15,Business,Junior,67
S00792,Student_792,3.02,Data Science,Senior,132
S00793,Student_793,2.4,Business,Senior,97
S00794,Student_794,3.39,Business,Senior,47
S00795,Student_795,3.05,CS,Freshman,82
S00796,Student_796,1.78,SE,Junior,66
S00797,Student_797,3.15,IT,Junior,138
S00798,Student_798,3.45,Data Science,Sophomore,139
S00799,Student_799,3.57,AI,Freshman,100
S00800,Student_800,2.87,Data Science,Junior,8
S00801,Student_801,2.15,Data Science,Freshman,92
S00802,Student_802,3.95,Data Science,Junior,41
S00803,Student_803,1.81,AI,Junior,93
S00804,Student_804,2.6,CS,Sophomore,85
S00805,Student_805,2.78,Business,Junior,102
S00806,Student_806,1.6,SE,Sophomore,74
S00807,Student_807,3.54,SE,Freshman,92
S00808,Student_808,3.81,Business,Senior,93
S00809,Student_809,2.53,AI,Sophomore,36
S00810,Student_810,2.03,AI,Senior,62
S00811,Student_811,3.37,CS,Sophomore,114
S00812,Student_812,2.35,Data Science,Sophomore,75
S00813,Student_813,1.65,Business,Sophomore,98
S00814,Student_814,1.61,AI,Senior,17
S00815,Student_815,1.59,Finance,Junior,1
S00816,Student_816,3.62,SE,Sophomore,39
S00817,Student_817,1.75,Data Science,Freshman,14
S00818,Student_818,3.24,Finance,Senior,58
S00819,Student_819,1.95,AI,Freshman,88
S00820,Student_820,2.53,Business,Senior,36
S00821,Student_821,2.46,AI,Freshman,27
S00822,Student_822,3.65,Finance,Freshman,89
S00823,Student_823,2.22,AI,Senior,18
S00824,Student_824,3.2,Business,Junior,27
S00825,Student_825,3.73,SE,Freshman,98
S00826,Student_826,1.83,IT,Sophomore,118
S00827,Student_827,3.35,IT,Junior,95
S00828,Student_828,3.65,Data Science,Junior,138
S00829,Student_829,2.19,Finance,Freshman,139
S00830,Student_830,2.08,Business,Sophomore,8
S00831,Student_831,2.51,IT,Freshman,132
S00832,Student_832,3.47,Data Science,Senior,60
S00833,Student_833,3.54,SE,Senior,140
S00834,Student_834,1.71,Business,Sophomore,68
S00835,Student_835,1.58,Business,Sophomore,7
S00836,Student_836,3.84,Finance,Junior,67
S00837,Student_837,3.33,Finance,Sophomore,131
S00838,Student_838,3.58,IT,Senior,4
S00839,Student_839,2.92,AI,Junior,117
S00840,Student_840,2.8,CS,Freshman,118
S00841,Student_841,3.8,CS,Junior,130
S00842,Student_842,1.55,AI,Junior,80
S00843,Student_843,3.03,Data Science,Junior,22
S00844,Student_844,2.8,AI,Senior,83
S00845,Student_845,3.14,Finance,Senior,57
S00846,Student_846,2.89,Business,Sophomore,109
S00847,Student_847,1.75,AI,Junior,73
S00848,Student_848,2.35,AI,Junior,139
S00849,Student_849,3.18,AI,Freshman,74
S00850,Student_850,2.68,AI,Senior,44
S00851,Student_851,2.53,Finance,Junior,125
S00852,Student_852,1.7,IT,Junior,22
S00853,Student_853,2.27,Finance,Sophomore,134
S00854,Student_854,2.39,Finance,Senior,71
S00855,Student_855,3.99,SE,Senior,86
S00856,Student_856,1.81,Business,Sophomore,63
S00857,Student_857,1.9,AI,Freshman,53
S00858,Student_858,3.77,IT,Junior,57
S00859,Student_859,2.9,AI,Sophomore,80
S00860,Student_860,2.84,Business,Freshman,14
S00861,Student_861,3.51,IT,Sophomore,135
S00862,Student_862,3.36,Finance,Freshman,51
S00863,Student_863,3.69,Data Science,Sophomore,20
S00864,Student_864,2.54,Data Science,Freshman,137
S00865,Student_865,2.1,CS,Junior,70
S00866,Student_866,3.17,Finance,Freshman,1
S00867,Student_867,3.93,CS,Senior,55
S00868,Student_868,3.49,Data Science,Freshman,102
S00869,Student_869,1.63,AI,Senior,41
S00870,Student_870,1.64,Business,Freshman,100
S00871,Student_871,3.06,CS,Junior,69
S00872,Student_872,2.59,Business,Junior,119
S00873,Student_873,1.79,IT,Freshman,4
S00874,Student_874,2.96,CS,Sophomore,0
S00875,Student_875,2.36,AI,Sophomore,131
S00876,Student_876,1.68,CS,Freshman,67
S00877,Student_877,3.52,SE,Senior,139
S00878,Student_878,3.24,CS,Sophomore,115
S00879,Student_879,1.57,SE,Senior,9
S00880,Student_880,2.07,Data Science,Junior,32
S00881,Student_881,2.36,AI,Junior,118
S00882,Student_882,3.41,SE,Freshman,12
S00883,Student_883,2.49,Finance,Sophomore,91
S00884,Student_884,2.09,IT,Freshman,133
S00885,Student_885,2.04,Finance,Junior,101
S00886,Student_886,3.82,Finance,Junior,99
S00887,Student_887,2.78,AI,Freshman,32
S00888,Student_888,2.28,SE,Freshman,122
S00889,Student_889,2.09,SE,Freshman,13
S00890,Student_890,1.94,Finance,Freshman,9
S00891,Student_891,3.6,Business,Freshman,122
S00892,Student_892,1.99,Finance,Senior,42
S00893,Student_893,3.29,CS,Junior,44
S00894,Student_894,3.02,Business,Senior,54
S00895,Student_895,1.76,Data Science,Senior,138
S00896,Student_896,3.45,CS,Freshman,126
S00897,Student_897,3.06,SE,Sophomore,79
S00898,Student_898,2.67,IT,Junior,19
S00899,Student_899,1.87,IT,Senior,97
S00900,Student_900,3.83,SE,Sophomore,68
S00901,Student_901,3.46,Finance,Freshman,56
S00902,Student_902,2.17,Business,Senior,71
S00903,Student_903,2.72,SE,Senior,52
S00904,Student_904,3.39,CS,Sophomore,112
S00905,Student_905,1.67,IT,Sophomore,85
S00906,Student_906,3.19,Finance,Junior,26
S00907,Student_907,1.55,IT,Sophomore,9
S00908,Student_908,2.1,Business,Sophomore,131
S00909,Student_909,1.54,AI,Senior,121
S00910,Student_910,3.88,AI,Sophomore,118
S00911,Student_911,3.52,Business,Senior,33
S00912,Student_912,2.09,SE,Senior,111
S00913,Student_913,3.31,Finance,Junior,126
S00914,Student_914,2.11,Finance,Junior,41
S00915,Student_915,3.42,SE,Senior,24
S00916,Student_916,1.73,Finance,Freshman,50
S00917,Student_917,1.58,Business,Senior,3
S00918,Student_918,3.33,Data Science,Junior,77
S00919,Student_919,1.77,AI,Sophomore,13
S00920,Student_920,3.75,Business,Sophomore,71
S00921,Student_921,3.36,Data Science,Junior,6
S00922,Student_922,3.1,CS,Freshman,137
S00923,Student_923,2.78,Finance,Sophomore,70
S00924,Student_924,1.53,CS,Freshman,88
S00925,Student_925,3.28,Business,Sophomore,94
S00926,Student_926,3.69,Business,Sophomore,123
S00927,Student_927,2.15,CS,Freshman,109
S00928,Student_928,3.25,Data Science,Freshman,135
S00929,Student_929,1.5,Data Science,Junior,52
S00930,Student_930,3.85,Finance,Junior,20
S00931,Student_931,3.24,Business,Freshman,36
S00932,Student_932,2.35,IT,Senior,42
S00933,Student_933,3.72,Data Science,Senior,2
S00934,Student_934,3.43,CS,Freshman,120
S00935,Student_935,2.92,SE,Freshman,84
S00936,Student_936,3.36,Finance,Junior,93
S00937,Student_937,3.37,Finance,Sophomore,24
S00938,Student_938,2.64,CS,Junior,51
S00939,Student_939,3.64,IT,Senior,74
S00940,Student_940,1.68,Finance,Senior,122
S00941,Student_941,2.03,Finance,Sophomore,125
S00942,Student_942,2.39,CS,Junior,36
S00943,Student_943,2.27,Data Science,Junior,23
S00944,Student_944,2.17,Data Science,Sophomore,111
S00945,Student_945,3.76,Data Science,Freshman,35
S00946,Student_946,3.42,AI,Sophomore,103
S00947,Student_947,1.67,Business,Senior,93
S00948,Student_948,3.35,CS,Freshman,122
S00949,Student_949,3.29,AI,Freshman,30
S00950,Student_950,2.86,AI,Freshman,23
S00951,Student_951,2.2,CS,Sophomore,37
S00952,Student_952,3.9,Business,Senior,13
S00953,Student_953,1.53,IT,Junior,50
S00954,Student_954,2.16,IT,Freshman,103
S00955,Student_955,1.59,SE,Senior,135
S00956,Student_956,2.68,IT,Senior,8
S00957,Student_957,1.66,IT,Senior,3
S00958,Student_958,3.41,Finance,Sophomore,47
S00959,Student_959,2.81,Data Science,Freshman,39
S00960,Student_960,3.65,Finance,Freshman,12
S00961,Student_961,3.52,Finance,Senior,139
S00962,Student_962,2.1,CS,Senior,30
S00963,Student_963,2.51,Data Science,Freshman,60
S00964,Student_964,1.62,Data Science,Freshman,126
S00965,Student_965,2.01,Business,Sophomore,2
S00966,Student_966,3.05,AI,Sophomore,23
S00967,Student_967,3.43,Data Science,Senior,31
S00968,Student_968,3.28,Business,Junior,1
S00969,Student_969,2.74,AI,Senior,59
S00970,Student_970,3.11,IT,Sophomore,51
S00971,Student_971,2.81,IT,Freshman,134
S00972,Student_972,1.89,Finance,Junior,69
S00973,Student_973,2.05,AI,Senior,78
S00974,Student_974,3.54,SE,Junior,138
S00975,Student_975,2.45,Business,Sophomore,127
S00976,Student_976,2.59,Finance,Senior,91
S00977,Student_977,2.01,Business,Junior,42
S00978,Student_978,3.08,Data Science,Sophomore,89
S00979,Student_979,3.34,Data Science,Sophomore,104
S00980,Student_980,2.85,CS,Senior,102
S00981,Student_981,1.76,Finance,Junior,59
S00982,Student_982,2.27,CS,Senior,39
S00983,Student_983,2.7,IT,Senior,90
S00984,Student_984,1.84,Data Science,Junior,88
S00985,Student_985,3.54,AI,Sophomore,52
S00986,Student_986,3.1,CS,Senior,59
S00987,Student_987,2.28,CS,Sophomore,18
S00988,Student_988,3.3,SE,Junior,33
S00989,Student_989,2.04,CS,Junior,110
S00990,Student_990,3.76,CS,Senior,71
S00991,Student_991,1.73,Data Science,Senior,51
S00992,Student_992,2.83,CS,Senior,11
S00993,Student_993,3.73,Business,Sophomore,105
S00994,Student_994,3.27,Business,Freshman,4
S00995,Student_995,3.6,Data Science,Sophomore,62
S00996,Student_996,3.79,Business,Senior,56
S00997,Student_997,3.33,SE,Sophomore,116
S00998,Student_998,3.81,SE,Senior,105
S00999,Student_999,2.31,AI,Senior,79
S01000,Student_1000,3.81,Data Science,Senior,21
S01001,Student_1001,3.92,IT,Sophomore,22
S01002,Student_1002,3.07,Data Science,Sophomore,109
S01003,Student_1003,3.88,Business,Senior,106
S01004,Student_1004,1.88,SE,Sophomore,9
S01005,Student_1005,2.6,IT,Sophomore,66
S01006,Student_1006,3.14,AI,Senior,89
S01007,Student_1007,3.03,SE,Sophomore,86
S01008,Student_1008,2.69,CS,Sophomore,73
S01009,Student_1009,3.22,CS,Sophomore,64
S01010,Student_1010,3.01,SE,Freshman,15
S01011,Student_1011,2.51,Data Science,Sophomore,12
S01012,Student_1012,2.08,CS,Freshman,87
S01013,Student_1013,2.76,CS,Senior,43
S01014,Student_1014,2.69,IT,Senior,106
S01015,Student_1015,2.71,SE,Junior,90
S01016,Student_1016,2.23,CS,Freshman,104
S01017,Student_1017,1.74,Finance,Freshman,46
S01018,Student_1018,3.11,Finance,Sophomore,67
S01019,Student_1019,3.49,Business,Freshman,62
S01020,Student_1020,3.06,Finance,Sophomore,55
S01021,Student_1021,2.35,IT,Freshman,96
S01022,Student_1022,3.25,Data Science,Senior,100
S01023,Student_1023,3.92,Business,Senior,72
S01024,Student_1024,2.95,Data Science,Senior,108
S01025,Student_1025,2.1,Data Science,Sophomore,25
S01026,Student_1026,2.55,Data Science,Senior,46
S01027,Student_1027,2.27,SE,Freshman,74
S01028,Student_1028,2.08,CS,Junior,7
S01029,Student_1029,1.78,SE,Freshman,106
S01030,Student_1030,3.14,IT,Freshman,66
S01031,Student_1031,3.13,SE,Junior,15
S01032,Student_1032,2.55,AI,Senior,97
S01033,Student_1033,1.95,AI,Sophomore,108
S01034,Student_1034,1.64,IT,Senior,118
S01035,Student_1035,3.03,SE,Senior,71
S01036,Student_1036,2.94,CS,Freshman,18
S01037,Student_1037,2.48,CS,Freshman,92
S01038,Student_1038,1.81,IT,Freshman,45
S01039,Student_1039,1.63,IT,Freshman,7
S01040,Student_1040,1.85,Data Science,Sophomore,1
S01041,Student_1041,3.98,SE,Sophomore,94
S01042,Student_1042,2.37,Finance,Freshman,48
S01043,Student_1043,2.73,IT,Junior,27
S01044,Student_1044,3.81,AI,Sophomore,22
S01045,Student_1045,3.65,CS,Senior,100
S01046,Student_1046,2.69,AI,Freshman,125
S01047,Student_1047,3.89,Finance,Sophomore,114
S01048,Student_1048,3.65,CS,Freshman,43
S01049,Student_1049,2.21,IT,Freshman,82
S01050,Student_1050,1.86,AI,Sophomore,2
S01051,Student_1051,2.15,SE,Senior,11
S01052,Student_1052,3.53,Data Science,Senior,67
S01053,Student_1053,3.43,AI,Freshman,53
S01054,Student_1054,1.75,Data Science,Sophomore,77
S01055,Student_1055,3.46,Business,Sophomore,42
S01056,Student_1056,3.85,SE,Sophomore,127
S01057,Student_1057,1.96,SE,Junior,47
S01058,Student_1058,3.51,IT,Junior,104
S01059,Student_1059,3.69,Data Science,Freshman,38
S01060,Student_1060,1.54,Business,Junior,60
S01061,Student_1061,3.31,SE,Senior,33
S01062,Student_1062,2.03,IT,Sophomore,122
S01063,Student_1063,2.16,SE,Sophomore,140
S01064,Student_1064,3.47,IT,Senior,127
S01065,Student_1065,2.88,Business,Freshman,41
S01066,Student_1066,3.09,CS,Senior,35
S01067,Student_1067,1.91,IT,Sophomore,35
S01068,Student_1068,2.3,IT,Junior,103
S01069,Student_1069,3.14,Business,Sophomore,2
S01070,Student_1070,3.32,IT,Sophomore,124
S01071,Student_1071,3.43,Data Science,Freshman,93
S01072,Student_1072,1.53,Data Science,Senior,62
S01073,Student_1073,3.81,AI,Junior,17
S01074,Student_1074,3.56,AI,Sophomore,132
S01075,Student_1075,2.3,CS,Junior,77
S01076,Student_1076,4.0,SE,Junior,22
S01077,Student_1077,3.47,Data Science,Sophomore,110
S01078,Student_1078,3.66,SE,Sophomore,137
S01079,Student_1079,2.34,IT,Senior,23
S01080,Student_1080,1.84,AI,Senior,0
S01081,Student_1081,1.96,SE,Freshman,52
S01082,Student_1082,3.04,SE,Junior,60
S01083,Student_1083,2.77,CS,Junior,72
S01084,Student_1084,1.54,Finance,Senior,50
S01085,Student_1085,2.18,IT,Senior,130
S01086,Student_1086,3.0,Business,Sophomore,93
S01087,Student_1087,1.8,AI,Senior,68
S01088,Student_1088,1.95,SE,Junior,34
S01089,Student_1089,2.42,AI,Senior,65
S01090,Student_1090,3.24,Business,Freshman,0
S01091,Student_1091,1.95,Finance,Sophomore,65
S01092,Student_1092,3.66,Data Science,Junior,139
S01093,Student_1093,3.1,AI,Senior,9
S01094,Student_1094,2.11,SE,Sophomore,93
S01095,Student_1095,3.37,CS,Junior,34
S01096,Student_1096,3.72,Finance,Junior,26
S01097,Student_1097,1.64,Business,Junior,3
S01098,Student_1098,2.73,AI,Freshman,41
S01099,Student_1099,1.83,SE,Senior,44
S01100,Student_1100,2.47,CS,Junior,70
S01101,Student_1101,3.54,Finance,Senior,102
S01102,Student_1102,2.0,IT,Senior,111
S01103,Student_1103,1.52,IT,Senior,86
S01104,Student_1104,1.92,Business,Freshman,45
S01105,Student_1105,2.44,SE,Sophomore,0
S01106,Student_1106,1.89,Data Science,Freshman,87
S01107,Student_1107,2.27,Business,Senior,33
S01108,Student_1108,4.0,IT,Senior,67
S01109,Student_1109,2.55,Finance,Junior,69
S01110,Student_1110,3.81,Data Science,Freshman,77
S01111,Student_1111,3.24,AI,Freshman,114
S01112,Student_1112,2.69,Finance,Junior,36
S01113,Student_1113,1.98,SE,Sophomore,135
S01114,Student_1114,2.06,Finance,Senior,119
S01115,Student_1115,3.89,SE,Sophomore,16
S01116,Student_1116,3.96,IT,Sophomore,42
S01117,Student_1117,2.32,AI,Junior,32
S01118,Student_1118,3.74,Data Science,Senior,111
S01119,Student_1119,2.88,CS,Junior,44
S01120,Student_1120,2.79,SE,Freshman,56
S01121,Student_1121,2.18,Data Science,Freshman,102
S01122,Student_1122,3.33,AI,Freshman,16
S01123,Student_1123,1.91,SE,Senior,11
S01124,Student_1124,3.44,CS,Sophomore,95
S01125,Student_1125,3.44,Business,Freshman,108
S01126,Student_1126,3.5,Business,Freshman,127
S01127,Student_1127,2.65,Data Science,Senior,138
S01128,Student_1128,2.06,Finance,Junior,131
S01129,Student_1129,3.31,SE,Sophomore,134
S01130,Student_1130,3.11,CS,Freshman,25
S01131,Student_1131,3.79,Finance,Freshman,119
S01132,Student_1132,3.21,Business,Freshman,28
S01133,Student_1133,1.64,Finance,Freshman,115
S01134,Student_1134,2.34,CS,Junior,29
S01135,Student_1135,1.55,SE,Freshman,135
S01136,Student_1136,3.44,CS,Freshman,26
S01137,Student_1137,2.46,Business,Senior,116
S01138,Student_1138,3.86,Data Science,Junior,107
S01139,Student_1139,3.0,CS,Junior,125
S01140,Student_1140,3.07,CS,Junior,97
S01141,Student_1141,2.81,SE,Sophomore,82
S01142,Student_1142,2.77,Data Science,Senior,38
S01143,Student_1143,3.82,SE,Freshman,68
S01144,Student_1144,1.83,Data Science,Freshman,84
S01145,Student_1145,3.33,AI,Freshman,38
S01146,Student_1146,3.65,Finance,Sophomore,102
S01147,Student_1147,2.79,Data Science,Senior,137
S01148,Student_1148,1.94,AI,Freshman,34
S01149,Student_1149,2.15,IT,Freshman,29
S01150,Student_1150,1.76,Data Science,Sophomore,103
S01151,Student_1151,2.99,IT,Junior,136
S01152,Student_1152,3.89,Finance,Senior,12
S01153,Student_1153,1.65,Data Science,Sophomore,93
S01154,Student_1154,3.5,SE,Freshman,50
S01155,Student_1155,3.4,Business,Sophomore,26
S01156,Student_1156,3.98,IT,Freshman,102
S01157,Student_1157,2.36,CS,Freshman,54
S01158,Student_1158,1.85,AI,Junior,64
S01159,Student_1159,2.93,Finance,Junior,26
S01160,Student_1160,3.87,Finance,Junior,18
S01161,Student_1161,2.66,AI,Senior,99
S01162,Student_1162,2.31,Business,Sophomore,9
S01163,Student_1163,3.75,IT,Senior,7
S01164,Student_1164,2.01,Data Science,Sophomore,33
S01165,Student_1165,2.88,SE,Freshman,4
S01166,Student_1166,2.39,AI,Sophomore,87
S01167,Student_1167,2.62,AI,Freshman,66
S01168,Student_1168,3.16,SE,Junior,2
S01169,Student_1169,2.94,AI,Sophomore,112
S01170,Student_1170,2.93,Data Science,Freshman,26
S01171,Student_1171,2.77,CS,Junior,133
S01172,Student_1172,3.43,CS,Freshman,98
S01173,Student_1173,3.86,IT,Sophomore,14
S01174,Student_1174,1.9,IT,Freshman,19
S01175,Student_1175,3.56,Business,Sophomore,56
S01176,Student_1176,3.41,SE,Freshman,57
S01177,Student_1177,3.13,Business,Junior,119
S01178,Student_1178,2.27,Business,Freshman,108
S01179,Student_1179,3.92,Finance,Sophomore,93
S01180,Student_1180,3.5,Business,Sophomore,30
S01181,Student_1181,2.96,SE,Freshman,86
S01182,Student_1182,3.98,CS,Sophomore,82
S01183,Student_1183,2.34,Finance,Senior,109
S01184,Student_1184,3.97,Data Science,Freshman,82
S01185,Student_1185,1.95,Business,Junior,140
S01186,Student_1186,2.34,AI,Junior,65
S01187,Student_1187,3.86,AI,Freshman,108
S01188,Student_1188,3.62,Data Science,Sophomore,100
S01189,Student_1189,3.81,IT,Junior,43
S01190,Student_1190,2.9,CS,Junior,89
S01191,Student_1191,2.5,Business,Sophomore,39
S01192,Student_1192,3.66,Finance,Freshman,24
S01193,Student_1193,2.6,AI,Senior,102
S01194,Student_1194,2.04,SE,Junior,86
S01195,Student_1195,2.72,CS,Sophomore,87
S01196,Student_1196,3.28,CS,Senior,23
S01197,Student_1197,1.85,SE,Sophomore,139
S01198,Student_1198,2.22,Business,Junior,19
S01199,Student_1199,1.58,SE,Freshman,131
S01200,Student_1200,2.7,Finance,Sophomore,137
S01201,Student_1201,3.72,IT,Freshman,72
S01202,Student_1202,3.31,CS,Senior,18
S01203,Student_1203,3.39,Finance,Freshman,64
S01204,Student_1204,2.51,Business,Freshman,135
S01205,Student_1205,3.52,SE,Sophomore,89
S01206,Student_1206,2.02,Data Science,Junior,71
S01207,Student_1207,2.32,Data Science,Sophomore,45
S01208,Student_1208,3.06,Data Science,Senior,56
S01209,Student_1209,1.7,AI,Sophomore,122
S01210,Student_1210,2.81,Finance,Sophomore,26
S01211,Student_1211,2.29,Data Science,Senior,36
S01212,Student_1212,2.05,Finance,Senior,38
S01213,Student_1213,2.05,Data Science,Junior,111
S01214,Student_1214,1.55,Data Science,Freshman,94
S01215,Student_1215,2.07,Data Science,Junior,114
S01216,Student_1216,3.55,CS,Freshman,98
S01217,Student_1217,3.98,AI,Freshman,61
S01218,Student_1218,1.89,CS,Sophomore,93
S01219,Student_1219,2.52,SE,Junior,119
S01220,Student_1220,3.39,CS,Senior,120
S01221,Student_1221,1.89,Business,Sophomore,20
S01222,Student_1222,1.64,Data Science,Senior,61
S01223,Student_1223,3.82,IT,Freshman,82
S01224,Student_1224,2.9,Finance,Sophomore,19
S01225,Student_1225,1.52,Data Science,Senior,15
S01226,Student_1226,3.5,SE,Freshman,26
S01227,Student_1227,2.3,CS,Senior,132
S01228,Student_1228,1.58,IT,Sophomore,9
S01229,Student_1229,3.49,Finance,Junior,95
S01230,Student_1230,2.93,Finance,Senior,36
S01231,Student_1231,3.48,Finance,Junior,2
S01232,Student_1232,2.0,Business,Senior,76
S01233,Student_1233,1.7,Data Science,Senior,66
S01234,Student_1234,3.53,Business,Freshman,74
S01235,Student_1235,3.48,SE,Senior,140
S01236,Student_1236,2.04,IT,Junior,67
S01237,Student_1237,2.37,AI,Freshman,14
S01238,Student_1238,2.94,Finance,Senior,22
S01239,Student_1239,2.27,Business,Junior,3
S01240,Student_1240,2.21,IT,Freshman,113
S01241,Student_1241,3.94,Business,Freshman,33
S01242,Student_1242,1.55,IT,Junior,138
S01243,Student_1243,3.54,CS,Junior,52
S01244,Student_1244,3.82,IT,Senior,90
S01245,Student_1245,3.7,Business,Freshman,25
S01246,Student_1246,3.81,Finance,Senior,94
S01247,Student_1247,2.13,SE,Junior,21
S01248,Student_1248,3.95,AI,Freshman,101
S01249,Student_1249,3.67,Finance,Junior,73
S01250,Student_1250,3.36,Finance,Junior,103
S01251,Student_1251,2.87,AI,Senior,56
S01252,Student_1252,2.03,SE,Sophomore,13
S01253,Student_1253,3.35,Data Science,Junior,79
S01254,Student_1254,3.67,IT,Junior,125
S01255,Student_1255,2.77,Finance,Senior,136
S01256,Student_1256,2.83,CS,Senior,2
S01257,Student_1257,2.64,IT,Freshman,27
S01258,Student_1258,2.36,AI,Freshman,91
S01259,Student_1259,1.59,Business,Junior,23
S01260,Student_1260,3.26,SE,Sophomore,61
S01261,Student_1261,2.4,IT,Freshman,109
S01262,Student_1262,3.85,Business,Sophomore,1
S01263,Student_1263,1.62,SE,Freshman,117
S01264,Student_1264,3.23,Data Science,Junior,9
S01265,Student_1265,3.09,SE,Freshman,132
S01266,Student_1266,3.37,Data Science,Sophomore,23
S01267,Student_1267,3.75,AI,Senior,125
S01268,Student_1268,2.78,Business,Senior,65
S01269,Student_1269,3.45,SE,Sophomore,1
S01270,Student_1270,2.61,Finance,Junior,0
S01271,Student_1271,3.64,CS,Junior,139
S01272,Student_1272,2.2,IT,Sophomore,124
S01273,Student_1273,2.08,SE,Senior,60
S01274,Student_1274,3.94,SE,Sophomore,90
S01275,Student_1275,2.7,Data Science,Freshman,81
S01276,Student_1276,3.76,SE,Sophomore,82
S01277,Student_1277,2.01,Business,Sophomore,31
S01278,Student_1278,2.98,SE,Freshman,78
S01279,Student_1279,2.34,Finance,Senior,80
S01280,Student_1280,3.76,SE,Senior,88
S01281,Student_1281,2.32,AI,Senior,77
S01282,Student_1282,2.85,CS,Sophomore,18
S01283,Student_1283,3.27,Business,Sophomore,108
S01284,Student_1284,3.73,Business,Sophomore,138
S01285,Student_1285,2.13,Finance,Junior,117
S01286,Student_1286,1.59,Finance,Freshman,87
S01287,Student_1287,1.82,CS,Sophomore,81
S01288,Student_1288,3.94,Business,Junior,138
S01289,Student_1289,3.25,Finance,Freshman,8
S01290,Student_1290,2.43,Data Science,Senior,127
S01291,Student_1291,3.45,Data Science,Freshman,31
S01292,Student_1292,2.79,Data Science,Junior,112
S01293,Student_1293,1.86,IT,Freshman,118
S01294,Student_1294,2.46,Business,Freshman,37
S01295,Student_1295,2.96,IT,Junior,48
S01296,Student_1296,1.73,Finance,Sophomore,68
S01297,Student_1297,2.52,Business,Senior,29
S01298,Student_1298,2.7,SE,Sophomore,83
S01299,Student_1299,1.73,Finance,Junior,28
S01300,Student_1300,3.81,CS,Senior,82
S01301,Student_1301,1.94,Data Science,Senior,54
S01302,Student_1302,3.3,AI,Junior,72
S01303,Student_1303,3.02,AI,Sophomore,131
S01304,Student_1304,3.37,Data Science,Sophomore,72
S01305,Student_1305,2.02,Business,Freshman,128
S01306,Student_1306,2.13,AI,Sophomore,78
S01307,Student_1307,2.37,SE,Freshman,130
S01308,Student_1308,1.79,Business,Freshman,50
S01309,Student_1309,3.01,AI,Sophomore,7
S01310,Student_1310,2.53,IT,Freshman,81
S01311,Student_1311,3.71,CS,Junior,93
S01312,Student_1312,3.78,AI,Sophomore,19
S01313,Student_1313,3.9,CS,Senior,50
S01314,Student_1314,1.96,SE,Freshman,34
S01315,Student_1315,3.34,CS,Freshman,48
S01316,Student_1316,3.78,IT,Junior,90
S01317,Student_1317,3.23,CS,Junior,109
S01318,Student_1318,3.71,AI,Senior,11
S01319,Student_1319,3.22,Finance,Junior,70
S01320,Student_1320,2.13,AI,Sophomore,22
S01321,Student_1321,3.3,CS,Sophomore,0
S01322,Student_1322,3.11,AI,Senior,28
S01323,Student_1323,3.05,CS,Junior,93
S01324,Student_1324,3.48,Data Science,Junior,71
S01325,Student_1325,1.74,Business,Sophomore,42
S01326,Student_1326,1.96,IT,Senior,103
S01327,Student_1327,1.8,AI,Junior,12
S01328,Student_1328,2.26,CS,Sophomore,74
S01329,Student_1329,3.18,SE,Sophomore,90
S01330,Student_1330,1.81,CS,Senior,34
S01331,Student_1331,2.97,Finance,Sophomore,68
S01332,Student_1332,1.55,Data Science,Freshman,120
S01333,Student_1333,2.43,Business,Freshman,103
S01334,Student_1334,2.64,IT,Sophomore,78
S01335,Student_1335,1.65,Business,Sophomore,11
S01336,Student_1336,3.59,AI,Senior,65
S01337,Student_1337,2.86,SE,Senior,72
S01338,Student_1338,2.94,Business,Junior,133
S01339,Student_1339,3.72,CS,Senior,85
S01340,Student_1340,2.52,IT,Freshman,123
S01341,Student_1341,3.38,Data Science,Sophomore,45
S01342,Student_1342,3.3,CS,Sophomore,17
S01343,Student_1343,2.9,Finance,Sophomore,32
S01344,Student_1344,2.72,SE,Junior,11
S01345,Student_1345,3.32,Finance,Freshman,83
S01346,Student_1346,3.02,Data Science,Freshman,61
S01347,Student_1347,2.3,Data Science,Junior,52
S01348,Student_1348,3.04,SE,Freshman,49
S01349,Student_1349,3.44,AI,Sophomore,46
S01350,Student_1350,2.75,Finance,Sophomore,58
S01351,Student_1351,3.15,SE,Senior,128
S01352,Student_1352,3.36,Data Science,Freshman,84
S01353,Student_1353,2.19,Data Science,Freshman,50
S01354,Student_1354,2.47,CS,Freshman,123
S01355,Student_1355,2.33,Data Science,Sophomore,98
S01356,Student_1356,2.28,Finance,Freshman,97
S01357,Student_1357,2.52,SE,Junior,90
S01358,Student_1358,2.61,Business,Senior,50
S01359,Student_1359,1.77,Data Science,Freshman,0
S01360,Student_1360,2.2,CS,Senior,2
S01361,Student_1361,3.23,SE,Junior,128
S01362,Student_1362,3.65,CS,Sophomore,10
S01363,Student_1363,3.38,AI,Junior,35
S01364,Student_1364,3.88,Business,Senior,129
S01365,Student_1365,1.98,CS,Senior,14
S01366,Student_1366,2.64,Business,Freshman,10
S01367,Student_1367,2.84,AI,Freshman,75
S01368,Student_1368,1.51,Business,Freshman,51
S01369,Student_1369,3.33,AI,Freshman,109
S01370,Student_1370,1.52,Finance,Senior,68
S01371,Student_1371,3.24,IT,Junior,131
S01372,Student_1372,3.51,CS,Senior,74
S01373,Student_1373,3.59,IT,Sophomore,113
S01374,Student_1374,3.27,Finance,Sophomore,41
S01375,Student_1375,3.23,SE,Freshman,111
S01376,Student_1376,3.52,AI,Senior,88
S01377,Student_1377,3.31,CS,Sophomore,62
S01378,Student_1378,2.56,AI,Freshman,84
S01379,Student_1379,2.49,AI,Junior,76
S01380,Student_1380,3.44,AI,Sophomore,89
S01381,Student_1381,3.66,IT,Junior,43
S01382,Student_1382,2.53,CS,Freshman,26
S01383,Student_1383,3.07,Data Science,Junior,54
S01384,Student_1384,1.8,CS,Senior,11
S01385,Student_1385,1.65,AI,Freshman,9
S01386,Student_1386,2.07,AI,Junior,36
S01387,Student_1387,3.67,Finance,Junior,123
S01388,Student_1388,2.93,Business,Sophomore,58
S01389,Student_1389,2.72,Business,Freshman,91
S01390,Student_1390,3.61,CS,Junior,62
S01391,Student_1391,3.93,Finance,Freshman,65
S01392,Student_1392,2.99,AI,Senior,12
S01393,Student_1393,2.11,Data Science,Senior,58
S01394,Student_1394,1.68,IT,Senior,58
S01395,Student_1395,2.22,Business,Senior,3
S01396,Student_1396,2.22,CS,Freshman,6
S01397,Student_1397,1.77,Data Science,Freshman,123
S01398,Student_1398,3.28,Business,Sophomore,24
S01399,Student_1399,2.41,Business,Senior,86
S01400,Student_1400,3.93,CS,Sophomore,87
S01401,Student_1401,3.66,Data Science,Senior,121
S01402,Student_1402,2.73,Data Science,Senior,122
S01403,Student_1403,1.84,Finance,Senior,73
S01404,Student_1404,1.99,Data Science,Junior,127
S01405,Student_1405,2.46,IT,Freshman,63
S01406,Student_1406,3.59,IT,Senior,13
S01407,Student_1407,3.21,IT,Sophomore,17
S01408,Student_1408,1.55,IT,Senior,44
S01409,Student_1409,3.8,AI,Sophomore,51
S01410,Student_1410,2.9,IT,Sophomore,75
S01411,Student_1411,3.08,SE,Senior,27
S01412,Student_1412,3.47,Business,Junior,50
S01413,Student_1413,2.54,AI,Sophomore,13
S01414,Student_1414,3.59,Data Science,Sophomore,97
S01415,Student_1415,2.74,Finance,Junior,87
S01416,Student_1416,2.86,CS,Freshman,120
S01417,Student_1417,3.21,Data Science,Sophomore,139
S01418,Student_1418,2.94,SE,Junior,89
S01419,Student_1419,2.32,SE,Freshman,73
S01420,Student_1420,1.86,SE,Senior,109
S01421,Student_1421,3.36,IT,Senior,10
S01422,Student_1422,1.6,Data Science,Senior,113
S01423,Student_1423,2.54,Finance,Junior,138
S01424,Student_1424,2.73,AI,Senior,32
S01425,Student_1425,2.41,Data Science,Sophomore,46
S01426,Student_1426,1.95,Finance,Senior,85
S01427,Student_1427,1.98,Finance,Sophomore,26
S01428,Student_1428,3.21,Business,Freshman,38
S01429,Student_1429,3.02,Business,Senior,3
S01430,Student_1430,3.85,Finance,Senior,18
S01431,Student_1431,3.34,CS,Junior,73
S01432,Student_1432,1.51,IT,Sophomore,137
S01433,Student_1433,2.38,Data Science,Junior,72
S01434,Student_1434,3.15,IT,Sophomore,107
S01435,Student_1435,3.65,Finance,Junior,41
S01436,Student_1436,2.73,CS,Senior,5
S01437,Student_1437,2.12,IT,Freshman,2
S01438,Student_1438,3.5,Data Science,Senior,62
S01439,Student_1439,3.67,Business,Freshman,55
S01440,Student_1440,3.51,IT,Sophomore,127
S01441,Student_1441,3.71,Data Science,Sophomore,103
S01442,Student_1442,2.82,Data Science,Junior,107
S01443,Student_1443,3.72,Business,Senior,111
S01444,Student_1444,2.39,AI,Freshman,113
S01445,Student_1445,2.76,SE,Senior,133
S01446,Student_1446,2.61,Business,Freshman,3
S01447,Student_1447,3.04,IT,Sophomore,96
S01448,Student_1448,2.0,IT,Senior,135
S01449,Student_1449,2.85,SE,Freshman,105
S01450,Student_1450,3.21,IT,Sophomore,87
S01451,Student_1451,1.61,IT,Senior,86
S01452,Student_1452,4.0,Finance,Junior,11
S01453,Student_1453,3.02,SE,Senior,133
S01454,Student_1454,3.45,Business,Sophomore,122
S01455,Student_1455,2.93,Finance,Sophomore,36
S01456,Student_1456,2.91,IT,Freshman,27
S01457,Student_1457,3.66,CS,Sophomore,112
S01458,Student_1458,1.61,AI,Junior,93
S01459,Student_1459,3.64,AI,Freshman,5
S01460,Student_1460,3.51,IT,Sophomore,37
S01461,Student_1461,2.5,AI,Junior,113
S01462,Student_1462,3.46,AI,Senior,57
S01463,Student_1463,3.24,SE,Senior,128
S01464,Student_1464,2.26,Data Science,Sophomore,42
S01465,Student_1465,3.96,IT,Sophomore,37
S01466,Student_1466,1.98,AI,Junior,10
S01467,Student_1467,2.89,Business,Senior,14
S01468,Student_1468,3.01,Finance,Senior,54
S01469,Student_1469,1.61,Finance,Senior,74
S01470,Student_1470,2.49,AI,Junior,140
S01471,Student_1471,3.67,Data Science,Senior,130
S01472,Student_1472,2.44,AI,Junior,44
S01473,Student_1473,2.04,CS,Freshman,54
S01474,Student_1474,1.68,AI,Senior,97
S01475,Student_1475,2.03,Data Science,Freshman,49
S01476,Student_1476,1.6,Finance,Freshman,112
S01477,Student_1477,3.11,SE,Sophomore,18
S01478,Student_1478,2.58,IT,Sophomore,12
S01479,Student_1479,3.67,IT,Senior,100
S01480,Student_1480,3.37,CS,Freshman,53
S01481,Student_1481,1.68,SE,Sophomore,101
S01482,Student_1482,2.32,Data Science,Senior,29
S01483,Student_1483,2.64,SE,Junior,87
S01484,Student_1484,3.58,Data Science,Junior,105
S01485,Student_1485,3.4,Finance,Freshman,109
S01486,Student_1486,3.7,CS,Junior,120
S01487,Student_1487,2.3,Data Science,Senior,131
S01488,Student_1488,3.44,SE,Freshman,31
S01489,Student_1489,3.08,SE,Freshman,63
S01490,Student_1490,2.86,SE,Freshman,131
S01491,Student_1491,3.15,CS,Freshman,75
S01492,Student_1492,1.6,Finance,Senior,115
S01493,Student_1493,1.8,Finance,Freshman,59
S01494,Student_1494,2.06,Data Science,Senior,40
S01495,Student_1495,2.98,IT,Senior,60
S01496,Student_1496,2.33,IT,Senior,92
S01497,Student_1497,3.34,CS,Junior,46
S01498,Student_1498,2.29,CS,Senior,7
S01499,Student_1499,1.53,AI,Freshman,125
S01500,Student_1500,1.54,Data Science,Senior,88
S01501,Student_1501,1.83,Business,Freshman,133
S01502,Student_1502,2.76,Business,Junior,97
S01503,Student_1503,1.77,Finance,Freshman,72
S01504,Student_1504,2.48,CS,Senior,82
S01505,Student_1505,2.04,AI,Freshman,7
S01506,Student_1506,2.81,AI,Junior,23
S01507,Student_1507,2.86,Data Science,Senior,7
S01508,Student_1508,2.55,Data Science,Junior,67
S01509,Student_1509,3.94,Data Science,Sophomore,10
S01510,Student_1510,3.8,Business,Senior,57
S01511,Student_1511,3.17,SE,Junior,12
S01512,Student_1512,3.01,Business,Junior,139
S01513,Student_1513,3.32,SE,Senior,35
S01514,Student_1514,3.79,Business,Sophomore,42
S01515,Student_1515,3.57,Business,Junior,11
S01516,Student_1516,3.82,CS,Junior,92
S01517,Student_1517,3.77,SE,Junior,37
S01518,Student_1518,2.06,Finance,Senior,71
S01519,Student_1519,3.25,AI,Freshman,99
S01520,Student_1520,2.96,Business,Junior,35
S01521,Student_1521,3.47,CS,Junior,80
S01522,Student_1522,1.9,AI,Senior,95
S01523,Student_1523,2.47,SE,Junior,139
S01524,Student_1524,1.8,AI,Freshman,60
S01525,Student_1525,2.84,SE,Senior,62
S01526,Student_1526,2.01,IT,Freshman,79
S01527,Student_1527,3.16,CS,Junior,108
S01528,Student_1528,3.72,Finance,Junior,7
S01529,Student_1529,1.63,Finance,Sophomore,55
S01530,Student_1530,2.06,Finance,Sophomore,41
S01531,Student_1531,2.01,CS,Junior,31
S01532,Student_1532,3.01,IT,Senior,138
S01533,Student_1533,3.14,Business,Sophomore,38
S01534,Student_1534,1.63,AI,Freshman,98
S01535,Student_1535,1.54,Data Science,Junior,24
S01536,Student_1536,1.67,SE,Freshman,3
S01537,Student_1537,2.7,AI,Senior,37
S01538,Student_1538,3.52,Business,Senior,37
S01539,Student_1539,3.59,SE,Sophomore,139
S01540,Student_1540,3.06,Business,Sophomore,80
S01541,Student_1541,2.89,Data Science,Freshman,66
S01542,Student_1542,3.08,SE,Junior,103
S01543,Student_1543,3.27,SE,Senior,8
S01544,Student_1544,2.17,Data Science,Freshman,55
S01545,Student_1545,1.98,CS,Senior,55
S01546,Student_1546,2.51,Data Science,Senior,121
S01547,Student_1547,2.62,Business,Freshman,83
S01548,Student_1548,3.92,Business,Sophomore,112
S01549,Student_1549,3.25,IT,Freshman,130
S01550,Student_1550,2.91,IT,Junior,129
S01551,Student_1551,2.34,IT,Junior,85
S01552,Student_1552,3.4,Business,Junior,27
S01553,Student_1553,2.08,Finance,Freshman,39
S01554,Student_1554,1.69,IT,Freshman,78
S01555,Student_1555,2.7,Business,Junior,59
S01556,Student_1556,2.03,IT,Senior,7
S01557,Student_1557,1.76,Finance,Junior,10
S01558,Student_1558,1.83,AI,Sophomore,50
S01559,Student_1559,2.79,CS,Freshman,59
S01560,Student_1560,2.17,Finance,Junior,64
S01561,Student_1561,3.96,IT,Sophomore,3
S01562,Student_1562,3.31,Data Science,Sophomore,37
S01563,Student_1563,2.15,AI,Senior,109
S01564,Student_1564,1.63,SE,Junior,32
S01565,Student_1565,2.08,Data Science,Senior,46
S01566,Student_1566,1.83,Business,Senior,7
S01567,Student_1567,2.54,SE,Freshman,34
S01568,Student_1568,1.75,Business,Freshman,47
S01569,Student_1569,2.73,IT,Sophomore,125
S01570,Student_1570,2.81,Finance,Senior,33
S01571,Student_1571,2.95,CS,Sophomore,109
S01572,Student_1572,3.83,AI,Junior,27
S01573,Student_1573,3.42,SE,Freshman,4
S01574,Student_1574,1.55,AI,Freshman,113
S01575,Student_1575,2.13,Finance,Sophomore,118
S01576,Student_1576,1.62,CS,Sophomore,34
S01577,Student_1577,1.51,Business,Senior,20
S01578,Student_1578,3.74,Business,Freshman,132
S01579,Student_1579,3.85,SE,Sophomore,25
S01580,Student_1580,3.54,Finance,Senior,6
S01581,Student_1581,3.68,SE,Junior,130
S01582,Student_1582,3.58,Finance,Junior,37
S01583,Student_1583,3.96,SE,Freshman,67
S01584,Student_1584,3.29,Data Science,Sophomore,18
S01585,Student_1585,1.68,IT,Senior,10
S01586,Student_1586,3.83,SE,Junior,50
S01587,Student_1587,3.7,CS,Freshman,72
S01588,Student_1588,1.6,CS,Freshman,140
S01589,Student_1589,2.93,Finance,Freshman,15
S01590,Student_1590,2.36,IT,Sophomore,103
S01591,Student_1591,1.94,CS,Senior,117
S01592,Student_1592,1.66,IT,Senior,10
S01593,Student_1593,2.48,AI,Sophomore,48
S01594,Student_1594,2.46,AI,Sophomore,62
S01595,Student_1595,2.82,SE,Freshman,65
S01596,Student_1596,2.9,Finance,Senior,19
S01597,Student_1597,3.61,Data Science,Sophomore,66
S01598,Student_1598,2.37,IT,Sophomore,30
S01599,Student_1599,3.43,Business,Sophomore,125
S01600,Student_1600,3.38,Finance,Junior,88
S01601,Student_1601,3.35,IT,Junior,6
S01602,Student_1602,2.72,Business,Freshman,77
S01603,Student_1603,2.64,Business,Freshman,130
S01604,Student_1604,2.52,Data Science,Sophomore,122
S01605,Student_1605,1.59,SE,Senior,73
S01606,Student_1606,1.79,CS,Freshman,99
S01607,Student_1607,3.68,Data Science,Freshman,35
S01608,Student_1608,3.29,CS,Junior,42
S01609,Student_1609,1.65,IT,Sophomore,5
S01610,Student_1610,2.11,IT,Freshman,91
S01611,Student_1611,2.62,Business,Freshman,62
S01612,Student_1612,3.92,SE,Sophomore,29
S01613,Student_1613,1.64,Finance,Sophomore,38
S01614,Student_1614,3.95,IT,Sophomore,43
S01615,Student_1615,2.52,IT,Sophomore,93
S01616,Student_1616,1.82,AI,Sophomore,127
S01617,Student_1617,2.8,AI,Senior,135
S01618,Student_1618,3.09,AI,Junior,32
S01619,Student_1619,2.97,Data Science,Senior,61
S01620,Student_1620,3.53,AI,Sophomore,83
S01621,Student_1621,2.78,Finance,Senior,31
S01622,Student_1622,2.09,SE,Junior,126
S01623,Student_1623,1.55,Finance,Freshman,16
S01624,Student_1624,3.77,CS,Freshman,0
S01625,Student_1625,2.87,Finance,Senior,42
S01626,Student_1626,1.88,IT,Freshman,131
S01627,Student_1627,1.51,SE,Sophomore,17
S01628,Student_1628,1.71,AI,Junior,37
S01629,Student_1629,1.7,Business,Senior,134
S01630,Student_1630,2.45,AI,Junior,8
S01631,Student_1631,2.56,AI,Junior,67
S01632,Student_1632,2.9,CS,Sophomore,97
S01633,Student_1633,3.97,Finance,Junior,75
S01634,Student_1634,2.81,Data Science,Freshman,107
S01635,Student_1635,1.68,Business,Junior,40
S01636,Student_1636,3.49,Data Science,Freshman,100
S01637,Student_1637,3.54,SE,Junior,70
S01638,Student_1638,2.27,Finance,Sophomore,112
S01639,Student_1639,2.58,Finance,Freshman,140
S01640,Student_1640,3.65,Business,Junior,81
S01641,Student_1641,2.36,CS,Senior,134
S01642,Student_1642,1.55,AI,Junior,33
S01643,Student_1643,1.52,Business,Freshman,127
S01644,Student_1644,2.56,AI,Junior,115
S01645,Student_1645,3.64,AI,Freshman,91
S01646,Student_1646,2.82,IT,Junior,76
S01647,Student_1647,3.04,AI,Freshman,68
S01648,Student_1648,3.41,Data Science,Freshman,103
S01649,Student_1649,3.63,CS,Senior,66
S01650,Student_1650,2.08,Data Science,Sophomore,16
S01651,Student_1651,1.98,AI,Senior,74
S01652,Student_1652,2.39,Finance,Freshman,9
S01653,Student_1653,3.47,Finance,Junior,96
S01654,Student_1654,3.74,Business,Junior,89
S01655,Student_1655,3.87,Business,Senior,56
S01656,Student_1656,2.85,IT,Senior,32
S01657,Student_1657,1.73,CS,Junior,87
S01658,Student_1658,2.71,IT,Senior,135
S01659,Student_1659,3.43,Business,Freshman,120
S01660,Student_1660,2.77,AI,Junior,129
S01661,Student_1661,3.86,Finance,Junior,20
S01662,Student_1662,1.53,AI,Sophomore,108
S01663,Student_1663,2.5,IT,Junior,1
S01664,Student_1664,3.33,AI,Junior,1
S01665,Student_1665,2.72,SE,Freshman,106
S01666,Student_1666,3.88,Business,Freshman,67
S01667,Student_1667,3.32,Finance,Sophomore,89
S01668,Student_1668,3.24,Finance,Senior,78
S01669,Student_1669,1.84,IT,Freshman,119
S01670,Student_1670,3.89,CS,Sophomore,13
S01671,Student_1671,3.17,IT,Senior,134
S01672,Student_1672,2.66,Data Science,Freshman,57
S01673,Student_1673,3.18,Data Science,Freshman,52
S01674,Student_1674,3.79,IT,Sophomore,130
S01675,Student_1675,3.36,Business,Senior,129
S01676,Student_1676,3.81,Business,Freshman,89
S01677,Student_1677,2.53,Data Science,Junior,47
S01678,Student_1678,1.89,SE,Sophomore,57
S01679,Student_1679,2.26,Data Science,Senior,102
S01680,Student_1680,3.03,CS,Freshman,38
S01681,Student_1681,1.56,IT,Junior,51
S01682,Student_1682,2.59,SE,Freshman,10
S01683,Student_1683,1.54,Finance,Sophomore,0
S01684,Student_1684,3.65,Business,Sophomore,69
S01685,Student_1685,1.56,AI,Sophomore,88
S01686,Student_1686,3.57,CS,Sophomore,48
S01687,Student_1687,2.42,SE,Senior,49
S01688,Student_1688,3.67,CS,Junior,133
S01689,Student_1689,1.52,Data Science,Freshman,15
S01690,Student_1690,2.65,IT,Senior,122
S01691,Student_1691,3.08,Data Science,Freshman,58
S01692,Student_1692,3.58,CS,Senior,131
S01693,Student_1693,2.39,CS,Sophomore,83
S01694,Student_1694,2.94,AI,Freshman,0
S01695,Student_1695,2.83,SE,Freshman,81
S01696,Student_1696,2.6,IT,Junior,55
S01697,Student_1697,2.26,Finance,Junior,9
S01698,Student_1698,3.61,SE,Sophomore,137
S01699,Student_1699,1.8,Finance,Freshman,34
S01700,Student_1700,1.64,CS,Senior,13
S01701,Student_1701,3.14,AI,Freshman,119
S01702,Student_1702,1.92,CS,Freshman,98
S01703,Student_1703,3.05,IT,Sophomore,35
S01704,Student_1704,3.52,Finance,Senior,99
S01705,Student_1705,3.72,SE,Junior,89
S01706,Student_1706,3.34,CS,Junior,115
S01707,Student_1707,2.49,CS,Junior,67
S01708,Student_1708,2.86,Business,Freshman,61
S01709,Student_1709,3.34,Finance,Sophomore,38
S01710,Student_1710,3.95,CS,Senior,60
S01711,Student_1711,3.81,IT,Senior,110
S01712,Student_1712,1.84,Finance,Senior,9
S01713,Student_1713,2.69,Data Science,Sophomore,86
S01714,Student_1714,2.49,AI,Junior,92
S01715,Student_1715,2.69,CS,Junior,43
S01716,Student_1716,3.55,Business,Freshman,30
S01717,Student_1717,3.82,CS,Sophomore,110
S01718,Student_1718,1.68,AI,Junior,46
S01719,Student_1719,3.68,SE,Senior,68
S01720,Student_1720,1.68,Business,Sophomore,69
S01721,Student_1721,3.62,SE,Freshman,18
S01722,Student_1722,3.71,Business,Senior,27
S01723,Student_1723,2.44,Business,Junior,5
S01724,Student_1724,2.09,SE,Sophomore,18
S01725,Student_1725,3.2,IT,Senior,107
S01726,Student_1726,1.89,SE,Freshman,43
S01727,Student_1727,3.44,SE,Senior,56
S01728,Student_1728,2.25,SE,Freshman,135
S01729,Student_1729,3.24,Business,Freshman,127
S01730,Student_1730,2.42,IT,Senior,102
S01731,Student_1731,3.77,SE,Junior,9
S01732,Student_1732,1.51,CS,Freshman,92
S01733,Student_1733,3.49,Data Science,Junior,13
S01734,Student_1734,2.65,Finance,Senior,60
S01735,Student_1735,1.77,SE,Junior,60
S01736,Student_1736,3.6,CS,Sophomore,95
S01737,Student_1737,2.34,CS,Freshman,105
S01738,Student_1738,3.3,Finance,Freshman,21
S01739,Student_1739,3.02,IT,Junior,9
S01740,Student_1740,1.97,CS,Freshman,52
S01741,Student_1741,2.63,Finance,Junior,61
S01742,Student_1742,2.83,Finance,Senior,71
S01743,Student_1743,2.27,Business,Sophomore,58
S01744,Student_1744,2.67,CS,Sophomore,16
S01745,Student_1745,3.63,AI,Sophomore,130
S01746,Student_1746,2.33,CS,Freshman,73
S01747,Student_1747,1.63,Finance,Sophomore,46
S01748,Student_1748,3.29,IT,Junior,11
S01749,Student_1749,2.31,IT,Senior,20
S01750,Student_1750,1.93,Finance,Sophomore,9
S01751,Student_1751,4.0,SE,Senior,45
S01752,Student_1752,3.37,Data Science,Junior,97
S01753,Student_1753,3.69,CS,Junior,77
S01754,Student_1754,3.32,SE,Freshman,47
S01755,Student_1755,3.64,Data Science,Sophomore,12
S01756,Student_1756,2.59,IT,Freshman,27
S01757,Student_1757,1.64,SE,Senior,41
S01758,Student_1758,2.94,Finance,Senior,95
S01759,Student_1759,1.53,Business,Junior,126
S01760,Student_1760,3.72,Business,Junior,110
S01761,Student_1761,1.99,AI,Freshman,43
S01762,Student_1762,2.5,CS,Junior,66
S01763,Student_1763,3.39,AI,Junior,48
S01764,Student_1764,1.86,Business,Junior,136
S01765,Student_1765,1.83,SE,Junior,108
S01766,Student_1766,2.09,SE,Sophomore,16
S01767,Student_1767,2.6,IT,Freshman,111
S01768,Student_1768,3.04,Finance,Junior,91
S01769,Student_1769,3.9,Data Science,Senior,105
S01770,Student_1770,1.63,Business,Junior,74
S01771,Student_1771,1.91,Business,Junior,85
S01772,Student_1772,3.94,AI,Senior,73
S01773,Student_1773,2.78,IT,Senior,33
S01774,Student_1774,1.53,SE,Sophomore,93
S01775,Student_1775,2.85,Data Science,Sophomore,75
S01776,Student_1776,1.79,CS,Junior,65
S01777,Student_1777,3.53,Data Science,Junior,32
S01778,Student_1778,1.9,Data Science,Junior,27
S01779,Student_1779,2.47,Data Science,Sophomore,140
S01780,Student_1780,3.88,Business,Freshman,114
S01781,Student_1781,2.9,Business,Junior,36
S01782,Student_1782,1.86,Finance,Junior,112
S01783,Student_1783,3.18,Data Science,Freshman,31
S01784,Student_1784,3.59,SE,Senior,30
S01785,Student_1785,1.62,Business,Senior,139
S01786,Student_1786,2.46,IT,Sophomore,53
S01787,Student_1787,1.64,Finance,Junior,34
S01788,Student_1788,1.96,CS,Senior,114
S01789,Student_1789,1.58,AI,Senior,9
S01790,Student_1790,2.6,Data Science,Sophomore,92
S01791,Student_1791,3.04,IT,Freshman,49
S01792,Student_1792,3.94,CS,Senior,42
S01793,Student_1793,2.32,AI,Sophomore,115
S01794,Student_1794,2.29,CS,Freshman,30
S01795,Student_1795,3.71,Finance,Freshman,124
S01796,Student_1796,3.38,AI,Freshman,20
S01797,Student_1797,3.71,Data Science,Freshman,115
S01798,Student_1798,3.96,Data Science,Freshman,97
S01799,Student_1799,2.98,SE,Sophomore,131
S01800,Student_1800,3.24,SE,Junior,27
S01801,Student_1801,1.84,Business,Junior,61
S01802,Student_1802,2.13,CS,Senior,56
S01803,Student_1803,2.64,IT,Freshman,94
S01804,Student_1804,3.92,IT,Freshman,17
S01805,Student_1805,3.74,Data Science,Sophomore,40
S01806,Student_1806,1.68,IT,Junior,123
S01807,Student_1807,2.43,Data Science,Junior,56
S01808,Student_1808,3.2,IT,Sophomore,105
S01809,Student_1809,2.35,SE,Freshman,137
S01810,Student_1810,1.81,AI,Junior,98
S01811,Student_1811,3.73,Data Science,Junior,52
S01812,Student_1812,2.9,Finance,Freshman,70
S01813,Student_1813,3.57,IT,Junior,47
S01814,Student_1814,3.53,Data Science,Freshman,89
S01815,Student_1815,2.89,Data Science,Sophomore,10
S01816,Student_1816,2.97,Business,Senior,130
S01817,Student_1817,1.81,Business,Freshman,56
S01818,Student_1818,2.59,CS,Freshman,79
S01819,Student_1819,2.87,CS,Sophomore,35
S01820,Student_1820,1.8,Data Science,Junior,112
S01821,Student_1821,3.73,AI,Junior,51
S01822,Student_1822,1.59,Finance,Sophomore,95
S01823,Student_1823,3.54,SE,Sophomore,125
S01824,Student_1824,2.1,Data Science,Junior,35
S01825,Student_1825,2.98,IT,Sophomore,61
S01826,Student_1826,3.49,Finance,Junior,3
S01827,Student_1827,3.6,IT,Freshman,102
S01828,Student_1828,3.32,SE,Freshman,51
S01829,Student_1829,1.95,Data Science,Senior,5
S01830,Student_1830,2.63,Business,Senior,28
S01831,Student_1831,3.19,Business,Senior,79
S01832,Student_1832,2.77,Finance,Senior,135
S01833,Student_1833,2.28,AI,Freshman,75
S01834,Student_1834,2.34,Finance,Junior,0
S01835,Student_1835,1.61,IT,Freshman,1
S01836,Student_1836,3.61,Finance,Senior,72
S01837,Student_1837,1.82,Business,Junior,85
S01838,Student_1838,1.89,Data Science,Sophomore,119
S01839,Student_1839,1.51,AI,Senior,15
S01840,Student_1840,1.75,SE,Junior,88
S01841,Student_1841,3.25,SE,Senior,133
S01842,Student_1842,2.75,Finance,Sophomore,41
S01843,Student_1843,1.71,CS,Junior,71
S01844,Student_1844,2.88,Finance,Freshman,53
S01845,Student_1845,3.92,AI,Sophomore,63
S01846,Student_1846,3.21,Finance,Junior,116
S01847,Student_1847,2.93,IT,Junior,121
S01848,Student_1848,2.81,Data Science,Freshman,1
S01849,Student_1849,3.92,SE,Freshman,87
S01850,Student_1850,3.21,IT,Freshman,136
S01851,Student_1851,3.59,Business,Junior,11
S01852,Student_1852,3.11,Finance,Junior,122
S01853,Student_1853,3.12,Business,Junior,71
S01854,Student_1854,3.44,CS,Junior,91
S01855,Student_1855,3.11,Finance,Freshman,37
S01856,Student_1856,2.26,IT,Junior,78
S01857,Student_1857,2.71,Business,Sophomore,40
S01858,Student_1858,1.53,Finance,Senior,86
S01859,Student_1859,2.43,SE,Freshman,139
S01860,Student_1860,3.65,Data Science,Sophomore,6
S01861,Student_1861,3.51,AI,Sophomore,31
S01862,Student_1862,3.06,IT,Freshman,101
S01863,Student_1863,1.93,Finance,Sophomore,62
S01864,Student_1864,3.1,CS,Junior,122
S01865,Student_1865,1.84,Data Science,Sophomore,56
S01866,Student_1866,3.43,IT,Junior,102
S01867,Student_1867,1.56,Business,Freshman,39
S01868,Student_1868,2.29,Data Science,Junior,15
S01869,Student_1869,1.84,IT,Freshman,24
S01870,Student_1870,2.62,Data Science,Freshman,53
S01871,Student_1871,3.75,SE,Sophomore,34
S01872,Student_1872,3.93,IT,Senior,8
S01873,Student_1873,3.93,AI,Junior,100
S01874,Student_1874,1.76,Business,Senior,35
S01875,Student_1875,2.48,Data Science,Junior,91
S01876,Student_1876,1.94,Finance,Junior,64
S01877,Student_1877,2.41,Finance,Junior,66
S01878,Student_1878,2.37,Data Science,Senior,56
S01879,Student_1879,3.9,SE,Sophomore,19
S01880,Student_1880,2.21,Data Science,Sophomore,106
S01881,Student_1881,1.79,Business,Sophomore,113
S01882,Student_1882,2.7,AI,Junior,26
S01883,Student_1883,2.54,Data Science,Freshman,7
S01884,Student_1884,2.65,CS,Junior,40
S01885,Student_1885,2.77,CS,Freshman,123
S01886,Student_1886,2.76,Finance,Sophomore,76
S01887,Student_1887,3.92,Finance,Junior,90
S01888,Student_1888,3.31,Data Science,Freshman,42
S01889,Student_1889,1.92,Business,Freshman,75
S01890,Student_1890,3.09,Finance,Senior,3
S01891,Student_1891,2.15,Business,Senior,82
S01892,Student_1892,2.69,CS,Senior,112
S01893,Student_1893,2.7,Finance,Junior,12
S01894,Student_1894,1.72,Business,Freshman,37
S01895,Student_1895,2.99,Data Science,Junior,127
S01896,Student_1896,1.61,CS,Freshman,54
S01897,Student_1897,1.67,SE,Senior,13
S01898,Student_1898,1.56,AI,Freshman,55
S01899,Student_1899,2.01,Data Science,Senior,68
S01900,Student_1900,3.44,Business,Sophomore,92
S01901,Student_1901,1.87,IT,Freshman,105
S01902,Student_1902,2.69,Business,Freshman,138
S01903,Student_1903,2.78,Data Science,Sophomore,102
S01904,Student_1904,1.61,IT,Freshman,81
S01905,Student_1905,2.67,IT,Senior,90
S01906,Student_1906,2.21,CS,Junior,37
S01907,Student_1907,1.66,Business,Junior,79
S01908,Student_1908,3.87,AI,Sophomore,89
S01909,Student_1909,3.65,Business,Sophomore,59
S01910,Student_1910,1.93,CS,Senior,12
S01911,Student_1911,3.33,SE,Sophomore,79
S01912,Student_1912,1.59,IT,Sophomore,21
S01913,Student_1913,2.62,AI,Sophomore,57
S01914,Student_1914,3.06,Finance,Freshman,70
S01915,Student_1915,2.64,AI,Senior,102
S01916,Student_1916,2.22,Business,Junior,135
S01917,Student_1917,3.27,Business,Sophomore,72
S01918,Student_1918,2.89,CS,Senior,61
S01919,Student_1919,2.65,Business,Freshman,116
S01920,Student_1920,1.61,AI,Senior,3
S01921,Student_1921,2.45,Finance,Senior,95
S01922,Student_1922,2.24,CS,Senior,76
S01923,Student_1923,2.34,Business,Junior,107
S01924,Student_1924,3.3,SE,Freshman,29
S01925,Student_1925,2.55,SE,Senior,89
S01926,Student_1926,2.01,CS,Junior,79
S01927,Student_1927,3.6,SE,Sophomore,25
S01928,Student_1928,3.54,CS,Freshman,140
S01929,Student_1929,2.54,SE,Senior,27
S01930,Student_1930,3.94,Data Science,Senior,1
S01931,Student_1931,3.81,CS,Junior,80
S01932,Student_1932,1.71,AI,Freshman,59
S01933,Student_1933,3.12,IT,Senior,120
S01934,Student_1934,2.54,CS,Senior,86
S01935,Student_1935,2.88,Business,Junior,92
S01936,Student_1936,2.34,AI,Junior,112
S01937,Student_1937,3.55,Data Science,Sophomore,84
S01938,Student_1938,2.58,AI,Freshman,88
S01939,Student_1939,2.35,AI,Sophomore,48
S01940,Student_1940,3.27,Business,Sophomore,102
S01941,Student_1941,3.37,SE,Senior,51
S01942,Student_1942,3.24,SE,Junior,97
S01943,Student_1943,2.73,Business,Senior,110
S01944,Student_1944,3.55,Data Science,Freshman,109
S01945,Student_1945,3.83,Data Science,Junior,11
S01946,Student_1946,1.64,Business,Junior,38
S01947,Student_1947,3.38,CS,Sophomore,82
S01948,Student_1948,2.26,AI,Freshman,27
S01949,Student_1949,2.29,IT,Sophomore,59
S01950,Student_1950,2.58,CS,Junior,49
S01951,Student_1951,3.04,CS,Sophomore,20
S01952,Student_1952,2.6,Business,Senior,86
S01953,Student_1953,1.67,CS,Senior,71
S01954,Student_1954,2.57,AI,Senior,137
S01955,Student_1955,3.43,Data Science,Senior,133
S01956,Student_1956,3.87,Business,Freshman,4
S01957,Student_1957,3.88,IT,Junior,8
S01958,Student_1958,2.32,Data Science,Senior,47
S01959,Student_1959,2.53,IT,Sophomore,8
S01960,Student_1960,3.19,Business,Sophomore,112
S01961,Student_1961,1.85,IT,Senior,3
S01962,Student_1962,2.62,IT,Junior,123
S01963,Student_1963,2.94,CS,Senior,77
S01964,Student_1964,1.88,Data Science,Senior,47
S01965,Student_1965,2.16,IT,Freshman,55
S01966,Student_1966,3.48,IT,Freshman,34
S01967,Student_1967,2.89,Business,Junior,91
S01968,Student_1968,2.46,SE,Junior,65
S01969,Student_1969,3.63,CS,Sophomore,126
S01970,Student_1970,2.57,SE,Sophomore,120
S01971,Student_1971,3.58,Business,Senior,133
S01972,Student_1972,1.54,IT,Senior,82
S01973,Student_1973,3.77,Business,Junior,136
S01974,Student_1974,1.62,Data Science,Freshman,129
S01975,Student_1975,3.38,Data Science,Freshman,49
S01976,Student_1976,2.98,Finance,Junior,127
S01977,Student_1977,3.0,CS,Junior,5
S01978,Student_1978,2.58,Data Science,Sophomore,50
S01979,Student_1979,3.85,IT,Senior,17
S01980,Student_1980,2.29,IT,Senior,56
S01981,Student_1981,2.27,Data Science,Senior,105
S01982,Student_1982,1.89,Finance,Sophomore,87
S01983,Student_1983,1.95,SE,Junior,13
S01984,Student_1984,2.52,Business,Junior,42
S01985,Student_1985,2.91,Data Science,Senior,118
S01986,Student_1986,3.32,CS,Junior,3
S01987,Student_1987,3.52,IT,Senior,70
S01988,Student_1988,2.07,SE,Junior,140
S01989,Student_1989,1.69,Business,Freshman,83
S01990,Student_1990,3.13,IT,Junior,70
S01991,Student_1991,2.53,Business,Senior,57
S01992,Student_1992,2.84,SE,Sophomore,2
S01993,Student_1993,3.04,Data Science,Senior,31
S01994,Student_1994,2.53,Business,Junior,73
S01995,Student_1995,1.57,IT,Sophomore,44
S01996,Student_1996,3.8,Data Science,Junior,15
S01997,Student_1997,2.83,SE,Junior,88
S01998,Student_1998,2.12,Finance,Senior,70
S01999,Student_1999,1.65,Business,Senior,94
S02000,Student_2000,3.15,AI,Junior,74
S02001,Student_2001,3.77,AI,Senior,2
S02002,Student_2002,2.55,CS,Senior,139
S02003,Student_2003,3.83,Data Science,Sophomore,23
S02004,Student_2004,2.94,Finance,Freshman,97
S02005,Student_2005,2.74,Finance,Sophomore,26
S02006,Student_2006,3.0,SE,Junior,97
S02007,Student_2007,3.12,Finance,Sophomore,103
S02008,Student_2008,3.79,Business,Freshman,55
S02009,Student_2009,2.84,SE,Junior,30
S02010,Student_2010,3.12,AI,Sophomore,124
S02011,Student_2011,2.83,AI,Freshman,73
S02012,Student_2012,3.18,IT,Senior,123
S02013,Student_2013,2.19,Finance,Junior,137
S02014,Student_2014,1.5,Finance,Freshman,16
S02015,Student_2015,2.51,Data Science,Freshman,75
S02016,Student_2016,3.16,SE,Sophomore,71
S02017,Student_2017,3.34,SE,Junior,78
S02018,Student_2018,1.71,IT,Junior,72
S02019,Student_2019,3.58,Data Science,Senior,67
S02020,Student_2020,2.95,CS,Senior,10
S02021,Student_2021,2.5,Data Science,Junior,96
S02022,Student_2022,2.75,Data Science,Freshman,83
S02023,Student_2023,3.76,CS,Junior,97
S02024,Student_2024,1.95,AI,Sophomore,6
S02025,Student_2025,2.55,CS,Sophomore,124
S02026,Student_2026,3.44,Business,Freshman,37
S02027,Student_2027,1.65,IT,Junior,40
S02028,Student_2028,3.19,Business,Freshman,15
S02029,Student_2029,3.65,CS,Freshman,130
S02030,Student_2030,3.5,AI,Sophomore,81
S02031,Student_2031,1.51,CS,Freshman,61
S02032,Student_2032,2.85,Business,Senior,19
S02033,Student_2033,2.69,IT,Senior,70
S02034,Student_2034,3.31,IT,Senior,49
S02035,Student_2035,3.28,IT,Freshman,37
S02036,Student_2036,1.88,Business,Sophomore,110
S02037,Student_2037,3.73,AI,Senior,130
S02038,Student_2038,2.12,AI,Senior,138
S02039,Student_2039,2.4,SE,Freshman,104
S02040,Student_2040,2.8,CS,Sophomore,25
S02041,Student_2041,2.55,Business,Freshman,81
S02042,Student_2042,2.63,Business,Junior,102
S02043,Student_2043,1.53,Data Science,Senior,104
S02044,Student_2044,3.32,AI,Junior,29
S02045,Student_2045,3.4,Business,Senior,94
S02046,Student_2046,1.5,IT,Sophomore,48
S02047,Student_2047,3.61,Finance,Sophomore,120
S02048,Student_2048,1.99,IT,Junior,66
S02049,Student_2049,3.87,AI,Senior,99
S02050,Student_2050,1.67,IT,Junior,100
S02051,Student_2051,2.41,SE,Sophomore,38
S02052,Student_2052,3.5,SE,Freshman,43
S02053,Student_2053,3.34,Data Science,Senior,65
S02054,Student_2054,3.3,IT,Freshman,81
S02055,Student_2055,3.93,AI,Sophomore,112
S02056,Student_2056,3.53,Finance,Junior,42
S02057,Student_2057,2.52,Business,Sophomore,52
S02058,Student_2058,1.87,Finance,Senior,61
S02059,Student_2059,1.98,SE,Senior,68
S02060,Student_2060,3.32,IT,Senior,23
S02061,Student_2061,1.96,Finance,Sophomore,91
S02062,Student_2062,2.52,Finance,Freshman,10
S02063,Student_2063,1.76,Finance,Junior,90
S02064,Student_2064,3.1,Data Science,Senior,52
S02065,Student_2065,3.04,CS,Junior,75
S02066,Student_2066,3.6,Data Science,Senior,58
S02067,Student_2067,3.84,Business,Freshman,92
S02068,Student_2068,1.72,IT,Freshman,132
S02069,Student_2069,3.35,IT,Sophomore,55
S02070,Student_2070,1.97,Data Science,Senior,51
S02071,Student_2071,1.99,Business,Freshman,116
S02072,Student_2072,1.69,SE,Senior,83
S02073,Student_2073,3.73,CS,Junior,60
S02074,Student_2074,2.63,Business,Senior,16
S02075,Student_2075,3.4,Data Science,Junior,15
S02076,Student_2076,2.37,IT,Senior,77
S02077,Student_2077,3.2,Finance,Sophomore,63
S02078,Student_2078,3.13,Finance,Junior,57
S02079,Student_2079,3.05,AI,Sophomore,108
S02080,Student_2080,2.03,Finance,Sophomore,43
S02081,Student_2081,2.26,AI,Freshman,78
S02082,Student_2082,2.87,AI,Sophomore,37
S02083,Student_2083,2.43,AI,Sophomore,43
S02084,Student_2084,1.86,Data Science,Sophomore,125
S02085,Student_2085,3.99,CS,Sophomore,86
S02086,Student_2086,3.05,SE,Senior,56
S02087,Student_2087,2.65,Business,Senior,16
S02088,Student_2088,3.72,SE,Sophomore,29
S02089,Student_2089,3.14,Business,Junior,119
S02090,Student_2090,2.48,SE,Senior,5
S02091,Student_2091,2.37,Data Science,Senior,83
S02092,Student_2092,2.73,Data Science,Freshman,110
S02093,Student_2093,3.63,AI,Freshman,99
S02094,Student_2094,2.87,CS,Freshman,109
S02095,Student_2095,3.43,Data Science,Sophomore,114
S02096,Student_2096,2.39,Business,Sophomore,107
S02097,Student_2097,2.92,AI,Senior,102
S02098,Student_2098,2.57,IT,Senior,137
S02099,Student_2099,3.39,SE,Freshman,93
S02100,Student_2100,3.6,AI,Sophomore,113
S02101,Student_2101,3.85,Finance,Senior,104
S02102,Student_2102,2.13,Data Science,Junior,38
S02103,Student_2103,2.25,IT,Sophomore,41
S02104,Student_2104,2.23,Finance,Sophomore,35
S02105,Student_2105,3.58,CS,Freshman,134
S02106,Student_2106,2.28,Data Science,Sophomore,58
S02107,Student_2107,3.21,SE,Junior,79
S02108,Student_2108,2.67,SE,Senior,115
S02109,Student_2109,1.87,CS,Junior,29
S02110,Student_2110,2.69,Finance,Senior,85
S02111,Student_2111,2.97,SE,Senior,135
S02112,Student_2112,3.31,AI,Senior,34
S02113,Student_2113,3.18,IT,Sophomore,85
S02114,Student_2114,2.8,Data Science,Junior,48
S02115,Student_2115,3.94,SE,Junior,5
S02116,Student_2116,3.6,CS,Sophomore,33
S02117,Student_2117,3.45,SE,Junior,140
S02118,Student_2118,2.74,Business,Senior,29
S02119,Student_2119,3.92,Business,Junior,84
S02120,Student_2120,1.92,Finance,Senior,60
S02121,Student_2121,2.8,Finance,Freshman,70
S02122,Student_2122,3.8,Data Science,Senior,60
S02123,Student_2123,3.64,Finance,Junior,26
S02124,Student_2124,2.94,SE,Freshman,68
S02125,Student_2125,3.1,IT,Sophomore,96
S02126,Student_2126,3.28,IT,Sophomore,119
S02127,Student_2127,2.72,IT,Senior,44
S02128,Student_2128,3.76,Finance,Freshman,98
S02129,Student_2129,2.77,Finance,Senior,59
S02130,Student_2130,2.3,SE,Senior,129
S02131,Student_2131,3.64,Finance,Junior,35
S02132,Student_2132,2.02,IT,Junior,11
S02133,Student_2133,2.8,IT,Senior,96
S02134,Student_2134,1.64,Data Science,Senior,78
S02135,Student_2135,3.2,IT,Junior,24
S02136,Student_2136,4.0,CS,Senior,92
S02137,Student_2137,2.75,Data Science,Senior,140
S02138,Student_2138,2.17,CS,Freshman,12
S02139,Student_2139,1.63,IT,Senior,26
S02140,Student_2140,2.86,Finance,Senior,12
S02141,Student_2141,1.79,CS,Junior,106
S02142,Student_2142,2.16,Finance,Junior,40
S02143,Student_2143,1.74,Business,Senior,45
S02144,Student_2144,2.37,CS,Junior,4
S02145,Student_2145,3.49,AI,Junior,101
S02146,Student_2146,1.72,IT,Junior,121
S02147,Student_2147,3.07,AI,Freshman,121
S02148,Student_2148,1.97,Business,Freshman,110
S02149,Student_2149,2.51,Data Science,Freshman,11
S02150,Student_2150,3.96,SE,Freshman,91
S02151,Student_2151,2.2,SE,Freshman,115
S02152,Student_2152,3.38,SE,Sophomore,96
S02153,Student_2153,3.29,CS,Freshman,84
S02154,Student_2154,2.89,Data Science,Senior,19
S02155,Student_2155,3.71,Business,Junior,60
S02156,Student_2156,3.4,Finance,Freshman,22
S02157,Student_2157,2.22,AI,Sophomore,82
S02158,Student_2158,2.24,Finance,Freshman,66
S02159,Student_2159,1.81,Business,Freshman,112
S02160,Student_2160,3.85,SE,Senior,52
S02161,Student_2161,1.57,SE,Junior,138
S02162,Student_2162,3.96,AI,Sophomore,75
S02163,Student_2163,2.85,Data Science,Junior,63
S02164,Student_2164,2.77,Finance,Freshman,114
S02165,Student_2165,1.92,Data Science,Sophomore,69
S02166,Student_2166,3.95,Data Science,Sophomore,71
S02167,Student_2167,3.97,SE,Sophomore,134
S02168,Student_2168,2.52,Finance,Senior,135
S02169,Student_2169,1.99,SE,Sophomore,15
S02170,Student_2170,2.07,AI,Senior,117
S02171,Student_2171,2.24,AI,Senior,85
S02172,Student_2172,2.18,SE,Freshman,106
S02173,Student_2173,3.57,Finance,Sophomore,27
S02174,Student_2174,1.99,Business,Junior,104
S02175,Student_2175,2.15,IT,Sophomore,86
S02176,Student_2176,2.5,Finance,Junior,43
S02177,Student_2177,2.51,AI,Junior,123
S02178,Student_2178,2.43,Finance,Senior,66
S02179,Student_2179,2.27,AI,Senior,62
S02180,Student_2180,2.92,AI,Senior,88
S02181,Student_2181,3.0,CS,Sophomore,40
S02182,Student_2182,1.65,IT,Freshman,129
S02183,Student_2183,2.59,Finance,Freshman,46
S02184,Student_2184,3.55,AI,Freshman,82
S02185,Student_2185,3.11,Business,Senior,132
S02186,Student_2186,2.93,IT,Junior,86
S02187,Student_2187,3.0,AI,Junior,85
S02188,Student_2188,3.71,Business,Sophomore,136
S02189,Student_2189,1.89,IT,Senior,17
S02190,Student_2190,3.83,SE,Freshman,121
S02191,Student_2191,3.68,Data Science,Junior,45
S02192,Student_2192,3.32,CS,Junior,46
S02193,Student_2193,3.57,IT,Junior,135
S02194,Student_2194,2.97,SE,Senior,17
S02195,Student_2195,2.03,Business,Junior,110
S02196,Student_2196,3.17,Finance,Junior,85
S02197,Student_2197,3.47,Finance,Freshman,20
S02198,Student_2198,3.22,SE,Senior,108
S02199,Student_2199,2.91,IT,Junior,32
S02200,Student_2200,2.37,Business,Senior,136
S02201,Student_2201,1.72,CS,Senior,79
S02202,Student_2202,2.65,SE,Junior,127
S02203,Student_2203,1.82,SE,Senior,96
S02204,Student_2204,2.66,Finance,Junior,16
S02205,Student_2205,3.33,Data Science,Junior,63
S02206,Student_2206,3.73,AI,Junior,41
S02207,Student_2207,2.61,IT,Sophomore,66
S02208,Student_2208,2.33,Data Science,Junior,77
S02209,Student_2209,2.21,SE,Junior,106
S02210,Student_2210,2.52,Business,Junior,48
S02211,Student_2211,2.8,AI,Junior,50
S02212,Student_2212,3.87,SE,Sophomore,52
S02213,Student_2213,3.5,SE,Freshman,32
S02214,Student_2214,2.05,CS,Freshman,35
S02215,Student_2215,2.54,Finance,Sophomore,9
S02216,Student_2216,1.91,CS,Senior,18
S02217,Student_2217,1.94,IT,Senior,140
S02218,Student_2218,3.72,SE,Junior,132
S02219,Student_2219,1.93,Business,Sophomore,135
S02220,Student_2220,2.89,Finance,Sophomore,41
S02221,Student_2221,3.6,CS,Sophomore,105
S02222,Student_2222,3.75,Business,Freshman,50
S02223,Student_2223,3.87,IT,Freshman,125
S02224,Student_2224,3.63,AI,Sophomore,77
S02225,Student_2225,3.57,CS,Freshman,47
S02226,Student_2226,3.04,CS,Freshman,110
S02227,Student_2227,3.68,IT,Senior,59
S02228,Student_2228,1.76,AI,Senior,33
S02229,Student_2229,3.94,CS,Senior,1
S02230,Student_2230,1.74,CS,Sophomore,67
S02231,Student_2231,3.09,AI,Senior,83
S02232,Student_2232,1.98,Finance,Senior,69
S02233,Student_2233,2.35,CS,Sophomore,77
S02234,Student_2234,1.86,CS,Junior,102
S02235,Student_2235,3.17,Data Science,Junior,68
S02236,Student_2236,2.59,AI,Freshman,30
S02237,Student_2237,1.57,Business,Sophomore,29
S02238,Student_2238,3.53,Finance,Freshman,8
S02239,Student_2239,3.84,AI,Sophomore,65
S02240,Student_2240,3.86,SE,Junior,92
S02241,Student_2241,2.51,Business,Junior,131
S02242,Student_2242,3.26,CS,Freshman,59
S02243,Student_2243,3.79,CS,Freshman,125
S02244,Student_2244,3.28,SE,Freshman,36
S02245,Student_2245,2.42,IT,Junior,1
S02246,Student_2246,2.89,Business,Sophomore,49
S02247,Student_2247,2.59,IT,Junior,84
S02248,Student_2248,3.21,SE,Freshman,136
S02249,Student_2249,3.42,CS,Junior,3
S02250,Student_2250,3.19,SE,Senior,95
S02251,Student_2251,3.77,CS,Junior,55
S02252,Student_2252,1.66,Finance,Junior,71
S02253,Student_2253,2.63,AI,Senior,72
S02254,Student_2254,1.98,CS,Junior,86
S02255,Student_2255,2.7,Finance,Freshman,25
S02256,Student_2256,3.95,Business,Junior,95
S02257,Student_2257,2.78,Data Science,Junior,29
S02258,Student_2258,3.72,IT,Sophomore,44
S02259,Student_2259,3.26,IT,Senior,46
S02260,Student_2260,2.8,Business,Senior,68
S02261,Student_2261,3.86,Business,Senior,30
S02262,Student_2262,1.71,IT,Junior,73
S02263,Student_2263,3.52,CS,Senior,121
S02264,Student_2264,2.13,AI,Junior,100
S02265,Student_2265,1.69,AI,Freshman,127
S02266,Student_2266,2.58,Business,Junior,3
S02267,Student_2267,2.49,IT,Freshman,27
S02268,Student_2268,2.28,AI,Senior,97
S02269,Student_2269,3.16,Finance,Senior,25
S02270,Student_2270,3.15,SE,Sophomore,33
S02271,Student_2271,2.13,Business,Senior,95
S02272,Student_2272,2.76,Finance,Senior,63
S02273,Student_2273,2.74,AI,Senior,2
S02274,Student_2274,2.36,Data Science,Junior,61
S02275,Student_2275,1.65,Finance,Junior,8
S02276,Student_2276,3.46,Data Science,Sophomore,17
S02277,Student_2277,1.74,Finance,Sophomore,3
S02278,Student_2278,3.39,IT,Senior,75
S02279,Student_2279,2.53,Finance,Freshman,16
S02280,Student_2280,3.73,CS,Senior,44
S02281,Student_2281,2.9,SE,Freshman,52
S02282,Student_2282,3.4,SE,Freshman,70
S02283,Student_2283,1.88,CS,Senior,54
S02284,Student_2284,2.44,SE,Freshman,84
S02285,Student_2285,2.28,CS,Sophomore,127
S02286,Student_2286,4.0,Finance,Junior,103
S02287,Student_2287,2.58,Business,Junior,35
S02288,Student_2288,1.85,Business,Senior,101
S02289,Student_2289,2.17,Business,Freshman,64
S02290,Student_2290,3.97,Business,Freshman,110
S02291,Student_2291,3.64,Business,Freshman,82
S02292,Student_2292,2.21,Business,Junior,107
S02293,Student_2293,1.66,CS,Freshman,63
S02294,Student_2294,2.96,Finance,Sophomore,37
S02295,Student_2295,1.9,Business,Sophomore,88
S02296,Student_2296,2.23,AI,Sophomore,71
S02297,Student_2297,2.34,Business,Freshman,107
S02298,Student_2298,2.15,IT,Junior,12
S02299,Student_2299,2.2,CS,Sophomore,43
S02300,Student_2300,2.24,Finance,Junior,4
S02301,Student_2301,1.73,Data Science,Senior,67
S02302,Student_2302,2.41,CS,Sophomore,76
S02303,Student_2303,3.86,IT,Junior,13
S02304,Student_2304,2.09,IT,Junior,16
S02305,Student_2305,2.43,SE,Freshman,37
S02306,Student_2306,3.39,AI,Junior,75
S02307,Student_2307,1.76,CS,Junior,45
S02308,Student_2308,2.97,CS,Sophomore,22
S02309,Student_2309,3.7,Business,Senior,4
S02310,Student_2310,2.89,SE,Sophomore,10
S02311,Student_2311,3.44,CS,Junior,114
S02312,Student_2312,1.67,Finance,Sophomore,23
S02313,Student_2313,2.16,Finance,Senior,140
S02314,Student_2314,2.66,Finance,Senior,8
S02315,Student_2315,2.2,Data Science,Junior,20
S02316,Student_2316,3.01,Data Science,Senior,10
S02317,Student_2317,1.9,IT,Senior,105
S02318,Student_2318,3.83,IT,Sophomore,133
S02319,Student_2319,3.19,Business,Junior,103
S02320,Student_2320,2.62,Finance,Freshman,4
S02321,Student_2321,1.74,CS,Sophomore,6
S02322,Student_2322,2.71,SE,Freshman,30
S02323,Student_2323,2.43,IT,Sophomore,13
S02324,Student_2324,1.53,CS,Sophomore,41
S02325,Student_2325,3.26,AI,Freshman,24
S02326,Student_2326,2.64,Business,Senior,93
S02327,Student_2327,2.91,Data Science,Junior,11
S02328,Student_2328,3.91,Business,Senior,120
S02329,Student_2329,3.07,CS,Freshman,135
S02330,Student_2330,2.81,Data Science,Sophomore,107
S02331,Student_2331,3.32,Business,Sophomore,85
S02332,Student_2332,2.82,Finance,Sophomore,98
S02333,Student_2333,3.85,SE,Junior,10
S02334,Student_2334,3.25,SE,Freshman,37
S02335,Student_2335,2.31,Business,Sophomore,48
S02336,Student_2336,1.77,Business,Senior,113
S02337,Student_2337,2.93,CS,Freshman,81
S02338,Student_2338,1.91,Business,Sophomore,124
S02339,Student_2339,2.09,Finance,Freshman,66
S02340,Student_2340,1.78,Data Science,Sophomore,131
S02341,Student_2341,3.9,Business,Freshman,11
S02342,Student_2342,2.19,IT,Senior,131
S02343,Student_2343,3.74,CS,Senior,45
S02344,Student_2344,2.14,Business,Junior,32
S02345,Student_2345,1.59,IT,Senior,66
S02346,Student_2346,3.56,IT,Junior,6
S02347,Student_2347,1.85,Business,Sophomore,38
S02348,Student_2348,2.94,Finance,Senior,131
S02349,Student_2349,3.4,CS,Sophomore,68
S02350,Student_2350,3.62,AI,Junior,28
S02351,Student_2351,3.16,SE,Senior,66
S02352,Student_2352,2.71,Business,Senior,28
S02353,Student_2353,3.27,IT,Freshman,131
S02354,Student_2354,3.38,Finance,Sophomore,22
S02355,Student_2355,3.52,Finance,Junior,136
S02356,Student_2356,1.51,Finance,Junior,37
S02357,Student_2357,2.7,AI,Senior,93
S02358,Student_2358,2.8,Finance,Senior,93
S02359,Student_2359,3.03,AI,Sophomore,87
S02360,Student_2360,3.64,Data Science,Junior,121
S02361,Student_2361,2.02,IT,Freshman,126
S02362,Student_2362,2.99,SE,Freshman,134
S02363,Student_2363,2.42,IT,Junior,131
S02364,Student_2364,3.0,Finance,Sophomore,51
S02365,Student_2365,2.6,Business,Sophomore,1
S02366,Student_2366,2.45,CS,Sophomore,32
S02367,Student_2367,2.74,AI,Sophomore,89
S02368,Student_2368,1.82,IT,Senior,56
S02369,Student_2369,3.91,SE,Freshman,36
S02370,Student_2370,3.66,Data Science,Junior,8
S02371,Student_2371,1.92,CS,Senior,44
S02372,Student_2372,3.41,SE,Junior,117
S02373,Student_2373,3.51,Business,Sophomore,63
S02374,Student_2374,2.5,SE,Sophomore,125
S02375,Student_2375,2.99,SE,Junior,140
S02376,Student_2376,2.54,IT,Senior,59
S02377,Student_2377,3.64,Data Science,Junior,13
S02378,Student_2378,2.59,Business,Sophomore,12
S02379,Student_2379,1.89,Data Science,Freshman,35
S02380,Student_2380,1.51,Data Science,Freshman,127
S02381,Student_2381,2.42,AI,Freshman,94
S02382,Student_2382,1.71,IT,Sophomore,134
S02383,Student_2383,1.55,Business,Sophomore,113
S02384,Student_2384,1.79,Business,Freshman,92
S02385,Student_2385,3.68,SE,Junior,86
S02386,Student_2386,2.23,IT,Junior,28
S02387,Student_2387,2.24,Data Science,Senior,50
S02388,Student_2388,2.05,Finance,Sophomore,66
S02389,Student_2389,2.56,IT,Senior,121
S02390,Student_2390,3.08,Finance,Sophomore,21
S02391,Student_2391,3.79,Data Science,Junior,104
S02392,Student_2392,2.48,Data Science,Junior,84
S02393,Student_2393,2.66,Business,Sophomore,10
S02394,Student_2394,1.84,Finance,Junior,10
S02395,Student_2395,3.41,IT,Sophomore,97
S02396,Student_2396,3.1,CS,Junior,45
S02397,Student_2397,2.61,Data Science,Sophomore,14
S02398,Student_2398,3.96,AI,Freshman,127
S02399,Student_2399,2.53,CS,Freshman,101
S02400,Student_2400,3.56,AI,Junior,16
S02401,Student_2401,2.34,Finance,Junior,6
S02402,Student_2402,2.29,AI,Senior,125
S02403,Student_2403,3.38,SE,Junior,53
S02404,Student_2404,1.59,CS,Senior,133
S02405,Student_2405,2.31,Finance,Sophomore,64
S02406,Student_2406,2.87,Finance,Freshman,35
S02407,Student_2407,2.49,Data Science,Sophomore,102
S02408,Student_2408,2.6,IT,Junior,39
S02409,Student_2409,2.37,Data Science,Junior,130
S02410,Student_2410,3.65,Data Science,Junior,139
S02411,Student_2411,1.75,SE,Senior,86
S02412,Student_2412,3.46,AI,Senior,55
S02413,Student_2413,3.68,AI,Junior,79
S02414,Student_2414,3.9,IT,Senior,40
S02415,Student_2415,3.32,Business,Senior,139
S02416,Student_2416,3.38,Business,Senior,51
S02417,Student_2417,3.58,Business,Freshman,4
S02418,Student_2418,2.29,CS,Freshman,120
S02419,Student_2419,2.8,AI,Sophomore,131
S02420,Student_2420,2.13,Data Science,Freshman,90
S02421,Student_2421,2.33,Data Science,Freshman,32
S02422,Student_2422,2.29,Business,Sophomore,2
S02423,Student_2423,3.52,Business,Freshman,48
S02424,Student_2424,3.75,Business,Sophomore,14
S02425,Student_2425,2.09,CS,Junior,88
S02426,Student_2426,3.17,AI,Junior,77
S02427,Student_2427,1.81,AI,Sophomore,23
S02428,Student_2428,1.83,CS,Sophomore,140
S02429,Student_2429,3.42,IT,Sophomore,111
S02430,Student_2430,2.53,SE,Junior,101
S02431,Student_2431,3.28,Business,Junior,127
S02432,Student_2432,1.88,Finance,Sophomore,5
S02433,Student_2433,1.55,IT,Sophomore,122
S02434,Student_2434,2.28,Finance,Senior,12
S02435,Student_2435,2.56,Business,Freshman,0
S02436,Student_2436,3.14,AI,Freshman,22
S02437,Student_2437,2.03,Finance,Freshman,97
S02438,Student_2438,2.6,Finance,Senior,80
S02439,Student_2439,3.18,Finance,Sophomore,105
S02440,Student_2440,3.51,CS,Sophomore,61
S02441,Student_2441,3.08,SE,Freshman,67
S02442,Student_2442,3.76,IT,Senior,133
S02443,Student_2443,2.88,IT,Senior,64
S02444,Student_2444,1.78,Finance,Junior,92
S02445,Student_2445,3.19,IT,Freshman,62
S02446,Student_2446,3.89,Finance,Senior,120
S02447,Student_2447,2.86,Finance,Junior,12
S02448,Student_2448,1.62,SE,Sophomore,5
S02449,Student_2449,2.54,Finance,Senior,105
S02450,Student_2450,3.58,AI,Freshman,61
S02451,Student_2451,2.05,Business,Sophomore,65
S02452,Student_2452,2.34,Finance,Freshman,140
S02453,Student_2453,3.93,Finance,Freshman,35
S02454,Student_2454,1.75,IT,Freshman,119
S02455,Student_2455,3.32,Data Science,Junior,22
S02456,Student_2456,2.15,Business,Sophomore,98
S02457,Student_2457,2.03,IT,Sophomore,116
S02458,Student_2458,3.24,IT,Sophomore,76
S02459,Student_2459,2.95,CS,Junior,101
S02460,Student_2460,3.24,AI,Freshman,103
S02461,Student_2461,1.88,CS,Sophomore,74
S02462,Student_2462,2.31,Data Science,Senior,106
S02463,Student_2463,2.53,CS,Senior,102
S02464,Student_2464,1.65,Finance,Sophomore,83
S02465,Student_2465,2.56,Finance,Senior,8
S02466,Student_2466,1.87,CS,Junior,129
S02467,Student_2467,3.59,CS,Senior,131
S02468,Student_2468,2.06,Finance,Senior,90
S02469,Student_2469,3.97,CS,Senior,19
S02470,Student_2470,3.84,CS,Junior,73
S02471,Student_2471,3.33,Business,Senior,26
S02472,Student_2472,2.72,AI,Junior,64
S02473,Student_2473,1.9,CS,Junior,31
S02474,Student_2474,3.34,Finance,Sophomore,20
S02475,Student_2475,2.24,SE,Junior,6
S02476,Student_2476,2.36,Data Science,Sophomore,23
S02477,Student_2477,3.95,Finance,Senior,48
S02478,Student_2478,2.19,SE,Senior,114
S02479,Student_2479,1.97,SE,Freshman,67
S02480,Student_2480,3.29,Data Science,Freshman,38
S02481,Student_2481,2.15,Data Science,Senior,72
S02482,Student_2482,3.78,SE,Senior,78
S02483,Student_2483,2.83,SE,Freshman,54
S02484,Student_2484,2.17,Business,Freshman,67
S02485,Student_2485,3.78,Finance,Freshman,28
S02486,Student_2486,2.28,Finance,Junior,109
S02487,Student_2487,2.77,AI,Freshman,54
S02488,Student_2488,1.84,Data Science,Sophomore,11
S02489,Student_2489,3.64,Data Science,Freshman,60
S02490,Student_2490,3.22,IT,Sophomore,10
S02491,Student_2491,3.75,CS,Junior,123
S02492,Student_2492,2.7,Business,Senior,38
S02493,Student_2493,2.04,Finance,Junior,0
S02494,Student_2494,2.88,AI,Sophomore,5
S02495,Student_2495,3.51,SE,Senior,13
S02496,Student_2496,2.8,AI,Sophomore,13
S02497,Student_2497,3.39,Data Science,Junior,6
S02498,Student_2498,2.59,Business,Junior,5
S02499,Student_2499,3.66,SE,Junior,83
S02500,Student_2500,1.87,Data Science,Junior,54
S02501,Student_2501,3.65,Business,Freshman,81
S02502,Student_2502,2.77,Data Science,Junior,52
S02503,Student_2503,3.71,Finance,Freshman,46
S02504,Student_2504,2.2,IT,Sophomore,24
S02505,Student_2505,1.87,IT,Junior,18
S02506,Student_2506,3.84,AI,Junior,137
S02507,Student_2507,3.52,CS,Sophomore,94
S02508,Student_2508,3.44,SE,Junior,67
S02509,Student_2509,3.12,AI,Freshman,13
S02510,Student_2510,3.25,Business,Freshman,41
S02511,Student_2511,3.58,AI,Freshman,41
S02512,Student_2512,3.2,Data Science,Senior,41
S02513,Student_2513,3.43,SE,Freshman,63
S02514,Student_2514,2.25,SE,Freshman,23
S02515,Student_2515,3.97,Finance,Senior,39
S02516,Student_2516,2.57,CS,Freshman,72
S02517,Student_2517,2.05,SE,Senior,115
S02518,Student_2518,3.59,Data Science,Freshman,54
S02519,Student_2519,3.44,Data Science,Freshman,49
S02520,Student_2520,2.78,Data Science,Senior,82
S02521,Student_2521,3.29,Finance,Junior,20
S02522,Student_2522,1.88,Business,Senior,120
S02523,Student_2523,1.71,SE,Sophomore,76
S02524,Student_2524,1.75,CS,Sophomore,130
S02525,Student_2525,1.61,AI,Junior,76
S02526,Student_2526,1.57,Data Science,Freshman,35
S02527,Student_2527,3.83,SE,Sophomore,95
S02528,Student_2528,3.93,SE,Sophomore,2
S02529,Student_2529,3.21,Data Science,Freshman,21
S02530,Student_2530,2.83,CS,Freshman,118
S02531,Student_2531,1.97,Business,Senior,56
S02532,Student_2532,2.86,AI,Senior,122
S02533,Student_2533,1.81,AI,Sophomore,5
S02534,Student_2534,1.52,Finance,Freshman,90
S02535,Student_2535,3.99,AI,Sophomore,56
S02536,Student_2536,1.75,Finance,Senior,63
S02537,Student_2537,3.53,SE,Senior,90
S02538,Student_2538,3.97,IT,Junior,58
S02539,Student_2539,3.78,Finance,Sophomore,100
S02540,Student_2540,2.13,Data Science,Sophomore,3
S02541,Student_2541,2.47,Business,Freshman,111
S02542,Student_2542,2.77,IT,Sophomore,12
S02543,Student_2543,3.13,AI,Freshman,137
S02544,Student_2544,2.18,AI,Senior,35
S02545,Student_2545,1.9,CS,Freshman,37
S02546,Student_2546,2.01,CS,Freshman,108
S02547,Student_2547,3.59,Business,Junior,123
S02548,Student_2548,3.49,AI,Senior,29
S02549,Student_2549,2.07,Business,Freshman,5
S02550,Student_2550,3.79,Business,Freshman,61
S02551,Student_2551,1.53,Finance,Freshman,99
S02552,Student_2552,2.02,AI,Freshman,42
S02553,Student_2553,2.73,AI,Sophomore,110
S02554,Student_2554,1.5,Data Science,Sophomore,103
S02555,Student_2555,3.04,Business,Senior,23
S02556,Student_2556,3.95,Business,Sophomore,30
S02557,Student_2557,3.21,IT,Senior,29
S02558,Student_2558,1.95,Finance,Junior,99
S02559,Student_2559,2.49,SE,Freshman,73
S02560,Student_2560,1.61,Business,Senior,16
S02561,Student_2561,3.06,Business,Junior,15
S02562,Student_2562,1.65,Data Science,Senior,39
S02563,Student_2563,1.55,Business,Freshman,51
S02564,Student_2564,3.99,AI,Senior,39
S02565,Student_2565,1.94,AI,Sophomore,139
S02566,Student_2566,3.9,CS,Sophomore,70
S02567,Student_2567,2.82,IT,Junior,76
S02568,Student_2568,2.01,Finance,Junior,110
S02569,Student_2569,1.77,Business,Junior,42
S02570,Student_2570,2.64,Finance,Freshman,48
S02571,Student_2571,1.99,Business,Sophomore,2
S02572,Student_2572,1.7,Business,Senior,91
S02573,Student_2573,3.65,SE,Freshman,27
S02574,Student_2574,2.2,Finance,Senior,119
S02575,Student_2575,2.0,Finance,Senior,136
S02576,Student_2576,3.83,IT,Senior,119
S02577,Student_2577,2.54,IT,Freshman,18
S02578,Student_2578,3.56,Business,Junior,51
S02579,Student_2579,1.74,SE,Freshman,104
S02580,Student_2580,3.4,Finance,Freshman,47
S02581,Student_2581,3.26,IT,Freshman,3
S02582,Student_2582,2.95,Data Science,Freshman,44
S02583,Student_2583,3.67,SE,Junior,88
S02584,Student_2584,1.81,SE,Sophomore,18
S02585,Student_2585,3.61,AI,Senior,133
S02586,Student_2586,3.36,IT,Sophomore,108
S02587,Student_2587,1.65,CS,Senior,107
S02588,Student_2588,2.02,SE,Freshman,65
S02589,Student_2589,2.95,IT,Senior,28
S02590,Student_2590,1.8,IT,Sophomore,46
S02591,Student_2591,3.22,IT,Freshman,66
S02592,Student_2592,2.99,IT,Freshman,19
S02593,Student_2593,2.71,AI,Sophomore,105
S02594,Student_2594,3.2,SE,Sophomore,44
S02595,Student_2595,3.08,AI,Junior,80
S02596,Student_2596,3.7,CS,Junior,5
S02597,Student_2597,2.74,IT,Senior,91
S02598,Student_2598,2.0,Data Science,Junior,67
S02599,Student_2599,1.77,Finance,Sophomore,0
S02600,Student_2600,2.03,Data Science,Junior,139
S02601,Student_2601,3.17,Business,Senior,38
S02602,Student_2602,3.85,AI,Sophomore,70
S02603,Student_2603,3.65,IT,Sophomore,92
S02604,Student_2604,1.63,Finance,Senior,128
S02605,Student_2605,2.11,IT,Freshman,73
S02606,Student_2606,3.64,Data Science,Freshman,63
S02607,Student_2607,2.1,AI,Junior,84
S02608,Student_2608,2.66,Finance,Junior,78
S02609,Student_2609,3.13,AI,Senior,4
S02610,Student_2610,3.52,Data Science,Sophomore,19
S02611,Student_2611,1.91,CS,Junior,54
S02612,Student_2612,2.55,AI,Freshman,37
S02613,Student_2613,1.86,SE,Junior,88
S02614,Student_2614,3.74,IT,Senior,10
S02615,Student_2615,3.59,CS,Junior,73
S02616,Student_2616,1.56,IT,Senior,32
S02617,Student_2617,1.93,CS,Junior,68
S02618,Student_2618,3.59,Business,Junior,81
S02619,Student_2619,2.86,CS,Junior,47
S02620,Student_2620,1.71,CS,Sophomore,38
S02621,Student_2621,3.75,Data Science,Sophomore,39
S02622,Student_2622,1.92,Business,Senior,138
S02623,Student_2623,1.93,CS,Senior,20
S02624,Student_2624,3.95,CS,Junior,2
S02625,Student_2625,2.75,IT,Junior,116
S02626,Student_2626,3.72,IT,Freshman,138
S02627,Student_2627,3.24,CS,Senior,32
S02628,Student_2628,3.66,CS,Junior,8
S02629,Student_2629,2.64,AI,Sophomore,133
S02630,Student_2630,3.93,SE,Senior,44
S02631,Student_2631,2.06,CS,Junior,103
S02632,Student_2632,1.89,Business,Sophomore,93
S02633,Student_2633,1.68,AI,Sophomore,27
S02634,Student_2634,1.61,Data Science,Senior,47
S02635,Student_2635,2.81,IT,Junior,105
S02636,Student_2636,1.62,SE,Freshman,105
S02637,Student_2637,2.72,AI,Junior,14
S02638,Student_2638,2.59,AI,Junior,67
S02639,Student_2639,3.64,Data Science,Freshman,136
S02640,Student_2640,2.73,Business,Freshman,61
S02641,Student_2641,3.18,AI,Junior,126
S02642,Student_2642,2.2,Data Science,Sophomore,118
S02643,Student_2643,1.75,IT,Senior,24
S02644,Student_2644,1.57,CS,Junior,72
S02645,Student_2645,2.47,CS,Senior,3
S02646,Student_2646,2.65,Business,Junior,107
S02647,Student_2647,2.02,Finance,Sophomore,47
S02648,Student_2648,1.55,Finance,Junior,86
S02649,Student_2649,2.44,Data Science,Junior,24
S02650,Student_2650,1.89,Data Science,Senior,77
S02651,Student_2651,2.78,Data Science,Senior,110
S02652,Student_2652,3.69,SE,Junior,83
S02653,Student_2653,3.05,Finance,Freshman,75
S02654,Student_2654,1.56,CS,Junior,56
S02655,Student_2655,2.78,Business,Freshman,45
S02656,Student_2656,2.44,AI,Freshman,132
S02657,Student_2657,1.95,AI,Junior,87
S02658,Student_2658,2.13,CS,Senior,76
S02659,Student_2659,3.91,Business,Junior,99
S02660,Student_2660,1.69,Business,Sophomore,38
S02661,Student_2661,3.12,Data Science,Junior,59
S02662,Student_2662,2.51,IT,Senior,57
S02663,Student_2663,3.27,CS,Freshman,110
S02664,Student_2664,2.36,IT,Junior,61
S02665,Student_2665,3.69,SE,Junior,80
S02666,Student_2666,3.96,IT,Sophomore,125
S02667,Student_2667,3.29,CS,Freshman,85
S02668,Student_2668,2.87,SE,Freshman,71
S02669,Student_2669,2.4,Data Science,Junior,35
S02670,Student_2670,3.97,SE,Sophomore,77
S02671,Student_2671,3.29,SE,Senior,128
S02672,Student_2672,2.51,IT,Freshman,69
S02673,Student_2673,3.4,CS,Freshman,110
S02674,Student_2674,3.36,CS,Junior,52
S02675,Student_2675,2.02,Data Science,Junior,13
S02676,Student_2676,3.94,AI,Junior,48
S02677,Student_2677,2.38,IT,Freshman,46
S02678,Student_2678,3.12,CS,Junior,7
S02679,Student_2679,2.75,CS,Junior,86
S02680,Student_2680,3.24,AI,Junior,42
S02681,Student_2681,2.01,IT,Freshman,112
S02682,Student_2682,2.79,Data Science,Junior,49
S02683,Student_2683,2.86,SE,Senior,139
S02684,Student_2684,3.77,SE,Sophomore,113
S02685,Student_2685,2.04,Finance,Senior,18
S02686,Student_2686,2.05,SE,Sophomore,70
S02687,Student_2687,3.99,CS,Senior,123
S02688,Student_2688,3.32,Business,Junior,137
S02689,Student_2689,3.51,Data Science,Sophomore,40
S02690,Student_2690,3.02,Business,Senior,131
S02691,Student_2691,2.26,Data Science,Freshman,128
S02692,Student_2692,3.72,Data Science,Sophomore,57
S02693,Student_2693,3.52,Finance,Junior,94
S02694,Student_2694,1.93,Business,Junior,51
S02695,Student_2695,2.59,IT,Sophomore,115
S02696,Student_2696,1.78,IT,Freshman,88
S02697,Student_2697,3.65,SE,Senior,37
S02698,Student_2698,2.73,AI,Junior,116
S02699,Student_2699,1.73,Business,Sophomore,31
S02700,Student_2700,1.74,Business,Sophomore,132
S02701,Student_2701,2.39,Business,Senior,76
S02702,Student_2702,3.12,SE,Sophomore,37
S02703,Student_2703,2.96,Finance,Freshman,140
S02704,Student_2704,3.04,Business,Junior,85
S02705,Student_2705,3.35,Business,Senior,17
S02706,Student_2706,3.43,Finance,Sophomore,11
S02707,Student_2707,3.45,Data Science,Junior,74
S02708,Student_2708,2.18,Business,Sophomore,59
S02709,Student_2709,2.2,AI,Freshman,131
S02710,Student_2710,1.81,IT,Senior,47
S02711,Student_2711,3.73,SE,Junior,111
S02712,Student_2712,3.61,Data Science,Junior,86
S02713,Student_2713,2.38,Business,Senior,12
S02714,Student_2714,3.24,SE,Freshman,94
S02715,Student_2715,3.0,Data Science,Freshman,75
S02716,Student_2716,3.27,AI,Freshman,115
S02717,Student_2717,3.4,SE,Junior,120
S02718,Student_2718,1.99,Business,Freshman,122
S02719,Student_2719,3.05,Business,Freshman,75
S02720,Student_2720,2.72,Business,Senior,49
S02721,Student_2721,3.39,SE,Junior,23
S02722,Student_2722,1.95,IT,Sophomore,54
S02723,Student_2723,2.15,SE,Junior,72
S02724,Student_2724,1.54,CS,Freshman,65
S02725,Student_2725,2.5,Business,Junior,42
S02726,Student_2726,1.56,IT,Sophomore,108
S02727,Student_2727,2.46,Business,Freshman,57
S02728,Student_2728,3.34,IT,Junior,106
S02729,Student_2729,1.55,Business,Freshman,22
S02730,Student_2730,1.87,Finance,Junior,112
S02731,Student_2731,2.36,Data Science,Freshman,83
S02732,Student_2732,3.81,Data Science,Senior,109
S02733,Student_2733,3.1,Data Science,Junior,50
S02734,Student_2734,3.33,IT,Freshman,37
S02735,Student_2735,2.65,AI,Senior,115
S02736,Student_2736,1.55,IT,Sophomore,101
S02737,Student_2737,3.53,SE,Junior,83
S02738,Student_2738,3.59,IT,Freshman,75
S02739,Student_2739,3.84,SE,Junior,117
S02740,Student_2740,2.94,Finance,Junior,39
S02741,Student_2741,3.42,CS,Junior,3
S02742,Student_2742,2.71,Finance,Junior,117
S02743,Student_2743,3.33,AI,Sophomore,128
S02744,Student_2744,2.05,IT,Senior,48
S02745,Student_2745,3.76,IT,Junior,108
S02746,Student_2746,3.71,Finance,Freshman,133
S02747,Student_2747,3.15,Finance,Senior,56
S02748,Student_2748,3.16,Data Science,Junior,30
S02749,Student_2749,1.67,AI,Sophomore,111
S02750,Student_2750,2.04,Finance,Junior,81
S02751,Student_2751,2.65,Business,Freshman,72
S02752,Student_2752,3.27,AI,Junior,94
S02753,Student_2753,2.14,Business,Freshman,135
S02754,Student_2754,1.76,IT,Senior,14
S02755,Student_2755,2.07,AI,Junior,10
S02756,Student_2756,2.13,Data Science,Freshman,120
S02757,Student_2757,2.11,Finance,Sophomore,59
S02758,Student_2758,2.37,CS,Junior,139
S02759,Student_2759,1.81,IT,Sophomore,103
S02760,Student_2760,3.58,CS,Senior,137
S02761,Student_2761,1.74,IT,Junior,119
S02762,Student_2762,1.73,AI,Junior,92
S02763,Student_2763,2.54,SE,Sophomore,2
S02764,Student_2764,3.82,Business,Junior,128
S02765,Student_2765,2.85,IT,Freshman,9
S02766,Student_2766,1.77,SE,Sophomore,139
S02767,Student_2767,3.55,Data Science,Junior,130
S02768,Student_2768,2.26,Data Science,Sophomore,122
S02769,Student_2769,2.3,SE,Freshman,100
S02770,Student_2770,3.35,Data Science,Sophomore,20
S02771,Student_2771,1.79,Finance,Senior,78
S02772,Student_2772,2.1,CS,Sophomore,27
S02773,Student_2773,1.93,SE,Senior,37
S02774,Student_2774,2.9,Data Science,Junior,123
S02775,Student_2775,1.5,IT,Senior,58
S02776,Student_2776,2.67,Business,Senior,30
S02777,Student_2777,3.48,IT,Sophomore,117
S02778,Student_2778,3.88,Business,Freshman,130
S02779,Student_2779,2.27,Finance,Senior,28
S02780,Student_2780,1.62,Data Science,Junior,56
S02781,Student_2781,2.33,CS,Senior,113
S02782,Student_2782,1.85,Data Science,Junior,97
S02783,Student_2783,3.59,SE,Senior,36
S02784,Student_2784,3.39,CS,Sophomore,15
S02785,Student_2785,3.67,Data Science,Junior,129
S02786,Student_2786,1.56,Data Science,Freshman,9
S02787,Student_2787,2.41,IT,Senior,81
S02788,Student_2788,1.89,AI,Freshman,51
S02789,Student_2789,2.21,Finance,Senior,132
S02790,Student_2790,3.31,IT,Sophomore,41
S02791,Student_2791,2.43,CS,Junior,1
S02792,Student_2792,3.62,AI,Freshman,11
S02793,Student_2793,3.18,AI,Freshman,71
S02794,Student_2794,1.57,SE,Freshman,104
S02795,Student_2795,3.43,Business,Freshman,65
S02796,Student_2796,1.72,IT,Junior,7
S02797,Student_2797,2.51,Business,Junior,57
S02798,Student_2798,1.8,IT,Junior,110
S02799,Student_2799,2.76,CS,Freshman,66
S02800,Student_2800,2.83,SE,Junior,6
S02801,Student_2801,2.9,Data Science,Junior,48
S02802,Student_2802,2.46,Finance,Sophomore,92
S02803,Student_2803,2.62,SE,Junior,43
S02804,Student_2804,2.12,SE,Senior,68
S02805,Student_2805,2.15,CS,Freshman,50
S02806,Student_2806,3.97,Data Science,Sophomore,2
S02807,Student_2807,2.06,IT,Sophomore,116
S02808,Student_2808,2.03,Business,Junior,42
S02809,Student_2809,2.22,IT,Senior,85
S02810,Student_2810,3.1,CS,Freshman,70
S02811,Student_2811,2.4,Finance,Sophomore,23
S02812,Student_2812,2.88,Business,Senior,0
S02813,Student_2813,3.89,IT,Freshman,103
S02814,Student_2814,2.05,Data Science,Junior,41
S02815,Student_2815,2.96,Business,Junior,90
S02816,Student_2816,3.65,Business,Junior,6
S02817,Student_2817,2.95,AI,Sophomore,14
S02818,Student_2818,3.04,SE,Freshman,98
S02819,Student_2819,2.47,Finance,Senior,101
S02820,Student_2820,3.25,AI,Junior,75
S02821,Student_2821,3.64,Data Science,Junior,33
S02822,Student_2822,2.56,Business,Freshman,112
S02823,Student_2823,1.52,AI,Freshman,139
S02824,Student_2824,2.16,Business,Sophomore,37
S02825,Student_2825,2.37,AI,Junior,19
S02826,Student_2826,3.15,Finance,Sophomore,36
S02827,Student_2827,3.08,Business,Sophomore,64
S02828,Student_2828,1.57,IT,Junior,90
S02829,Student_2829,3.75,Data Science,Junior,58
S02830,Student_2830,3.7,SE,Freshman,33
S02831,Student_2831,3.71,SE,Junior,73
S02832,Student_2832,3.29,IT,Senior,122
S02833,Student_2833,1.86,AI,Freshman,86
S02834,Student_2834,2.78,SE,Freshman,102
S02835,Student_2835,3.79,IT,Sophomore,126
S02836,Student_2836,2.22,CS,Senior,112
S02837,Student_2837,1.82,IT,Senior,105
S02838,Student_2838,3.4,SE,Senior,79
S02839,Student_2839,3.93,Business,Junior,17
S02840,Student_2840,3.99,Data Science,Senior,102
S02841,Student_2841,3.55,SE,Junior,96
S02842,Student_2842,2.13,IT,Junior,126
S02843,Student_2843,2.68,SE,Junior,29
S02844,Student_2844,3.1,CS,Freshman,24
S02845,Student_2845,1.92,CS,Junior,122
S02846,Student_2846,2.68,Finance,Senior,96
S02847,Student_2847,2.75,CS,Sophomore,74
S02848,Student_2848,1.85,SE,Junior,89
S02849,Student_2849,2.37,SE,Junior,16
S02850,Student_2850,1.92,SE,Senior,14
S02851,Student_2851,3.27,CS,Sophomore,12
S02852,Student_2852,3.24,Data Science,Freshman,39
S02853,Student_2853,3.53,AI,Senior,96
S02854,Student_2854,1.97,AI,Freshman,132
S02855,Student_2855,3.25,AI,Freshman,133
S02856,Student_2856,1.95,IT,Senior,57
S02857,Student_2857,1.79,CS,Junior,60
S02858,Student_2858,1.89,SE,Senior,92
S02859,Student_2859,3.28,Finance,Freshman,7
S02860,Student_2860,1.82,CS,Freshman,112
S02861,Student_2861,2.74,Business,Freshman,29
S02862,Student_2862,1.97,CS,Junior,45
S02863,Student_2863,3.99,Data Science,Senior,39
S02864,Student_2864,3.49,AI,Freshman,140
S02865,Student_2865,2.96,Data Science,Senior,34
S02866,Student_2866,2.34,AI,Junior,62
S02867,Student_2867,1.97,IT,Senior,50
S02868,Student_2868,4.0,IT,Sophomore,29
S02869,Student_2869,2.6,Finance,Junior,74
S02870,Student_2870,3.43,AI,Junior,6
S02871,Student_2871,3.53,Data Science,Senior,128
S02872,Student_2872,3.08,Business,Senior,8
S02873,Student_2873,2.18,Finance,Junior,126
S02874,Student_2874,3.39,SE,Junior,63
S02875,Student_2875,3.64,Finance,Senior,20
S02876,Student_2876,1.91,AI,Freshman,91
S02877,Student_2877,2.13,IT,Junior,34
S02878,Student_2878,2.58,Business,Sophomore,2
S02879,Student_2879,2.56,Finance,Sophomore,82
S02880,Student_2880,1.72,Data Science,Senior,11
S02881,Student_2881,3.72,Finance,Sophomore,36
S02882,Student_2882,3.46,Data Science,Freshman,25
S02883,Student_2883,1.88,CS,Senior,38
S02884,Student_2884,3.68,Finance,Sophomore,66
S02885,Student_2885,3.6,SE,Sophomore,11
S02886,Student_2886,3.9,Finance,Freshman,78
S02887,Student_2887,3.85,SE,Sophomore,49
S02888,Student_2888,2.67,IT,Sophomore,117
S02889,Student_2889,3.17,CS,Senior,112
S02890,Student_2890,2.18,Finance,Sophomore,13
S02891,Student_2891,1.55,IT,Freshman,66
S02892,Student_2892,1.56,Data Science,Sophomore,30
S02893,Student_2893,2.72,IT,Junior,69
S02894,Student_2894,1.67,Finance,Freshman,136
S02895,Student_2895,3.57,Business,Sophomore,83
S02896,Student_2896,1.52,CS,Senior,52
S02897,Student_2897,2.22,CS,Sophomore,7
S02898,Student_2898,2.73,SE,Sophomore,83
S02899,Student_2899,3.77,Business,Junior,130
S02900,Student_2900,2.05,IT,Sophomore,9
S02901,Student_2901,3.1,AI,Senior,10
S02902,Student_2902,2.46,Business,Freshman,50
S02903,Student_2903,3.72,Data Science,Senior,39
S02904,Student_2904,1.76,SE,Senior,70
S02905,Student_2905,3.67,IT,Senior,136
S02906,Student_2906,1.88,CS,Junior,117
S02907,Student_2907,2.27,Business,Junior,27
S02908,Student_2908,2.58,SE,Senior,0
S02909,Student_2909,1.92,CS,Freshman,67
S02910,Student_2910,2.37,IT,Senior,120
S02911,Student_2911,2.23,IT,Senior,46
S02912,Student_2912,3.04,Business,Junior,132
S02913,Student_2913,1.69,Finance,Junior,111
S02914,Student_2914,2.52,SE,Sophomore,2
S02915,Student_2915,1.56,Business,Freshman,133
S02916,Student_2916,3.1,IT,Junior,113
S02917,Student_2917,3.69,Finance,Sophomore,66
S02918,Student_2918,3.45,IT,Junior,77
S02919,Student_2919,1.84,Data Science,Junior,10
S02920,Student_2920,2.77,IT,Freshman,100
S02921,Student_2921,1.58,SE,Sophomore,105
S02922,Student_2922,3.48,IT,Freshman,114
S02923,Student_2923,3.54,AI,Freshman,67
S02924,Student_2924,1.77,Business,Freshman,65
S02925,Student_2925,2.11,AI,Junior,95
S02926,Student_2926,2.66,AI,Junior,39
S02927,Student_2927,2.28,SE,Junior,84
S02928,Student_2928,3.36,AI,Freshman,73
S02929,Student_2929,1.94,SE,Sophomore,27
S02930,Student_2930,1.55,Data Science,Junior,79
S02931,Student_2931,1.76,Data Science,Junior,33
S02932,Student_2932,1.88,SE,Junior,10
S02933,Student_2933,3.74,Finance,Junior,130
S02934,Student_2934,1.58,Finance,Freshman,8
S02935,Student_2935,2.6,IT,Sophomore,115
S02936,Student_2936,2.71,AI,Sophomore,125
S02937,Student_2937,3.9,Finance,Sophomore,90
S02938,Student_2938,2.94,CS,Sophomore,73
S02939,Student_2939,2.68,IT,Senior,2
S02940,Student_2940,2.25,SE,Senior,124
S02941,Student_2941,2.0,AI,Junior,116
S02942,Student_2942,1.99,IT,Freshman,36
S02943,Student_2943,2.74,AI,Sophomore,120
S02944,Student_2944,3.66,CS,Freshman,32
S02945,Student_2945,3.77,CS,Senior,85
S02946,Student_2946,2.31,Finance,Freshman,46
S02947,Student_2947,1.62,AI,Sophomore,78
S02948,Student_2948,1.7,Business,Senior,120
S02949,Student_2949,3.72,Data Science,Senior,90
S02950,Student_2950,3.4,IT,Junior,64
S02951,Student_2951,3.31,Business,Freshman,32
S02952,Student_2952,1.65,CS,Senior,88
S02953,Student_2953,2.66,SE,Junior,113
S02954,Student_2954,2.0,SE,Sophomore,125
S02955,Student_2955,3.54,AI,Freshman,90
S02956,Student_2956,2.42,Data Science,Senior,64
S02957,Student_2957,3.02,CS,Sophomore,5
S02958,Student_2958,3.75,IT,Freshman,87
S02959,Student_2959,1.69,IT,Freshman,14
S02960,Student_2960,1.61,IT,Senior,129
S02961,Student_2961,2.73,AI,Junior,125
S02962,Student_2962,3.09,CS,Sophomore,50
S02963,Student_2963,3.23,IT,Freshman,58
S02964,Student_2964,1.82,AI,Junior,140
S02965,Student_2965,2.29,AI,Junior,28
S02966,Student_2966,3.09,IT,Junior,0
S02967,Student_2967,2.18,Finance,Sophomore,0
S02968,Student_2968,1.79,Finance,Sophomore,86
S02969,Student_2969,3.17,Business,Junior,24
S02970,Student_2970,1.73,Finance,Senior,40
S02971,Student_2971,3.69,Finance,Senior,55
S02972,Student_2972,3.88,SE,Junior,101
S02973,Student_2973,1.6,Finance,Freshman,79
S02974,Student_2974,3.88,Data Science,Junior,60
S02975,Student_2975,1.86,CS,Freshman,89
S02976,Student_2976,3.08,AI,Sophomore,23
S02977,Student_2977,3.45,Finance,Senior,96
S02978,Student_2978,3.45,IT,Senior,81
S02979,Student_2979,1.94,Data Science,Junior,32
S02980,Student_2980,2.11,Business,Senior,25
S02981,Student_2981,2.33,Business,Sophomore,81
S02982,Student_2982,3.48,SE,Sophomore,30
S02983,Student_2983,3.24,SE,Junior,102
S02984,Student_2984,3.83,AI,Senior,64
S02985,Student_2985,2.24,SE,Sophomore,18
S02986,Student_2986,2.3,CS,Junior,0
S02987,Student_2987,3.42,Data Science,Senior,15
S02988,Student_2988,2.51,Business,Senior,6
S02989,Student_2989,1.9,Data Science,Junior,54
S02990,Student_2990,2.48,SE,Freshman,123
S02991,Student_2991,3.65,Business,Junior,93
S02992,Student_2992,3.6,Business,Senior,94
S02993,Student_2993,2.24,CS,Senior,45
S02994,Student_2994,2.16,Business,Junior,116
S02995,Student_2995,2.17,Business,Junior,72
S02996,Student_2996,1.86,IT,Freshman,1
S02997,Student_2997,2.56,SE,Sophomore,126
S02998,Student_2998,2.7,SE,Senior,93
S02999,Student_2999,1.72,AI,Senior,111
S03000,Student_3000,1.52,AI,Senior,62
S03001,Student_3001,1.54,SE,Junior,47
S03002,Student_3002,2.83,CS,Freshman,139
S03003,Student_3003,2.9,CS,Junior,27
S03004,Student_3004,3.47,SE,Senior,127
S03005,Student_3005,1.59,IT,Sophomore,87
S03006,Student_3006,3.61,Finance,Senior,62
S03007,Student_3007,3.32,CS,Senior,60
S03008,Student_3008,2.82,IT,Senior,30
S03009,Student_3009,1.73,AI,Senior,114
S03010,Student_3010,3.33,AI,Junior,108
S03011,Student_3011,3.22,CS,Senior,62
S03012,Student_3012,3.18,IT,Sophomore,18
S03013,Student_3013,3.05,Data Science,Sophomore,130
S03014,Student_3014,1.69,SE,Sophomore,12
S03015,Student_3015,3.33,CS,Junior,139
S03016,Student_3016,3.32,SE,Senior,57
S03017,Student_3017,4.0,SE,Senior,106
S03018,Student_3018,2.48,CS,Junior,33
S03019,Student_3019,2.46,Business,Senior,21
S03020,Student_3020,1.64,SE,Senior,38
S03021,Student_3021,3.42,Finance,Senior,83
S03022,Student_3022,3.27,AI,Sophomore,57
S03023,Student_3023,3.71,SE,Junior,95
S03024,Student_3024,2.85,Data Science,Junior,124
S03025,Student_3025,3.99,Data Science,Junior,94
S03026,Student_3026,2.95,Finance,Junior,51
S03027,Student_3027,1.88,SE,Freshman,0
S03028,Student_3028,3.22,AI,Junior,28
S03029,Student_3029,2.29,Finance,Freshman,50
S03030,Student_3030,2.43,IT,Junior,46
S03031,Student_3031,2.35,CS,Sophomore,81
S03032,Student_3032,3.19,SE,Senior,136
S03033,Student_3033,2.87,CS,Junior,46
S03034,Student_3034,3.65,Business,Junior,104
S03035,Student_3035,2.42,Data Science,Junior,128
S03036,Student_3036,1.87,Business,Freshman,37
S03037,Student_3037,2.02,CS,Senior,114
S03038,Student_3038,2.78,Finance,Senior,8
S03039,Student_3039,3.67,Business,Freshman,50
S03040,Student_3040,3.88,IT,Junior,106
S03041,Student_3041,3.21,Data Science,Sophomore,53
S03042,Student_3042,3.69,SE,Freshman,35
S03043,Student_3043,3.21,Finance,Senior,17
S03044,Student_3044,3.25,SE,Sophomore,59
S03045,Student_3045,3.43,Finance,Junior,47
S03046,Student_3046,1.53,CS,Sophomore,15
S03047,Student_3047,3.75,SE,Junior,128
S03048,Student_3048,3.82,Business,Senior,33
S03049,Student_3049,3.88,Finance,Sophomore,94
S03050,Student_3050,3.63,IT,Freshman,110
S03051,Student_3051,3.88,SE,Junior,82
S03052,Student_3052,2.87,IT,Freshman,67
S03053,Student_3053,2.16,CS,Freshman,126
S03054,Student_3054,3.64,CS,Sophomore,32
S03055,Student_3055,2.99,IT,Senior,89
S03056,Student_3056,2.38,SE,Freshman,60
S03057,Student_3057,2.77,AI,Sophomore,21
S03058,Student_3058,2.35,IT,Freshman,83
S03059,Student_3059,3.73,Finance,Senior,132
S03060,Student_3060,3.89,Business,Sophomore,49
S03061,Student_3061,2.5,SE,Freshman,46
S03062,Student_3062,2.83,Data Science,Sophomore,18
S03063,Student_3063,3.23,IT,Senior,82
S03064,Student_3064,2.18,Business,Sophomore,41
S03065,Student_3065,2.44,IT,Sophomore,38
S03066,Student_3066,3.79,SE,Junior,123
S03067,Student_3067,3.0,Finance,Sophomore,70
S03068,Student_3068,1.51,Business,Junior,85
S03069,Student_3069,3.39,CS,Junior,7
S03070,Student_3070,3.32,Business,Freshman,75
S03071,Student_3071,2.22,Data Science,Junior,79
S03072,Student_3072,2.48,Data Science,Sophomore,78
S03073,Student_3073,2.5,IT,Senior,62
S03074,Student_3074,3.08,Business,Junior,28
S03075,Student_3075,2.86,CS,Sophomore,26
S03076,Student_3076,1.58,CS,Sophomore,130
S03077,Student_3077,3.31,SE,Senior,61
S03078,Student_3078,2.43,CS,Sophomore,118
S03079,Student_3079,3.51,AI,Freshman,2
S03080,Student_3080,2.55,Business,Junior,106
S03081,Student_3081,1.7,Business,Senior,127
S03082,Student_3082,2.83,CS,Sophomore,20
S03083,Student_3083,2.5,Finance,Freshman,97
S03084,Student_3084,3.36,Business,Freshman,47
S03085,Student_3085,3.8,Data Science,Freshman,3
S03086,Student_3086,3.4,Data Science,Sophomore,41
S03087,Student_3087,2.8,AI,Freshman,116
S03088,Student_3088,1.99,AI,Senior,99
S03089,Student_3089,2.97,AI,Junior,33
S03090,Student_3090,2.63,IT,Junior,61
S03091,Student_3091,2.05,Finance,Freshman,132
S03092,Student_3092,3.33,IT,Junior,83
S03093,Student_3093,1.69,SE,Freshman,53
S03094,Student_3094,1.96,AI,Sophomore,17
S03095,Student_3095,2.0,Business,Sophomore,134
S03096,Student_3096,3.61,Data Science,Junior,34
S03097,Student_3097,1.64,CS,Junior,118
S03098,Student_3098,3.75,IT,Junior,109
S03099,Student_3099,2.62,CS,Freshman,14
S03100,Student_3100,2.81,Business,Sophomore,37
S03101,Student_3101,1.7,IT,Sophomore,88
S03102,Student_3102,2.09,SE,Junior,69
S03103,Student_3103,3.84,CS,Freshman,109
S03104,Student_3104,2.93,Business,Sophomore,76
S03105,Student_3105,1.7,Finance,Freshman,74
S03106,Student_3106,2.44,SE,Freshman,66
S03107,Student_3107,2.56,CS,Senior,41
S03108,Student_3108,2.27,SE,Freshman,33
S03109,Student_3109,2.48,Finance,Freshman,58
S03110,Student_3110,2.92,Business,Senior,36
S03111,Student_3111,2.24,IT,Senior,114
S03112,Student_3112,3.27,CS,Sophomore,139
S03113,Student_3113,2.06,IT,Sophomore,98
S03114,Student_3114,2.01,SE,Junior,44
S03115,Student_3115,2.3,AI,Senior,41
S03116,Student_3116,2.73,SE,Senior,139
S03117,Student_3117,1.51,AI,Sophomore,129
S03118,Student_3118,1.88,IT,Sophomore,86
S03119,Student_3119,1.67,AI,Junior,106
S03120,Student_3120,3.09,AI,Senior,116
S03121,Student_3121,2.04,IT,Junior,48
S03122,Student_3122,1.87,CS,Freshman,99
S03123,Student_3123,3.39,IT,Senior,136
S03124,Student_3124,2.56,SE,Sophomore,44
S03125,Student_3125,2.81,IT,Freshman,46
S03126,Student_3126,3.92,Data Science,Sophomore,87
S03127,Student_3127,3.03,CS,Sophomore,97
S03128,Student_3128,1.55,SE,Senior,37
S03129,Student_3129,3.22,AI,Junior,75
S03130,Student_3130,2.56,Data Science,Sophomore,102
S03131,Student_3131,3.35,Business,Sophomore,18
S03132,Student_3132,2.15,Data Science,Senior,139
S03133,Student_3133,1.54,Finance,Freshman,93
S03134,Student_3134,1.67,Business,Sophomore,14
S03135,Student_3135,1.68,Data Science,Senior,50
S03136,Student_3136,1.85,AI,Senior,89
S03137,Student_3137,2.72,Finance,Senior,5
S03138,Student_3138,2.67,IT,Sophomore,35
S03139,Student_3139,2.52,SE,Freshman,15
S03140,Student_3140,3.68,CS,Freshman,62
S03141,Student_3141,2.68,Finance,Freshman,6
S03142,Student_3142,2.36,Data Science,Junior,5
S03143,Student_3143,1.9,Data Science,Sophomore,47
S03144,Student_3144,2.89,Finance,Senior,100
S03145,Student_3145,3.58,CS,Freshman,36
S03146,Student_3146,2.26,Data Science,Freshman,96
S03147,Student_3147,2.88,Data Science,Senior,118
S03148,Student_3148,2.71,Business,Junior,54
S03149,Student_3149,2.62,IT,Senior,113
S03150,Student_3150,2.4,IT,Senior,15
S03151,Student_3151,1.91,SE,Senior,24
S03152,Student_3152,2.48,SE,Junior,39
S03153,Student_3153,3.06,SE,Junior,114
S03154,Student_3154,1.62,Business,Junior,131
S03155,Student_3155,3.96,CS,Sophomore,50
S03156,Student_3156,3.81,CS,Freshman,88
S03157,Student_3157,1.73,CS,Senior,10
S03158,Student_3158,3.07,SE,Freshman,107
S03159,Student_3159,2.03,AI,Junior,104
S03160,Student_3160,3.65,AI,Sophomore,97
S03161,Student_3161,2.96,Data Science,Sophomore,78
S03162,Student_3162,2.25,AI,Sophomore,31
S03163,Student_3163,3.45,Data Science,Sophomore,48
S03164,Student_3164,2.64,CS,Junior,120
S03165,Student_3165,3.5,CS,Junior,85
S03166,Student_3166,1.75,AI,Senior,35
S03167,Student_3167,2.56,SE,Junior,133
S03168,Student_3168,2.65,Data Science,Freshman,81
S03169,Student_3169,3.92,Finance,Junior,140
S03170,Student_3170,3.22,SE,Senior,82
S03171,Student_3171,3.39,IT,Sophomore,135
S03172,Student_3172,2.07,Business,Sophomore,17
S03173,Student_3173,3.27,SE,Freshman,57
S03174,Student_3174,3.28,Finance,Sophomore,106
S03175,Student_3175,1.9,SE,Senior,75
S03176,Student_3176,2.69,Data Science,Sophomore,131
S03177,Student_3177,3.56,Finance,Junior,16
S03178,Student_3178,1.87,IT,Junior,5
S03179,Student_3179,2.24,CS,Sophomore,32
S03180,Student_3180,3.54,Data Science,Sophomore,121
S03181,Student_3181,2.18,CS,Sophomore,139
S03182,Student_3182,3.83,CS,Freshman,121
S03183,Student_3183,3.18,SE,Senior,13
S03184,Student_3184,3.27,Finance,Junior,45
S03185,Student_3185,3.41,SE,Junior,104
S03186,Student_3186,2.84,Finance,Senior,94
S03187,Student_3187,1.95,Business,Junior,89
S03188,Student_3188,2.96,Business,Freshman,97
S03189,Student_3189,3.29,AI,Sophomore,127
S03190,Student_3190,1.96,SE,Junior,88
S03191,Student_3191,1.91,Business,Senior,37
S03192,Student_3192,1.79,CS,Freshman,13
S03193,Student_3193,1.86,Finance,Freshman,139
S03194,Student_3194,2.6,SE,Senior,73
S03195,Student_3195,2.89,Business,Junior,86
S03196,Student_3196,2.61,IT,Sophomore,109
S03197,Student_3197,3.57,Finance,Freshman,134
S03198,Student_3198,3.91,Business,Junior,67
S03199,Student_3199,2.14,CS,Freshman,42
S03200,Student_3200,2.31,Data Science,Junior,119
S03201,Student_3201,1.73,SE,Senior,17
S03202,Student_3202,2.47,Business,Junior,30
S03203,Student_3203,2.71,Data Science,Senior,3
S03204,Student_3204,1.78,IT,Sophomore,76
S03205,Student_3205,3.98,SE,Junior,22
S03206,Student_3206,3.25,Finance,Sophomore,103
S03207,Student_3207,2.8,AI,Senior,9
S03208,Student_3208,2.59,Finance,Sophomore,130
S03209,Student_3209,2.15,CS,Senior,137
S03210,Student_3210,2.71,Business,Senior,2
S03211,Student_3211,2.74,SE,Senior,96
S03212,Student_3212,1.57,CS,Junior,111
S03213,Student_3213,2.08,Data Science,Freshman,50
S03214,Student_3214,2.31,AI,Freshman,123
S03215,Student_3215,1.9,SE,Senior,38
S03216,Student_3216,1.6,SE,Junior,122
S03217,Student_3217,1.75,Business,Junior,79
S03218,Student_3218,3.71,CS,Sophomore,84
S03219,Student_3219,3.01,IT,Junior,5
S03220,Student_3220,2.79,Data Science,Senior,14
S03221,Student_3221,2.85,Data Science,Junior,92
S03222,Student_3222,2.76,Data Science,Junior,13
S03223,Student_3223,3.19,SE,Freshman,42
S03224,Student_3224,2.21,Business,Freshman,41
S03225,Student_3225,3.44,Business,Senior,135
S03226,Student_3226,3.09,Data Science,Sophomore,41
S03227,Student_3227,2.96,CS,Senior,18
S03228,Student_3228,3.9,CS,Senior,38
S03229,Student_3229,3.92,CS,Sophomore,52
S03230,Student_3230,2.67,IT,Senior,87
S03231,Student_3231,3.18,Data Science,Sophomore,103
S03232,Student_3232,1.65,IT,Senior,61
S03233,Student_3233,1.56,SE,Junior,31
S03234,Student_3234,2.79,CS,Junior,106
S03235,Student_3235,1.77,Data Science,Sophomore,133
S03236,Student_3236,3.88,AI,Junior,79
S03237,Student_3237,2.86,AI,Freshman,106
S03238,Student_3238,1.65,Finance,Sophomore,118
S03239,Student_3239,3.59,Data Science,Freshman,86
S03240,Student_3240,3.46,AI,Junior,74
S03241,Student_3241,2.14,IT,Sophomore,129
S03242,Student_3242,2.21,Finance,Freshman,33
S03243,Student_3243,2.25,AI,Sophomore,12
S03244,Student_3244,2.34,IT,Junior,31
S03245,Student_3245,2.82,CS,Sophomore,18
S03246,Student_3246,3.54,SE,Senior,126
S03247,Student_3247,3.15,AI,Senior,96
S03248,Student_3248,2.33,Finance,Senior,38
S03249,Student_3249,1.84,Business,Freshman,92
S03250,Student_3250,1.67,Business,Senior,1
S03251,Student_3251,3.78,Finance,Sophomore,10
S03252,Student_3252,2.71,IT,Freshman,120
S03253,Student_3253,3.2,AI,Sophomore,88
S03254,Student_3254,3.2,SE,Sophomore,1
S03255,Student_3255,3.75,Finance,Junior,27
S03256,Student_3256,2.91,SE,Senior,98
S03257,Student_3257,2.82,Data Science,Senior,102
S03258,Student_3258,1.97,AI,Junior,68
S03259,Student_3259,1.76,IT,Sophomore,44
S03260,Student_3260,2.19,Business,Junior,13
S03261,Student_3261,3.7,AI,Sophomore,121
S03262,Student_3262,2.85,Finance,Senior,72
S03263,Student_3263,2.46,Data Science,Senior,10
S03264,Student_3264,2.87,AI,Senior,140
S03265,Student_3265,1.62,AI,Senior,140
S03266,Student_3266,3.37,Business,Sophomore,133
S03267,Student_3267,3.47,CS,Senior,93
S03268,Student_3268,2.69,Finance,Junior,113
S03269,Student_3269,2.09,SE,Senior,1
S03270,Student_3270,3.51,Business,Senior,17
S03271,Student_3271,2.49,AI,Freshman,105
S03272,Student_3272,2.87,SE,Senior,6
S03273,Student_3273,2.57,CS,Freshman,116
S03274,Student_3274,3.89,AI,Freshman,78
S03275,Student_3275,3.9,SE,Sophomore,86
S03276,Student_3276,3.55,Business,Freshman,22
S03277,Student_3277,1.65,CS,Freshman,26
S03278,Student_3278,3.59,SE,Senior,28
S03279,Student_3279,3.23,Data Science,Sophomore,112
S03280,Student_3280,2.24,Business,Freshman,103
S03281,Student_3281,2.27,Business,Senior,22
S03282,Student_3282,3.1,Data Science,Freshman,30
S03283,Student_3283,1.59,Business,Senior,115
S03284,Student_3284,2.03,Business,Freshman,32
S03285,Student_3285,2.0,Data Science,Senior,67
S03286,Student_3286,3.0,Finance,Freshman,36
S03287,Student_3287,3.35,AI,Junior,10
S03288,Student_3288,3.33,Data Science,Senior,137
S03289,Student_3289,1.93,Business,Freshman,9
S03290,Student_3290,3.63,Finance,Freshman,68
S03291,Student_3291,2.41,AI,Senior,98
S03292,Student_3292,2.76,IT,Senior,31
S03293,Student_3293,3.89,Finance,Sophomore,80
S03294,Student_3294,1.72,Business,Senior,14
S03295,Student_3295,1.67,CS,Sophomore,12
S03296,Student_3296,3.08,CS,Junior,34
S03297,Student_3297,1.76,AI,Sophomore,31
S03298,Student_3298,2.73,IT,Junior,37
S03299,Student_3299,2.28,CS,Freshman,103
S03300,Student_3300,2.31,IT,Freshman,95
S03301,Student_3301,3.58,Business,Senior,35
S03302,Student_3302,3.06,SE,Senior,4
S03303,Student_3303,1.51,Data Science,Senior,72
S03304,Student_3304,3.55,SE,Sophomore,96
S03305,Student_3305,2.51,AI,Senior,3
S03306,Student_3306,3.06,Finance,Sophomore,86
S03307,Student_3307,1.6,Data Science,Freshman,70
S03308,Student_3308,3.39,SE,Freshman,64
S03309,Student_3309,1.62,Business,Sophomore,95
S03310,Student_3310,3.53,CS,Sophomore,74
S03311,Student_3311,3.32,IT,Freshman,19
S03312,Student_3312,1.98,Data Science,Freshman,109
S03313,Student_3313,2.37,Finance,Senior,70
S03314,Student_3314,3.79,CS,Junior,24
S03315,Student_3315,3.78,AI,Junior,137
S03316,Student_3316,3.59,Data Science,Freshman,101
S03317,Student_3317,3.43,Data Science,Junior,44
S03318,Student_3318,3.42,Finance,Junior,50
S03319,Student_3319,3.12,Data Science,Sophomore,88
S03320,Student_3320,1.86,CS,Senior,82
S03321,Student_3321,2.33,Finance,Junior,105
S03322,Student_3322,2.28,IT,Junior,47
S03323,Student_3323,3.54,Finance,Sophomore,76
S03324,Student_3324,2.78,Business,Freshman,139
S03325,Student_3325,2.38,Business,Junior,93
S03326,Student_3326,2.79,IT,Junior,110
S03327,Student_3327,2.32,IT,Freshman,42
S03328,Student_3328,2.45,Data Science,Senior,50
S03329,Student_3329,1.77,Finance,Junior,34
S03330,Student_3330,2.59,Finance,Freshman,18
S03331,Student_3331,3.41,Data Science,Junior,127
S03332,Student_3332,2.21,Business,Freshman,55
S03333,Student_3333,2.63,CS,Senior,127
S03334,Student_3334,1.95,Finance,Sophomore,52
S03335,Student_3335,3.27,AI,Freshman,4
S03336,Student_3336,3.27,CS,Senior,15
S03337,Student_3337,2.06,Data Science,Freshman,41
S03338,Student_3338,1.86,SE,Sophomore,82
S03339,Student_3339,3.58,Finance,Freshman,16
S03340,Student_3340,1.72,Business,Freshman,100
S03341,Student_3341,1.91,Business,Sophomore,29
S03342,Student_3342,3.37,SE,Junior,70
S03343,Student_3343,1.56,Finance,Junior,78
S03344,Student_3344,3.77,AI,Freshman,46
S03345,Student_3345,3.61,IT,Senior,119
S03346,Student_3346,2.61,Finance,Junior,74
S03347,Student_3347,3.94,Finance,Junior,5
S03348,Student_3348,2.19,Finance,Senior,61
S03349,Student_3349,2.56,AI,Sophomore,136
S03350,Student_3350,2.69,SE,Senior,78
S03351,Student_3351,2.11,Finance,Junior,87
S03352,Student_3352,2.21,CS,Sophomore,131
S03353,Student_3353,3.69,IT,Junior,121
S03354,Student_3354,3.39,Finance,Junior,77
S03355,Student_3355,2.81,CS,Sophomore,103
S03356,Student_3356,2.24,IT,Freshman,103
S03357,Student_3357,3.2,Business,Junior,118
S03358,Student_3358,2.14,Business,Junior,88
S03359,Student_3359,2.11,Finance,Junior,54
S03360,Student_3360,3.25,Data Science,Sophomore,98
S03361,Student_3361,2.3,CS,Freshman,73
S03362,Student_3362,2.03,Business,Senior,90
S03363,Student_3363,3.06,SE,Senior,100
S03364,Student_3364,1.72,IT,Senior,23
S03365,Student_3365,2.02,AI,Sophomore,19
S03366,Student_3366,1.99,Business,Senior,1
S03367,Student_3367,2.28,Data Science,Senior,5
S03368,Student_3368,2.61,Finance,Senior,128
S03369,Student_3369,3.12,IT,Junior,73
S03370,Student_3370,3.91,SE,Freshman,136
S03371,Student_3371,3.51,IT,Junior,109
S03372,Student_3372,3.62,Business,Sophomore,80
S03373,Student_3373,3.59,IT,Senior,29
S03374,Student_3374,2.77,Data Science,Sophomore,114
S03375,Student_3375,3.06,Data Science,Freshman,40
S03376,Student_3376,3.75,IT,Sophomore,91
S03377,Student_3377,2.53,IT,Junior,62
S03378,Student_3378,3.58,Data Science,Senior,121
S03379,Student_3379,1.72,IT,Senior,137
S03380,Student_3380,2.25,Finance,Freshman,88
S03381,Student_3381,3.93,AI,Freshman,25
S03382,Student_3382,1.62,Business,Sophomore,115
S03383,Student_3383,1.52,Business,Sophomore,130
S03384,Student_3384,3.42,Finance,Freshman,132
S03385,Student_3385,3.29,Data Science,Sophomore,115
S03386,Student_3386,1.56,Data Science,Senior,115
S03387,Student_3387,1.94,IT,Sophomore,111
S03388,Student_3388,3.76,Business,Senior,106
S03389,Student_3389,3.47,SE,Freshman,133
S03390,Student_3390,3.0,SE,Senior,64
S03391,Student_3391,2.38,CS,Junior,80
S03392,Student_3392,1.51,Business,Freshman,61
S03393,Student_3393,3.06,Finance,Sophomore,26
S03394,Student_3394,2.48,IT,Freshman,2
S03395,Student_3395,3.89,Business,Freshman,136
S03396,Student_3396,1.86,Data Science,Junior,23
S03397,Student_3397,3.98,Business,Freshman,103
S03398,Student_3398,1.8,AI,Sophomore,17
S03399,Student_3399,3.56,Data Science,Sophomore,77
S03400,Student_3400,2.62,Finance,Sophomore,85
S03401,Student_3401,3.4,CS,Sophomore,48
S03402,Student_3402,3.17,IT,Senior,58
S03403,Student_3403,1.78,AI,Senior,52
S03404,Student_3404,2.04,AI,Freshman,20
S03405,Student_3405,1.62,Finance,Senior,45
S03406,Student_3406,1.62,AI,Sophomore,17
S03407,Student_3407,3.52,Data Science,Senior,49
S03408,Student_3408,3.55,Business,Senior,139
S03409,Student_3409,3.67,Data Science,Senior,127
S03410,Student_3410,2.48,CS,Freshman,69
S03411,Student_3411,2.4,Data Science,Junior,18
S03412,Student_3412,2.61,Business,Sophomore,10
S03413,Student_3413,2.16,SE,Senior,117
S03414,Student_3414,2.2,CS,Junior,83
S03415,Student_3415,3.49,Finance,Sophomore,8
S03416,Student_3416,1.56,Data Science,Senior,50
S03417,Student_3417,1.91,AI,Sophomore,41
S03418,Student_3418,3.12,AI,Senior,106
S03419,Student_3419,2.5,Business,Sophomore,121
S03420,Student_3420,2.83,SE,Senior,77
S03421,Student_3421,2.1,Data Science,Senior,52
S03422,Student_3422,3.99,Finance,Sophomore,104
S03423,Student_3423,3.87,Data Science,Senior,123
S03424,Student_3424,2.57,Business,Senior,69
S03425,Student_3425,3.15,Business,Junior,110
S03426,Student_3426,3.19,CS,Junior,6
S03427,Student_3427,1.56,CS,Junior,70
S03428,Student_3428,2.05,CS,Freshman,112
S03429,Student_3429,2.65,CS,Sophomore,8
S03430,Student_3430,3.56,IT,Freshman,12
S03431,Student_3431,1.57,AI,Freshman,74
S03432,Student_3432,1.87,CS,Freshman,25
S03433,Student_3433,3.51,IT,Senior,93
S03434,Student_3434,2.71,IT,Freshman,25
S03435,Student_3435,3.98,IT,Freshman,12
S03436,Student_3436,1.57,Business,Freshman,124
S03437,Student_3437,2.9,AI,Senior,92
S03438,Student_3438,3.55,SE,Freshman,22
S03439,Student_3439,2.97,Finance,Sophomore,29
S03440,Student_3440,3.41,AI,Junior,10
S03441,Student_3441,3.2,AI,Junior,80
S03442,Student_3442,2.3,Business,Senior,135
S03443,Student_3443,2.33,Business,Sophomore,17
S03444,Student_3444,3.66,AI,Sophomore,43
S03445,Student_3445,2.5,IT,Senior,48
S03446,Student_3446,3.48,Finance,Sophomore,33
S03447,Student_3447,1.86,IT,Freshman,131
S03448,Student_3448,3.45,SE,Junior,65
S03449,Student_3449,1.79,CS,Freshman,58
S03450,Student_3450,2.05,Data Science,Junior,117
S03451,Student_3451,3.6,Business,Senior,19
S03452,Student_3452,2.11,CS,Sophomore,29
S03453,Student_3453,2.72,Business,Sophomore,103
S03454,Student_3454,2.29,AI,Senior,116
S03455,Student_3455,2.79,AI,Junior,9
S03456,Student_3456,2.95,SE,Sophomore,31
S03457,Student_3457,2.87,IT,Sophomore,33
S03458,Student_3458,2.18,Finance,Senior,108
S03459,Student_3459,3.61,IT,Sophomore,60
S03460,Student_3460,1.9,AI,Junior,6
S03461,Student_3461,1.58,SE,Junior,30
S03462,Student_3462,2.92,Business,Senior,54
S03463,Student_3463,2.72,Finance,Freshman,69
S03464,Student_3464,3.38,Business,Freshman,4
S03465,Student_3465,2.52,CS,Freshman,112
S03466,Student_3466,1.68,Business,Senior,110
S03467,Student_3467,1.53,AI,Junior,135
S03468,Student_3468,3.65,AI,Sophomore,58
S03469,Student_3469,2.63,AI,Freshman,31
S03470,Student_3470,1.85,CS,Junior,2
S03471,Student_3471,3.93,AI,Senior,43
S03472,Student_3472,2.91,Business,Freshman,20
S03473,Student_3473,2.98,Business,Junior,33
S03474,Student_3474,2.03,Data Science,Sophomore,35
S03475,Student_3475,2.04,Finance,Sophomore,22
S03476,Student_3476,2.76,Finance,Sophomore,22
S03477,Student_3477,1.69,Business,Junior,36
S03478,Student_3478,2.44,Finance,Junior,123
S03479,Student_3479,3.69,SE,Junior,10
S03480,Student_3480,3.47,AI,Senior,31
S03481,Student_3481,1.79,Finance,Sophomore,79
S03482,Student_3482,1.95,IT,Freshman,103
S03483,Student_3483,2.0,SE,Junior,28
S03484,Student_3484,3.94,Business,Sophomore,117
S03485,Student_3485,3.36,Business,Freshman,62
S03486,Student_3486,2.76,IT,Sophomore,97
S03487,Student_3487,2.03,Data Science,Sophomore,91
S03488,Student_3488,3.83,Business,Sophomore,10
S03489,Student_3489,3.13,SE,Junior,35
S03490,Student_3490,3.1,AI,Senior,9
S03491,Student_3491,2.38,Business,Senior,106
S03492,Student_3492,3.19,Finance,Sophomore,91
S03493,Student_3493,1.88,IT,Junior,26
S03494,Student_3494,3.24,CS,Junior,51
S03495,Student_3495,3.18,Business,Sophomore,5
S03496,Student_3496,3.97,CS,Junior,16
S03497,Student_3497,1.75,SE,Freshman,116
S03498,Student_3498,4.0,CS,Freshman,58
S03499,Student_3499,3.13,IT,Sophomore,66
S03500,Student_3500,2.38,SE,Sophomore,111
S03501,Student_3501,1.91,Business,Junior,38
S03502,Student_3502,1.89,Business,Freshman,123
S03503,Student_3503,3.51,SE,Sophomore,128
S03504,Student_3504,3.5,AI,Junior,14
S03505,Student_3505,1.91,Finance,Sophomore,31
S03506,Student_3506,1.86,AI,Freshman,81
S03507,Student_3507,3.73,Business,Freshman,68
S03508,Student_3508,1.98,CS,Junior,32
S03509,Student_3509,3.99,CS,Senior,15
S03510,Student_3510,1.8,Finance,Junior,118
S03511,Student_3511,3.84,Data Science,Senior,86
S03512,Student_3512,2.94,Business,Junior,126
S03513,Student_3513,3.45,IT,Sophomore,20
S03514,Student_3514,1.62,Finance,Freshman,119
S03515,Student_3515,3.27,Finance,Senior,64
S03516,Student_3516,2.49,IT,Senior,7
S03517,Student_3517,1.68,CS,Sophomore,120
S03518,Student_3518,1.57,Finance,Senior,55
S03519,Student_3519,3.89,Business,Senior,128
S03520,Student_3520,1.74,Data Science,Senior,124
S03521,Student_3521,2.72,AI,Sophomore,44
S03522,Student_3522,2.75,IT,Sophomore,90
S03523,Student_3523,3.91,CS,Senior,133
S03524,Student_3524,3.15,CS,Freshman,91
S03525,Student_3525,3.28,Data Science,Sophomore,90
S03526,Student_3526,3.78,Data Science,Senior,88
S03527,Student_3527,3.74,SE,Freshman,0
S03528,Student_3528,3.74,IT,Senior,17
S03529,Student_3529,2.02,IT,Senior,68
S03530,Student_3530,2.66,AI,Freshman,113
S03531,Student_3531,2.99,Business,Sophomore,126
S03532,Student_3532,3.42,IT,Freshman,96
S03533,Student_3533,1.75,Finance,Senior,29
S03534,Student_3534,3.81,Finance,Junior,11
S03535,Student_3535,2.76,Finance,Sophomore,140
S03536,Student_3536,2.97,IT,Freshman,137
S03537,Student_3537,3.06,Business,Junior,10
S03538,Student_3538,2.49,SE,Freshman,63
S03539,Student_3539,1.62,Finance,Junior,120
S03540,Student_3540,2.05,Data Science,Senior,23
S03541,Student_3541,3.92,Finance,Junior,80
S03542,Student_3542,2.11,CS,Freshman,99
S03543,Student_3543,3.13,IT,Sophomore,72
S03544,Student_3544,3.64,CS,Freshman,79
S03545,Student_3545,1.81,Finance,Junior,70
S03546,Student_3546,3.07,Business,Sophomore,15
S03547,Student_3547,3.83,IT,Freshman,78
S03548,Student_3548,1.62,Data Science,Sophomore,98
S03549,Student_3549,3.05,IT,Junior,133
S03550,Student_3550,3.48,IT,Freshman,136
S03551,Student_3551,2.01,CS,Freshman,130
S03552,Student_3552,3.68,CS,Sophomore,13
S03553,Student_3553,2.39,Data Science,Senior,48
S03554,Student_3554,3.49,Data Science,Sophomore,32
S03555,Student_3555,2.03,IT,Junior,47
S03556,Student_3556,2.41,Business,Freshman,104
S03557,Student_3557,2.7,Business,Junior,113
S03558,Student_3558,2.05,Finance,Senior,38
S03559,Student_3559,1.99,AI,Freshman,83
S03560,Student_3560,2.25,Business,Junior,4
S03561,Student_3561,2.91,Business,Junior,62
S03562,Student_3562,3.91,CS,Freshman,59
S03563,Student_3563,3.42,AI,Freshman,51
S03564,Student_3564,3.88,Data Science,Sophomore,109
S03565,Student_3565,3.67,IT,Senior,109
S03566,Student_3566,2.62,IT,Junior,127
S03567,Student_3567,2.48,Finance,Freshman,96
S03568,Student_3568,2.07,SE,Junior,27
S03569,Student_3569,1.9,CS,Sophomore,18
S03570,Student_3570,1.99,Finance,Sophomore,128
S03571,Student_3571,1.94,Data Science,Sophomore,50
S03572,Student_3572,2.53,Finance,Junior,94
S03573,Student_3573,2.18,CS,Senior,81
S03574,Student_3574,3.61,SE,Sophomore,42
S03575,Student_3575,3.76,CS,Junior,100
S03576,Student_3576,3.05,Finance,Junior,19
S03577,Student_3577,3.15,SE,Sophomore,59
S03578,Student_3578,3.64,CS,Senior,107
S03579,Student_3579,1.57,Data Science,Sophomore,131
S03580,Student_3580,1.62,IT,Senior,114
S03581,Student_3581,1.75,Business,Sophomore,84
S03582,Student_3582,3.59,AI,Senior,39
S03583,Student_3583,3.86,Business,Freshman,3
S03584,Student_3584,2.99,AI,Senior,53
S03585,Student_3585,3.3,AI,Junior,130
S03586,Student_3586,2.0,IT,Freshman,54
S03587,Student_3587,2.73,SE,Junior,27
S03588,Student_3588,1.66,AI,Sophomore,85
S03589,Student_3589,1.52,Business,Freshman,121
S03590,Student_3590,2.75,CS,Freshman,61
S03591,Student_3591,3.41,SE,Sophomore,76
S03592,Student_3592,2.76,Business,Freshman,52
S03593,Student_3593,1.93,Finance,Freshman,7
S03594,Student_3594,2.55,IT,Senior,106
S03595,Student_3595,3.56,Business,Freshman,52
S03596,Student_3596,2.43,AI,Sophomore,123
S03597,Student_3597,1.94,Business,Sophomore,49
S03598,Student_3598,1.56,SE,Freshman,91
S03599,Student_3599,2.8,Data Science,Senior,89
S03600,Student_3600,2.46,AI,Sophomore,62
S03601,Student_3601,2.95,Data Science,Freshman,130
S03602,Student_3602,3.34,CS,Junior,140
S03603,Student_3603,3.33,CS,Sophomore,36
S03604,Student_3604,1.88,AI,Senior,101
S03605,Student_3605,1.98,IT,Freshman,61
S03606,Student_3606,2.78,CS,Senior,22
S03607,Student_3607,1.51,Finance,Junior,32
S03608,Student_3608,3.52,CS,Senior,89
S03609,Student_3609,3.63,Data Science,Sophomore,71
S03610,Student_3610,2.96,IT,Senior,56
S03611,Student_3611,3.3,Data Science,Junior,131
S03612,Student_3612,3.42,IT,Freshman,131
S03613,Student_3613,3.23,CS,Junior,34
S03614,Student_3614,2.79,CS,Senior,136
S03615,Student_3615,2.28,SE,Sophomore,33
S03616,Student_3616,2.0,IT,Freshman,101
S03617,Student_3617,2.81,Finance,Freshman,124
S03618,Student_3618,3.81,CS,Senior,106
S03619,Student_3619,1.69,Business,Junior,136
S03620,Student_3620,2.13,IT,Freshman,53
S03621,Student_3621,2.14,IT,Sophomore,127
S03622,Student_3622,2.35,Business,Senior,80
S03623,Student_3623,3.68,SE,Junior,8
S03624,Student_3624,3.98,AI,Junior,27
S03625,Student_3625,3.92,Data Science,Junior,119
S03626,Student_3626,1.63,IT,Junior,0
S03627,Student_3627,3.96,Business,Sophomore,30
S03628,Student_3628,3.18,Business,Sophomore,121
S03629,Student_3629,3.93,CS,Sophomore,63
S03630,Student_3630,2.08,Business,Freshman,81
S03631,Student_3631,1.59,SE,Junior,19
S03632,Student_3632,3.18,Business,Senior,113
S03633,Student_3633,2.66,Data Science,Junior,50
S03634,Student_3634,1.94,SE,Senior,34
S03635,Student_3635,2.65,SE,Junior,11
S03636,Student_3636,2.06,Data Science,Sophomore,76
S03637,Student_3637,3.31,Business,Freshman,19
S03638,Student_3638,2.43,Finance,Sophomore,6
S03639,Student_3639,3.65,IT,Junior,119
S03640,Student_3640,3.88,AI,Junior,105
S03641,Student_3641,2.49,SE,Senior,26
S03642,Student_3642,3.8,CS,Junior,124
S03643,Student_3643,1.55,Data Science,Senior,91
S03644,Student_3644,3.79,Business,Junior,32
S03645,Student_3645,4.0,AI,Senior,20
S03646,Student_3646,2.78,Business,Senior,126
S03647,Student_3647,2.23,IT,Freshman,22
S03648,Student_3648,3.19,Data Science,Junior,109
S03649,Student_3649,3.27,IT,Sophomore,129
S03650,Student_3650,2.85,Data Science,Junior,108
S03651,Student_3651,3.82,SE,Senior,127
S03652,Student_3652,2.9,SE,Freshman,0
S03653,Student_3653,3.42,Data Science,Freshman,88
S03654,Student_3654,3.51,Finance,Junior,44
S03655,Student_3655,3.03,AI,Senior,13
S03656,Student_3656,3.4,SE,Sophomore,65
S03657,Student_3657,3.59,Finance,Sophomore,113
S03658,Student_3658,3.59,AI,Freshman,122
S03659,Student_3659,3.52,Data Science,Senior,87
S03660,Student_3660,3.36,IT,Freshman,121
S03661,Student_3661,2.76,Data Science,Junior,126
S03662,Student_3662,2.23,CS,Senior,1
S03663,Student_3663,2.77,SE,Sophomore,13
S03664,Student_3664,2.55,AI,Junior,51
S03665,Student_3665,2.73,Business,Junior,49
S03666,Student_3666,3.75,IT,Freshman,68
S03667,Student_3667,3.03,SE,Sophomore,80
S03668,Student_3668,2.38,SE,Senior,32
S03669,Student_3669,2.12,Finance,Senior,115
S03670,Student_3670,2.38,CS,Senior,104
S03671,Student_3671,3.86,Business,Senior,115
S03672,Student_3672,2.19,Data Science,Senior,122
S03673,Student_3673,3.46,AI,Senior,91
S03674,Student_3674,3.22,CS,Sophomore,35
S03675,Student_3675,2.95,Finance,Senior,69
S03676,Student_3676,2.89,CS,Senior,95
S03677,Student_3677,2.64,AI,Freshman,99
S03678,Student_3678,1.54,SE,Freshman,25
S03679,Student_3679,2.62,CS,Sophomore,134
S03680,Student_3680,2.9,Business,Freshman,1
S03681,Student_3681,2.98,CS,Junior,88
S03682,Student_3682,3.12,SE,Sophomore,73
S03683,Student_3683,3.36,Finance,Freshman,101
S03684,Student_3684,2.88,CS,Senior,114
S03685,Student_3685,2.28,AI,Sophomore,134
S03686,Student_3686,2.65,Business,Freshman,28
S03687,Student_3687,3.76,CS,Sophomore,35
S03688,Student_3688,3.62,Business,Sophomore,99
S03689,Student_3689,3.94,Business,Junior,90
S03690,Student_3690,2.86,AI,Sophomore,99
S03691,Student_3691,2.58,SE,Junior,65
S03692,Student_3692,1.9,Finance,Senior,34
S03693,Student_3693,2.63,Finance,Senior,97
S03694,Student_3694,3.72,Data Science,Junior,19
S03695,Student_3695,1.97,Finance,Freshman,16
S03696,Student_3696,1.97,CS,Sophomore,18
S03697,Student_3697,4.0,Finance,Sophomore,123
S03698,Student_3698,2.59,IT,Freshman,57
S03699,Student_3699,1.55,Finance,Senior,101
S03700,Student_3700,1.92,Data Science,Senior,91
S03701,Student_3701,2.17,CS,Sophomore,122
S03702,Student_3702,1.92,IT,Junior,38
S03703,Student_3703,3.91,Data Science,Sophomore,18
S03704,Student_3704,3.64,CS,Junior,79
S03705,Student_3705,3.83,CS,Sophomore,78
S03706,Student_3706,3.58,AI,Senior,57
S03707,Student_3707,1.76,Business,Freshman,51
S03708,Student_3708,2.81,AI,Sophomore,20
S03709,Student_3709,2.46,Finance,Sophomore,111
S03710,Student_3710,3.6,Finance,Sophomore,125
S03711,Student_3711,2.1,SE,Junior,2
S03712,Student_3712,1.53,CS,Senior,80
S03713,Student_3713,3.53,AI,Sophomore,68
S03714,Student_3714,3.28,Business,Freshman,47
S03715,Student_3715,1.58,Business,Freshman,105
S03716,Student_3716,1.89,AI,Junior,23
S03717,Student_3717,3.14,IT,Freshman,5
S03718,Student_3718,3.05,Finance,Senior,100
S03719,Student_3719,1.56,Finance,Senior,61
S03720,Student_3720,3.98,AI,Freshman,87
S03721,Student_3721,3.49,IT,Sophomore,15
S03722,Student_3722,3.88,SE,Junior,77
S03723,Student_3723,1.55,CS,Sophomore,109
S03724,Student_3724,3.05,Finance,Junior,70
S03725,Student_3725,2.23,CS,Senior,84
S03726,Student_3726,3.6,Finance,Junior,8
S03727,Student_3727,3.8,CS,Senior,97
S03728,Student_3728,3.25,IT,Freshman,10
S03729,Student_3729,2.42,SE,Senior,32
S03730,Student_3730,2.82,IT,Senior,64
S03731,Student_3731,2.75,AI,Sophomore,124
S03732,Student_3732,1.59,IT,Junior,99
S03733,Student_3733,3.86,Data Science,Junior,19
S03734,Student_3734,2.44,Business,Senior,63
S03735,Student_3735,3.36,IT,Sophomore,102
S03736,Student_3736,3.04,CS,Freshman,112
S03737,Student_3737,2.75,Business,Sophomore,9
S03738,Student_3738,1.62,Business,Freshman,55
S03739,Student_3739,2.96,Business,Freshman,19
S03740,Student_3740,3.21,CS,Senior,0
S03741,Student_3741,3.31,Business,Senior,76
S03742,Student_3742,1.59,SE,Junior,121
S03743,Student_3743,2.32,Data Science,Junior,46
S03744,Student_3744,1.79,Business,Senior,14
S03745,Student_3745,2.61,IT,Sophomore,132
S03746,Student_3746,2.94,IT,Sophomore,52
S03747,Student_3747,2.57,Data Science,Senior,131
S03748,Student_3748,3.11,Business,Junior,2
S03749,Student_3749,2.93,Finance,Senior,58
S03750,Student_3750,2.25,Finance,Freshman,139
S03751,Student_3751,3.56,Finance,Freshman,121
S03752,Student_3752,2.81,IT,Sophomore,94
S03753,Student_3753,2.51,AI,Junior,10
S03754,Student_3754,3.11,IT,Freshman,28
S03755,Student_3755,2.17,Data Science,Junior,18
S03756,Student_3756,2.85,Finance,Freshman,14
S03757,Student_3757,1.93,Data Science,Junior,51
S03758,Student_3758,1.63,Data Science,Sophomore,18
S03759,Student_3759,2.61,Business,Sophomore,81
S03760,Student_3760,2.03,IT,Sophomore,124
S03761,Student_3761,2.5,IT,Junior,23
S03762,Student_3762,2.67,Finance,Senior,39
S03763,Student_3763,3.57,SE,Sophomore,119
S03764,Student_3764,1.5,CS,Senior,73
S03765,Student_3765,2.44,Finance,Freshman,123
S03766,Student_3766,3.6,IT,Junior,60
S03767,Student_3767,2.78,CS,Junior,81
S03768,Student_3768,3.69,Finance,Sophomore,127
S03769,Student_3769,2.92,SE,Freshman,121
S03770,Student_3770,1.61,CS,Sophomore,84
S03771,Student_3771,2.95,AI,Sophomore,112
S03772,Student_3772,3.12,AI,Senior,39
S03773,Student_3773,2.54,IT,Freshman,59
S03774,Student_3774,2.11,CS,Freshman,73
S03775,Student_3775,3.64,Business,Junior,138
S03776,Student_3776,1.83,AI,Sophomore,98
S03777,Student_3777,2.26,Business,Senior,17
S03778,Student_3778,3.07,CS,Junior,22
S03779,Student_3779,2.03,IT,Senior,37
S03780,Student_3780,3.04,SE,Junior,111
S03781,Student_3781,3.36,Finance,Junior,62
S03782,Student_3782,2.07,IT,Sophomore,118
S03783,Student_3783,2.41,Finance,Sophomore,8
S03784,Student_3784,2.68,Data Science,Freshman,17
S03785,Student_3785,3.91,SE,Sophomore,7
S03786,Student_3786,4.0,AI,Sophomore,60
S03787,Student_3787,1.82,Data Science,Senior,75
S03788,Student_3788,3.04,Business,Junior,57
S03789,Student_3789,3.59,Data Science,Junior,45
S03790,Student_3790,2.56,IT,Freshman,69
S03791,Student_3791,3.45,AI,Senior,39
S03792,Student_3792,3.95,CS,Freshman,59
S03793,Student_3793,3.01,AI,Sophomore,56
S03794,Student_3794,3.42,CS,Freshman,112
S03795,Student_3795,3.49,CS,Freshman,113
S03796,Student_3796,2.17,SE,Sophomore,124
S03797,Student_3797,2.83,Business,Freshman,114
S03798,Student_3798,2.77,SE,Freshman,135
S03799,Student_3799,1.9,CS,Freshman,27
S03800,Student_3800,1.96,Business,Sophomore,33
S03801,Student_3801,2.86,Data Science,Senior,21
S03802,Student_3802,3.18,Business,Senior,47
S03803,Student_3803,1.8,IT,Sophomore,139
S03804,Student_3804,2.36,IT,Junior,63
S03805,Student_3805,1.55,SE,Freshman,44
S03806,Student_3806,3.27,IT,Freshman,79
S03807,Student_3807,3.36,Business,Freshman,96
S03808,Student_3808,3.3,IT,Senior,27
S03809,Student_3809,1.54,CS,Sophomore,33
S03810,Student_3810,1.98,AI,Sophomore,106
S03811,Student_3811,3.71,Data Science,Senior,82
S03812,Student_3812,3.32,Data Science,Senior,126
S03813,Student_3813,2.52,AI,Sophomore,115
S03814,Student_3814,3.77,SE,Sophomore,93
S03815,Student_3815,3.27,AI,Freshman,100
S03816,Student_3816,2.91,CS,Sophomore,118
S03817,Student_3817,1.77,Data Science,Freshman,119
S03818,Student_3818,2.25,AI,Senior,65
S03819,Student_3819,2.1,AI,Sophomore,115
S03820,Student_3820,3.1,CS,Junior,2
S03821,Student_3821,3.68,Business,Junior,99
S03822,Student_3822,3.4,CS,Junior,105
S03823,Student_3823,3.56,CS,Sophomore,68
S03824,Student_3824,2.38,SE,Sophomore,26
S03825,Student_3825,1.81,SE,Senior,34
S03826,Student_3826,1.82,CS,Freshman,117
S03827,Student_3827,3.72,IT,Freshman,6
S03828,Student_3828,2.41,AI,Senior,45
S03829,Student_3829,2.41,SE,Sophomore,59
S03830,Student_3830,2.62,Data Science,Sophomore,132
S03831,Student_3831,1.89,CS,Senior,111
S03832,Student_3832,3.96,Business,Freshman,93
S03833,Student_3833,2.86,Finance,Freshman,23
S03834,Student_3834,1.66,Business,Freshman,73
S03835,Student_3835,1.65,Finance,Senior,85
S03836,Student_3836,2.28,CS,Sophomore,39
S03837,Student_3837,3.95,IT,Sophomore,124
S03838,Student_3838,3.68,IT,Junior,118
S03839,Student_3839,1.8,Data Science,Freshman,56
S03840,Student_3840,3.72,SE,Junior,62
S03841,Student_3841,3.94,IT,Freshman,2
S03842,Student_3842,2.55,SE,Junior,13
S03843,Student_3843,1.5,CS,Sophomore,125
S03844,Student_3844,2.18,AI,Senior,132
S03845,Student_3845,2.6,Data Science,Senior,75
S03846,Student_3846,3.61,Finance,Freshman,18
S03847,Student_3847,2.52,SE,Junior,3
S03848,Student_3848,2.19,Data Science,Senior,134
S03849,Student_3849,2.03,CS,Freshman,70
S03850,Student_3850,2.42,CS,Junior,17
S03851,Student_3851,3.69,Business,Junior,60
S03852,Student_3852,2.26,IT,Junior,3
S03853,Student_3853,2.53,IT,Junior,76
S03854,Student_3854,1.77,Business,Junior,62
S03855,Student_3855,3.61,AI,Junior,119
S03856,Student_3856,2.26,Business,Senior,12
S03857,Student_3857,3.55,SE,Freshman,70
S03858,Student_3858,1.66,AI,Senior,35
S03859,Student_3859,1.55,Business,Senior,94
S03860,Student_3860,3.84,IT,Junior,76
S03861,Student_3861,3.88,Finance,Sophomore,56
S03862,Student_3862,2.95,Finance,Freshman,116
S03863,Student_3863,3.95,AI,Freshman,131
S03864,Student_3864,2.15,Data Science,Senior,90
S03865,Student_3865,2.6,SE,Junior,87
S03866,Student_3866,1.66,SE,Senior,95
S03867,Student_3867,1.92,CS,Junior,18
S03868,Student_3868,2.27,IT,Sophomore,109
S03869,Student_3869,3.74,CS,Senior,76
S03870,Student_3870,2.78,AI,Freshman,3
S03871,Student_3871,1.83,Data Science,Sophomore,8
S03872,Student_3872,2.64,IT,Freshman,45
S03873,Student_3873,3.39,Finance,Senior,69
S03874,Student_3874,2.0,Data Science,Sophomore,64
S03875,Student_3875,3.72,AI,Sophomore,101
S03876,Student_3876,3.09,SE,Sophomore,128
S03877,Student_3877,2.33,IT,Freshman,115
S03878,Student_3878,2.73,SE,Junior,101
S03879,Student_3879,3.43,AI,Freshman,35
S03880,Student_3880,2.13,Finance,Sophomore,92
S03881,Student_3881,2.19,Business,Sophomore,134
S03882,Student_3882,3.38,Business,Junior,59
S03883,Student_3883,2.39,SE,Senior,99
S03884,Student_3884,2.6,Business,Sophomore,44
S03885,Student_3885,2.51,SE,Junior,112
S03886,Student_3886,2.07,Finance,Junior,66
S03887,Student_3887,2.17,IT,Junior,72
S03888,Student_3888,1.56,Finance,Senior,95
S03889,Student_3889,3.18,Finance,Freshman,66
S03890,Student_3890,3.23,SE,Sophomore,57
S03891,Student_3891,3.92,SE,Sophomore,136
S03892,Student_3892,3.06,Finance,Freshman,112
S03893,Student_3893,1.92,SE,Junior,58
S03894,Student_3894,1.75,Data Science,Sophomore,112
S03895,Student_3895,2.49,AI,Freshman,103
S03896,Student_3896,2.07,CS,Freshman,19
S03897,Student_3897,2.51,Business,Sophomore,137
S03898,Student_3898,2.66,Business,Freshman,20
S03899,Student_3899,2.65,Business,Freshman,63
S03900,Student_3900,4.0,AI,Freshman,79
S03901,Student_3901,1.51,SE,Sophomore,5
S03902,Student_3902,3.16,AI,Junior,17
S03903,Student_3903,2.04,AI,Senior,21
S03904,Student_3904,1.72,Business,Freshman,122
S03905,Student_3905,2.87,Finance,Junior,44
S03906,Student_3906,3.68,CS,Sophomore,42
S03907,Student_3907,3.91,SE,Freshman,133
S03908,Student_3908,3.55,IT,Sophomore,26
S03909,Student_3909,2.57,IT,Sophomore,83
S03910,Student_3910,2.89,IT,Junior,88
S03911,Student_3911,3.21,SE,Junior,50
S03912,Student_3912,2.76,CS,Sophomore,43
S03913,Student_3913,2.65,CS,Freshman,119
S03914,Student_3914,3.03,AI,Sophomore,90
S03915,Student_3915,3.54,Finance,Freshman,115
S03916,Student_3916,1.84,Business,Freshman,93
S03917,Student_3917,3.99,IT,Sophomore,16
S03918,Student_3918,3.61,Business,Senior,104
S03919,Student_3919,2.53,Finance,Senior,82
S03920,Student_3920,1.73,Business,Freshman,140
S03921,Student_3921,2.18,IT,Freshman,41
S03922,Student_3922,2.45,AI,Junior,82
S03923,Student_3923,3.17,SE,Freshman,97
S03924,Student_3924,3.77,SE,Freshman,76
S03925,Student_3925,3.95,SE,Sophomore,67
S03926,Student_3926,2.79,CS,Senior,110
S03927,Student_3927,1.71,Finance,Sophomore,53
S03928,Student_3928,2.26,Data Science,Junior,130
S03929,Student_3929,2.44,CS,Sophomore,102
S03930,Student_3930,1.76,Business,Freshman,92
S03931,Student_3931,3.11,AI,Sophomore,112
S03932,Student_3932,3.43,Business,Senior,23
S03933,Student_3933,3.06,Business,Sophomore,115
S03934,Student_3934,3.51,Business,Sophomore,34
S03935,Student_3935,3.06,Business,Junior,24
S03936,Student_3936,3.92,AI,Freshman,60
S03937,Student_3937,2.68,Business,Sophomore,12
S03938,Student_3938,3.34,Business,Freshman,126
S03939,Student_3939,2.83,CS,Freshman,15
S03940,Student_3940,3.83,IT,Senior,119
S03941,Student_3941,3.18,Finance,Junior,55
S03942,Student_3942,3.36,Business,Junior,127
S03943,Student_3943,3.33,Data Science,Senior,66
S03944,Student_3944,3.68,IT,Senior,95
S03945,Student_3945,3.96,IT,Sophomore,11
S03946,Student_3946,2.25,CS,Sophomore,140
S03947,Student_3947,3.12,SE,Junior,31
S03948,Student_3948,3.04,CS,Sophomore,38
S03949,Student_3949,2.06,SE,Senior,118
S03950,Student_3950,3.72,AI,Senior,105
S03951,Student_3951,2.1,Finance,Senior,135
S03952,Student_3952,1.62,AI,Senior,131
S03953,Student_3953,3.08,SE,Senior,86
S03954,Student_3954,1.79,Data Science,Sophomore,56
S03955,Student_3955,1.59,AI,Freshman,84
S03956,Student_3956,2.76,Business,Junior,126
S03957,Student_3957,1.86,AI,Sophomore,22
S03958,Student_3958,3.21,CS,Junior,97
S03959,Student_3959,1.73,CS,Freshman,41
S03960,Student_3960,3.52,SE,Junior,51
S03961,Student_3961,3.85,Data Science,Junior,71
S03962,Student_3962,2.5,IT,Junior,130
S03963,Student_3963,2.33,IT,Junior,62
S03964,Student_3964,3.62,CS,Senior,22
S03965,Student_3965,2.39,Business,Sophomore,4
S03966,Student_3966,3.95,CS,Junior,85
S03967,Student_3967,1.54,Data Science,Freshman,86
S03968,Student_3968,1.95,SE,Senior,94
S03969,Student_3969,3.3,Business,Senior,16
S03970,Student_3970,3.39,Business,Sophomore,121
S03971,Student_3971,3.18,CS,Freshman,27
S03972,Student_3972,1.87,CS,Freshman,84
S03973,Student_3973,3.47,Business,Freshman,134
S03974,Student_3974,2.43,SE,Freshman,130
S03975,Student_3975,1.73,Finance,Senior,125
S03976,Student_3976,3.64,CS,Junior,50
S03977,Student_3977,3.26,Data Science,Junior,128
S03978,Student_3978,1.9,Finance,Freshman,34
S03979,Student_3979,3.56,Business,Junior,59
S03980,Student_3980,3.86,Business,Sophomore,48
S03981,Student_3981,3.79,Finance,Junior,114
S03982,Student_3982,3.51,AI,Senior,101
S03983,Student_3983,3.57,AI,Sophomore,43
S03984,Student_3984,3.53,Business,Freshman,55
S03985,Student_3985,1.83,Business,Sophomore,132
S03986,Student_3986,3.12,Business,Sophomore,20
S03987,Student_3987,3.22,CS,Sophomore,45
S03988,Student_3988,3.67,Business,Junior,24
S03989,Student_3989,1.63,SE,Sophomore,92
S03990,Student_3990,2.28,CS,Junior,139
S03991,Student_3991,3.46,AI,Sophomore,35
S03992,Student_3992,2.97,Finance,Senior,123
S03993,Student_3993,3.78,CS,Freshman,47
S03994,Student_3994,3.18,Business,Junior,100
S03995,Student_3995,2.16,Finance,Sophomore,12
S03996,Student_3996,2.26,CS,Freshman,92
S03997,Student_3997,2.17,Business,Freshman,28
S03998,Student_3998,1.76,Business,Sophomore,37
S03999,Student_3999,3.58,CS,Junior,126
S04000,Student_4000,3.14,AI,Senior,133
S04001,Student_4001,1.93,AI,Senior,3
S04002,Student_4002,1.68,Data Science,Freshman,17
S04003,Student_4003,2.75,CS,Freshman,31
S04004,Student_4004,3.76,IT,Freshman,88
S04005,Student_4005,3.52,AI,Freshman,90
S04006,Student_4006,2.88,Data Science,Sophomore,110
S04007,Student_4007,3.18,Business,Junior,21
S04008,Student_4008,1.69,SE,Junior,87
S04009,Student_4009,2.32,Business,Sophomore,9
S04010,Student_4010,3.72,Business,Freshman,109
S04011,Student_4011,1.81,IT,Freshman,98
S04012,Student_4012,2.24,Business,Freshman,74
S04013,Student_4013,3.72,IT,Senior,82
S04014,Student_4014,1.6,Business,Sophomore,1
S04015,Student_4015,2.11,Business,Senior,93
S04016,Student_4016,3.74,Data Science,Senior,98
S04017,Student_4017,1.6,Finance,Sophomore,65
S04018,Student_4018,2.93,AI,Sophomore,0
S04019,Student_4019,2.9,SE,Sophomore,16
S04020,Student_4020,3.88,IT,Sophomore,136
S04021,Student_4021,2.56,Finance,Sophomore,132
S04022,Student_4022,2.45,Finance,Sophomore,118
S04023,Student_4023,2.85,SE,Sophomore,140
S04024,Student_4024,1.51,CS,Sophomore,86
S04025,Student_4025,1.84,IT,Sophomore,93
S04026,Student_4026,2.29,Finance,Senior,100
S04027,Student_4027,1.5,CS,Freshman,121
S04028,Student_4028,3.32,IT,Freshman,11
S04029,Student_4029,2.24,AI,Sophomore,44
S04030,Student_4030,3.47,AI,Junior,95
S04031,Student_4031,2.69,Data Science,Freshman,6
S04032,Student_4032,3.96,Data Science,Freshman,49
S04033,Student_4033,3.9,SE,Senior,81
S04034,Student_4034,3.35,AI,Junior,117
S04035,Student_4035,1.83,Finance,Sophomore,49
S04036,Student_4036,2.62,Business,Sophomore,87
S04037,Student_4037,2.01,Data Science,Freshman,18
S04038,Student_4038,2.05,IT,Senior,84
S04039,Student_4039,4.0,Data Science,Senior,126
S04040,Student_4040,3.94,Finance,Junior,8
S04041,Student_4041,3.77,IT,Freshman,42
S04042,Student_4042,2.99,SE,Junior,34
S04043,Student_4043,1.95,Data Science,Junior,84
S04044,Student_4044,1.63,Data Science,Junior,4
S04045,Student_4045,2.97,IT,Sophomore,53
S04046,Student_4046,2.27,Data Science,Junior,61
S04047,Student_4047,2.33,SE,Freshman,82
S04048,Student_4048,3.53,SE,Sophomore,89
S04049,Student_4049,3.31,Data Science,Junior,87
S04050,Student_4050,3.6,IT,Freshman,34
S04051,Student_4051,2.67,Finance,Junior,77
S04052,Student_4052,2.67,Data Science,Freshman,113
S04053,Student_4053,1.97,SE,Freshman,129
S04054,Student_4054,3.27,Business,Freshman,49
S04055,Student_4055,3.75,Data Science,Sophomore,37
S04056,Student_4056,1.98,Finance,Senior,94
S04057,Student_4057,3.27,IT,Freshman,69
S04058,Student_4058,3.02,AI,Freshman,34
S04059,Student_4059,2.41,Business,Senior,65
S04060,Student_4060,2.6,Finance,Senior,11
S04061,Student_4061,2.65,IT,Sophomore,54
S04062,Student_4062,2.21,SE,Sophomore,20
S04063,Student_4063,3.49,SE,Junior,14
S04064,Student_4064,2.2,CS,Senior,39
S04065,Student_4065,2.25,Business,Junior,122
S04066,Student_4066,3.06,AI,Senior,76
S04067,Student_4067,3.93,SE,Senior,38
S04068,Student_4068,2.75,Business,Freshman,70
S04069,Student_4069,1.68,IT,Sophomore,115
S04070,Student_4070,2.88,Data Science,Junior,128
S04071,Student_4071,2.83,AI,Sophomore,10
S04072,Student_4072,3.62,Business,Sophomore,132
S04073,Student_4073,3.73,Data Science,Senior,1
S04074,Student_4074,1.82,SE,Junior,97
S04075,Student_4075,2.46,Finance,Freshman,34
S04076,Student_4076,2.89,IT,Sophomore,55
S04077,Student_4077,3.99,CS,Senior,37
S04078,Student_4078,2.42,SE,Freshman,133
S04079,Student_4079,2.9,AI,Senior,130
S04080,Student_4080,2.66,Finance,Senior,72
S04081,Student_4081,2.84,Finance,Senior,3
S04082,Student_4082,3.32,Business,Freshman,102
S04083,Student_4083,2.56,AI,Junior,69
S04084,Student_4084,2.03,Data Science,Freshman,21
S04085,Student_4085,3.5,Finance,Sophomore,4
S04086,Student_4086,2.52,Finance,Junior,21
S04087,Student_4087,2.5,Finance,Freshman,16
S04088,Student_4088,2.76,IT,Sophomore,26
S04089,Student_4089,2.82,Data Science,Senior,33
S04090,Student_4090,3.08,Data Science,Senior,115
S04091,Student_4091,2.9,Finance,Freshman,42
S04092,Student_4092,2.54,Data Science,Senior,111
S04093,Student_4093,3.17,Business,Sophomore,125
S04094,Student_4094,2.12,AI,Freshman,86
S04095,Student_4095,3.21,CS,Sophomore,95
S04096,Student_4096,3.39,SE,Freshman,50
S04097,Student_4097,3.92,AI,Freshman,69
S04098,Student_4098,3.24,SE,Sophomore,8
S04099,Student_4099,2.98,SE,Sophomore,74
S04100,Student_4100,3.8,SE,Sophomore,8
S04101,Student_4101,2.61,IT,Senior,121
S04102,Student_4102,1.77,Business,Freshman,80
S04103,Student_4103,1.59,Business,Sophomore,5
S04104,Student_4104,1.53,Business,Sophomore,77
S04105,Student_4105,3.17,IT,Senior,28
S04106,Student_4106,2.46,Business,Senior,73
S04107,Student_4107,2.26,SE,Freshman,41
S04108,Student_4108,1.93,IT,Sophomore,129
S04109,Student_4109,3.25,AI,Freshman,8
S04110,Student_4110,3.2,Business,Junior,7
S04111,Student_4111,3.15,AI,Sophomore,50
S04112,Student_4112,3.76,Business,Sophomore,12
S04113,Student_4113,3.76,Finance,Sophomore,139
S04114,Student_4114,3.64,SE,Freshman,77
S04115,Student_4115,3.94,Finance,Junior,3
S04116,Student_4116,3.38,Data Science,Junior,79
S04117,Student_4117,2.23,Data Science,Freshman,32
S04118,Student_4118,3.41,Business,Senior,59
S04119,Student_4119,3.8,Data Science,Junior,96
S04120,Student_4120,1.87,CS,Junior,17
S04121,Student_4121,1.67,AI,Freshman,123
S04122,Student_4122,1.72,IT,Freshman,104
S04123,Student_4123,3.16,Data Science,Junior,9
S04124,Student_4124,3.7,SE,Senior,139
S04125,Student_4125,2.47,Finance,Freshman,118
S04126,Student_4126,1.63,SE,Freshman,110
S04127,Student_4127,2.31,Business,Freshman,124
S04128,Student_4128,3.7,IT,Senior,52
S04129,Student_4129,3.69,Business,Junior,85
S04130,Student_4130,1.71,Business,Freshman,134
S04131,Student_4131,3.82,SE,Freshman,117
S04132,Student_4132,3.72,SE,Freshman,92
S04133,Student_4133,2.68,SE,Freshman,139
S04134,Student_4134,3.6,Finance,Senior,137
S04135,Student_4135,2.61,Data Science,Freshman,2
S04136,Student_4136,2.47,Data Science,Senior,55
S04137,Student_4137,2.14,AI,Senior,92
S04138,Student_4138,1.52,Data Science,Junior,3
S04139,Student_4139,3.11,CS,Sophomore,61
S04140,Student_4140,4.0,AI,Sophomore,111
S04141,Student_4141,2.49,IT,Senior,82
S04142,Student_4142,3.81,Finance,Junior,40
S04143,Student_4143,3.94,AI,Freshman,82
S04144,Student_4144,3.81,SE,Freshman,128
S04145,Student_4145,2.22,SE,Freshman,140
S04146,Student_4146,1.79,Finance,Sophomore,124
S04147,Student_4147,2.28,Finance,Senior,21
S04148,Student_4148,3.96,Finance,Sophomore,62
S04149,Student_4149,3.48,CS,Freshman,77
S04150,Student_4150,3.43,SE,Sophomore,13
S04151,Student_4151,2.23,IT,Sophomore,57
S04152,Student_4152,2.02,Data Science,Senior,51
S04153,Student_4153,1.76,Business,Junior,85
S04154,Student_4154,1.65,CS,Junior,22
S04155,Student_4155,2.74,Business,Sophomore,83
S04156,Student_4156,3.3,CS,Senior,121
S04157,Student_4157,2.01,SE,Freshman,85
S04158,Student_4158,3.23,AI,Senior,103
S04159,Student_4159,3.94,AI,Senior,115
S04160,Student_4160,3.41,Finance,Junior,118
S04161,Student_4161,3.75,Finance,Senior,68
S04162,Student_4162,1.73,CS,Senior,69
S04163,Student_4163,3.7,SE,Junior,59
S04164,Student_4164,2.36,Finance,Senior,83
S04165,Student_4165,3.62,IT,Senior,134
S04166,Student_4166,1.66,Business,Freshman,19
S04167,Student_4167,3.6,Business,Freshman,68
S04168,Student_4168,3.59,SE,Junior,111
S04169,Student_4169,2.46,Finance,Freshman,85
S04170,Student_4170,2.0,SE,Sophomore,3
S04171,Student_4171,2.52,IT,Senior,135
S04172,Student_4172,2.87,Business,Freshman,95
S04173,Student_4173,2.5,Data Science,Senior,89
S04174,Student_4174,3.82,Finance,Freshman,71
S04175,Student_4175,3.02,Data Science,Freshman,121
S04176,Student_4176,3.54,Finance,Freshman,82
S04177,Student_4177,3.87,CS,Sophomore,73
S04178,Student_4178,2.14,Data Science,Senior,87
S04179,Student_4179,2.48,CS,Freshman,21
S04180,Student_4180,3.73,Finance,Sophomore,92
S04181,Student_4181,3.75,IT,Freshman,1
S04182,Student_4182,3.28,Finance,Freshman,125
S04183,Student_4183,2.43,Business,Freshman,65
S04184,Student_4184,2.28,SE,Freshman,52
S04185,Student_4185,2.96,SE,Senior,115
S04186,Student_4186,2.57,Business,Freshman,33
S04187,Student_4187,1.92,SE,Freshman,36
S04188,Student_4188,3.7,Business,Sophomore,46
S04189,Student_4189,3.59,AI,Junior,77
S04190,Student_4190,3.63,Business,Senior,90
S04191,Student_4191,1.9,SE,Senior,39
S04192,Student_4192,3.01,SE,Senior,138
S04193,Student_4193,1.5,Finance,Freshman,77
S04194,Student_4194,2.99,Finance,Freshman,124
S04195,Student_4195,2.48,Finance,Freshman,97
S04196,Student_4196,1.89,CS,Senior,124
S04197,Student_4197,2.02,AI,Sophomore,20
S04198,Student_4198,3.9,Business,Sophomore,131
S04199,Student_4199,1.97,CS,Senior,13
S04200,Student_4200,3.1,AI,Sophomore,117
S04201,Student_4201,1.64,Business,Freshman,30
S04202,Student_4202,2.99,CS,Sophomore,33
S04203,Student_4203,2.26,SE,Senior,87
S04204,Student_4204,1.62,SE,Freshman,51
S04205,Student_4205,2.66,SE,Sophomore,115
S04206,Student_4206,3.59,IT,Freshman,78
S04207,Student_4207,3.63,SE,Junior,61
S04208,Student_4208,3.4,IT,Junior,12
S04209,Student_4209,2.18,Business,Junior,69
S04210,Student_4210,3.71,CS,Freshman,45
S04211,Student_4211,3.45,AI,Sophomore,124
S04212,Student_4212,3.66,Business,Senior,79
S04213,Student_4213,1.78,Data Science,Freshman,68
S04214,Student_4214,3.33,IT,Junior,88
S04215,Student_4215,2.13,CS,Sophomore,17
S04216,Student_4216,3.12,AI,Senior,15
S04217,Student_4217,2.81,IT,Junior,93
S04218,Student_4218,1.83,Business,Sophomore,28
S04219,Student_4219,3.73,Business,Freshman,107
S04220,Student_4220,2.09,Business,Freshman,9
S04221,Student_4221,3.01,CS,Sophomore,89
S04222,Student_4222,1.8,Finance,Sophomore,129
S04223,Student_4223,1.61,Business,Sophomore,127
S04224,Student_4224,3.73,IT,Sophomore,16
S04225,Student_4225,3.26,CS,Junior,14
S04226,Student_4226,2.06,CS,Sophomore,84
S04227,Student_4227,1.78,Finance,Senior,90
S04228,Student_4228,1.8,IT,Sophomore,110
S04229,Student_4229,3.33,AI,Freshman,45
S04230,Student_4230,2.55,CS,Freshman,90
S04231,Student_4231,2.96,SE,Freshman,126
S04232,Student_4232,2.22,IT,Junior,111
S04233,Student_4233,2.72,IT,Freshman,71
S04234,Student_4234,2.49,CS,Senior,12
S04235,Student_4235,2.36,AI,Junior,125
S04236,Student_4236,2.19,Data Science,Sophomore,38
S04237,Student_4237,3.06,IT,Sophomore,97
S04238,Student_4238,2.25,SE,Sophomore,8
S04239,Student_4239,2.11,IT,Senior,13
S04240,Student_4240,1.86,Data Science,Senior,9
S04241,Student_4241,2.98,SE,Junior,15
S04242,Student_4242,3.43,Data Science,Freshman,98
S04243,Student_4243,3.94,CS,Senior,79
S04244,Student_4244,3.89,AI,Junior,118
S04245,Student_4245,1.9,Business,Sophomore,35
S04246,Student_4246,1.76,Business,Senior,131
S04247,Student_4247,3.23,Business,Junior,122
S04248,Student_4248,3.76,IT,Junior,13
S04249,Student_4249,3.59,Data Science,Sophomore,11
S04250,Student_4250,1.97,AI,Junior,54
S04251,Student_4251,2.84,Finance,Senior,78
S04252,Student_4252,3.71,AI,Sophomore,116
S04253,Student_4253,2.19,SE,Freshman,60
S04254,Student_4254,1.94,IT,Senior,71
S04255,Student_4255,2.85,IT,Junior,69
S04256,Student_4256,2.17,Finance,Junior,37
S04257,Student_4257,3.85,Finance,Junior,64
S04258,Student_4258,2.89,Finance,Sophomore,3
S04259,Student_4259,3.19,IT,Freshman,5
S04260,Student_4260,3.73,Data Science,Freshman,121
S04261,Student_4261,2.15,Finance,Freshman,26
S04262,Student_4262,3.24,Business,Freshman,132
S04263,Student_4263,2.4,CS,Senior,53
S04264,Student_4264,3.43,IT,Junior,42
S04265,Student_4265,1.91,CS,Sophomore,81
S04266,Student_4266,3.06,SE,Senior,95
S04267,Student_4267,3.28,Finance,Freshman,14
S04268,Student_4268,2.2,Data Science,Freshman,124
S04269,Student_4269,2.06,IT,Freshman,8
S04270,Student_4270,3.92,Finance,Junior,98
S04271,Student_4271,3.35,SE,Sophomore,138
S04272,Student_4272,1.57,AI,Junior,121
S04273,Student_4273,3.97,IT,Sophomore,25
S04274,Student_4274,1.81,AI,Senior,129
S04275,Student_4275,3.23,Finance,Sophomore,52
S04276,Student_4276,3.9,Finance,Freshman,3
S04277,Student_4277,2.55,SE,Junior,59
S04278,Student_4278,2.54,Finance,Junior,97
S04279,Student_4279,3.94,Data Science,Junior,63
S04280,Student_4280,2.47,CS,Freshman,135
S04281,Student_4281,3.51,IT,Junior,106
S04282,Student_4282,3.19,Data Science,Junior,77
S04283,Student_4283,1.58,Data Science,Junior,24
S04284,Student_4284,3.0,SE,Senior,114
S04285,Student_4285,2.12,AI,Sophomore,4
S04286,Student_4286,1.76,AI,Sophomore,78
S04287,Student_4287,1.54,Finance,Freshman,6
S04288,Student_4288,2.93,IT,Freshman,62
S04289,Student_4289,3.77,CS,Freshman,140
S04290,Student_4290,2.95,CS,Sophomore,70
S04291,Student_4291,1.96,CS,Sophomore,94
S04292,Student_4292,3.33,SE,Senior,109
S04293,Student_4293,1.7,IT,Junior,18
S04294,Student_4294,2.16,Finance,Freshman,48
S04295,Student_4295,2.52,Finance,Freshman,133
S04296,Student_4296,2.2,IT,Senior,137
S04297,Student_4297,2.84,IT,Senior,140
S04298,Student_4298,2.72,Business,Junior,139
S04299,Student_4299,2.01,Business,Senior,95
S04300,Student_4300,3.75,Data Science,Junior,59
S04301,Student_4301,3.65,CS,Freshman,1
S04302,Student_4302,3.65,CS,Freshman,34
S04303,Student_4303,3.3,Data Science,Junior,18
S04304,Student_4304,2.63,Data Science,Senior,65
S04305,Student_4305,3.7,Business,Freshman,53
S04306,Student_4306,3.26,CS,Senior,86
S04307,Student_4307,3.21,Finance,Junior,3
S04308,Student_4308,2.41,CS,Junior,95
S04309,Student_4309,3.38,CS,Sophomore,139
S04310,Student_4310,1.92,Data Science,Sophomore,40
S04311,Student_4311,3.01,Data Science,Senior,78
S04312,Student_4312,2.42,IT,Junior,83
S04313,Student_4313,2.41,Finance,Junior,60
S04314,Student_4314,2.99,CS,Freshman,98
S04315,Student_4315,1.55,Data Science,Sophomore,78
S04316,Student_4316,2.49,IT,Sophomore,121
S04317,Student_4317,2.15,Business,Senior,12
S04318,Student_4318,2.63,CS,Junior,62
S04319,Student_4319,1.78,Data Science,Senior,71
S04320,Student_4320,3.19,Finance,Junior,43
S04321,Student_4321,1.91,IT,Senior,57
S04322,Student_4322,2.3,Data Science,Freshman,26
S04323,Student_4323,3.75,CS,Sophomore,113
S04324,Student_4324,2.06,AI,Freshman,86
S04325,Student_4325,2.04,Finance,Freshman,41
S04326,Student_4326,1.98,AI,Junior,72
S04327,Student_4327,2.83,Data Science,Senior,99
S04328,Student_4328,2.62,AI,Sophomore,130
S04329,Student_4329,2.26,AI,Senior,105
S04330,Student_4330,2.32,Business,Sophomore,136
S04331,Student_4331,3.65,CS,Sophomore,95
S04332,Student_4332,2.46,Finance,Freshman,51
S04333,Student_4333,1.75,AI,Sophomore,12
S04334,Student_4334,2.14,Data Science,Freshman,90
S04335,Student_4335,3.1,CS,Freshman,44
S04336,Student_4336,1.99,Finance,Freshman,85
S04337,Student_4337,3.56,CS,Senior,131
S04338,Student_4338,2.54,SE,Junior,61
S04339,Student_4339,1.52,Business,Freshman,25
S04340,Student_4340,3.86,AI,Junior,121
S04341,Student_4341,3.2,Business,Freshman,45
S04342,Student_4342,3.64,IT,Junior,106
S04343,Student_4343,2.55,AI,Freshman,56
S04344,Student_4344,3.51,Business,Freshman,96
S04345,Student_4345,3.73,IT,Sophomore,15
S04346,Student_4346,3.88,Data Science,Freshman,4
S04347,Student_4347,1.78,IT,Sophomore,108
S04348,Student_4348,3.06,SE,Sophomore,85
S04349,Student_4349,3.94,Finance,Freshman,101
S04350,Student_4350,1.62,CS,Junior,90
S04351,Student_4351,2.81,Data Science,Senior,61
S04352,Student_4352,2.85,Data Science,Junior,65
S04353,Student_4353,2.46,Finance,Senior,74
S04354,Student_4354,2.48,IT,Freshman,140
S04355,Student_4355,3.16,Data Science,Sophomore,84
S04356,Student_4356,3.83,SE,Junior,44
S04357,Student_4357,3.24,Data Science,Junior,41
S04358,Student_4358,3.35,AI,Senior,78
S04359,Student_4359,2.0,SE,Senior,2
S04360,Student_4360,1.67,AI,Junior,2
S04361,Student_4361,1.61,Data Science,Junior,100
S04362,Student_4362,2.7,CS,Sophomore,34
S04363,Student_4363,3.07,IT,Freshman,32
S04364,Student_4364,3.75,Finance,Junior,105
S04365,Student_4365,3.03,SE,Freshman,2
S04366,Student_4366,3.27,AI,Senior,9
S04367,Student_4367,2.81,Data Science,Freshman,12
S04368,Student_4368,2.45,IT,Senior,68
S04369,Student_4369,1.72,AI,Junior,119
S04370,Student_4370,2.34,Business,Sophomore,14
S04371,Student_4371,2.71,IT,Sophomore,28
S04372,Student_4372,3.25,Data Science,Junior,109
S04373,Student_4373,3.33,AI,Senior,139
S04374,Student_4374,1.67,IT,Junior,92
S04375,Student_4375,3.02,CS,Senior,93
S04376,Student_4376,2.71,IT,Junior,11
S04377,Student_4377,2.46,Data Science,Junior,86
S04378,Student_4378,3.09,Business,Freshman,39
S04379,Student_4379,2.83,CS,Junior,97
S04380,Student_4380,1.65,SE,Senior,15
S04381,Student_4381,3.25,SE,Freshman,120
S04382,Student_4382,3.02,CS,Freshman,36
S04383,Student_4383,2.61,AI,Senior,39
S04384,Student_4384,3.15,Business,Freshman,2
S04385,Student_4385,1.6,IT,Junior,97
S04386,Student_4386,1.55,Business,Freshman,41
S04387,Student_4387,2.46,Data Science,Senior,137
S04388,Student_4388,2.56,IT,Freshman,36
S04389,Student_4389,3.85,CS,Freshman,112
S04390,Student_4390,3.11,CS,Junior,112
S04391,Student_4391,1.8,Finance,Sophomore,29
S04392,Student_4392,3.2,Finance,Junior,130
S04393,Student_4393,1.8,Finance,Junior,48
S04394,Student_4394,4.0,AI,Freshman,47
S04395,Student_4395,3.81,Finance,Sophomore,114
S04396,Student_4396,2.65,IT,Sophomore,35
S04397,Student_4397,3.69,Data Science,Sophomore,97
S04398,Student_4398,1.77,Finance,Junior,86
S04399,Student_4399,2.32,CS,Senior,129
S04400,Student_4400,2.78,Finance,Freshman,96
S04401,Student_4401,1.84,SE,Junior,0
S04402,Student_4402,2.65,CS,Sophomore,23
S04403,Student_4403,1.65,AI,Junior,35
S04404,Student_4404,3.75,Business,Senior,119
S04405,Student_4405,3.09,CS,Senior,63
S04406,Student_4406,2.44,Finance,Freshman,135
S04407,Student_4407,2.43,SE,Sophomore,61
S04408,Student_4408,2.13,IT,Senior,20
S04409,Student_4409,3.04,CS,Junior,58
S04410,Student_4410,3.28,Business,Senior,5
S04411,Student_4411,3.66,AI,Senior,132
S04412,Student_4412,2.06,Business,Junior,138
S04413,Student_4413,1.9,CS,Senior,102
S04414,Student_4414,2.79,AI,Freshman,30
S04415,Student_4415,2.8,Data Science,Freshman,139
S04416,Student_4416,2.06,IT,Senior,97
S04417,Student_4417,2.68,IT,Sophomore,46
S04418,Student_4418,2.8,Finance,Freshman,29
S04419,Student_4419,2.01,SE,Sophomore,86
S04420,Student_4420,3.7,Data Science,Senior,123
S04421,Student_4421,3.77,CS,Junior,67
S04422,Student_4422,3.4,SE,Freshman,110
S04423,Student_4423,3.08,CS,Sophomore,123
S04424,Student_4424,2.35,IT,Sophomore,64
S04425,Student_4425,3.87,Business,Sophomore,15
S04426,Student_4426,3.74,Data Science,Sophomore,124
S04427,Student_4427,3.64,Business,Sophomore,89
S04428,Student_4428,3.03,CS,Freshman,21
S04429,Student_4429,3.35,Finance,Freshman,136
S04430,Student_4430,2.43,CS,Senior,121
S04431,Student_4431,2.04,Finance,Sophomore,65
S04432,Student_4432,3.28,Data Science,Junior,57
S04433,Student_4433,1.67,SE,Junior,122
S04434,Student_4434,3.13,AI,Freshman,59
S04435,Student_4435,3.93,Finance,Senior,12
S04436,Student_4436,1.92,Finance,Senior,5
S04437,Student_4437,1.65,IT,Sophomore,104
S04438,Student_4438,2.8,Business,Senior,85
S04439,Student_4439,2.36,Business,Junior,25
S04440,Student_4440,1.6,Data Science,Sophomore,112
S04441,Student_4441,1.55,CS,Senior,127
S04442,Student_4442,3.09,Business,Junior,2
S04443,Student_4443,2.19,IT,Sophomore,4
S04444,Student_4444,3.82,Finance,Sophomore,44
S04445,Student_4445,1.56,IT,Freshman,132
S04446,Student_4446,2.14,Data Science,Sophomore,31
S04447,Student_4447,3.95,AI,Freshman,127
S04448,Student_4448,3.27,Finance,Freshman,47
S04449,Student_4449,1.6,SE,Junior,133
S04450,Student_4450,3.29,AI,Freshman,53
S04451,Student_4451,3.1,IT,Sophomore,89
S04452,Student_4452,2.0,Business,Freshman,98
S04453,Student_4453,2.13,IT,Sophomore,110
S04454,Student_4454,3.01,Finance,Senior,20
S04455,Student_4455,1.6,Business,Sophomore,56
S04456,Student_4456,2.13,CS,Senior,9
S04457,Student_4457,1.94,Finance,Senior,40
S04458,Student_4458,3.63,SE,Freshman,21
S04459,Student_4459,3.13,Business,Senior,43
S04460,Student_4460,2.4,Finance,Junior,47
S04461,Student_4461,2.85,SE,Senior,107
S04462,Student_4462,1.84,Finance,Sophomore,33
S04463,Student_4463,1.99,Data Science,Senior,121
S04464,Student_4464,2.15,IT,Sophomore,77
S04465,Student_4465,2.96,CS,Sophomore,56
S04466,Student_4466,2.02,IT,Freshman,61
S04467,Student_4467,2.2,AI,Senior,35
S04468,Student_4468,3.5,IT,Sophomore,85
S04469,Student_4469,2.46,SE,Freshman,17
S04470,Student_4470,3.65,SE,Junior,45
S04471,Student_4471,3.38,CS,Sophomore,5
S04472,Student_4472,1.63,Data Science,Junior,48
S04473,Student_4473,2.6,IT,Freshman,25
S04474,Student_4474,3.9,AI,Senior,78
S04475,Student_4475,1.56,AI,Sophomore,21
S04476,Student_4476,2.38,Business,Sophomore,84
S04477,Student_4477,3.33,Data Science,Freshman,74
S04478,Student_4478,2.12,AI,Freshman,62
S04479,Student_4479,2.81,AI,Sophomore,104
S04480,Student_4480,3.11,SE,Senior,130
S04481,Student_4481,3.66,SE,Senior,138
S04482,Student_4482,2.85,IT,Sophomore,132
S04483,Student_4483,2.35,Data Science,Senior,98
S04484,Student_4484,2.63,Data Science,Sophomore,57
S04485,Student_4485,1.72,Data Science,Senior,111
S04486,Student_4486,3.89,Finance,Junior,12
S04487,Student_4487,1.97,AI,Senior,29
S04488,Student_4488,2.52,SE,Sophomore,8
S04489,Student_4489,3.13,Finance,Sophomore,74
S04490,Student_4490,1.67,AI,Freshman,7
S04491,Student_4491,3.58,Data Science,Junior,124
S04492,Student_4492,2.16,Finance,Sophomore,42
S04493,Student_4493,1.63,AI,Freshman,101
S04494,Student_4494,3.12,SE,Junior,98
S04495,Student_4495,2.71,AI,Sophomore,47
S04496,Student_4496,2.87,Finance,Senior,112
S04497,Student_4497,2.8,Data Science,Freshman,104
S04498,Student_4498,1.52,Finance,Senior,137
S04499,Student_4499,3.33,AI,Freshman,47
S04500,Student_4500,1.59,Finance,Senior,111
S04501,Student_4501,2.21,CS,Freshman,122
S04502,Student_4502,3.72,SE,Junior,84
S04503,Student_4503,1.69,AI,Sophomore,140
S04504,Student_4504,3.66,IT,Freshman,88
S04505,Student_4505,2.9,IT,Junior,56
S04506,Student_4506,3.71,Data Science,Sophomore,86
S04507,Student_4507,1.95,IT,Freshman,89
S04508,Student_4508,2.16,CS,Sophomore,48
S04509,Student_4509,2.65,CS,Sophomore,21
S04510,Student_4510,2.77,CS,Junior,43
S04511,Student_4511,3.74,Business,Sophomore,3
S04512,Student_4512,2.35,Data Science,Senior,139
S04513,Student_4513,2.13,CS,Junior,105
S04514,Student_4514,3.96,Business,Freshman,18
S04515,Student_4515,1.96,Finance,Senior,114
S04516,Student_4516,2.49,Data Science,Freshman,125
S04517,Student_4517,2.87,IT,Freshman,120
S04518,Student_4518,3.93,Business,Senior,18
S04519,Student_4519,2.02,CS,Freshman,41
S04520,Student_4520,1.57,CS,Junior,117
S04521,Student_4521,2.17,IT,Senior,83
S04522,Student_4522,2.68,SE,Junior,92
S04523,Student_4523,1.69,Data Science,Sophomore,82
S04524,Student_4524,3.31,SE,Junior,73
S04525,Student_4525,3.82,SE,Freshman,58
S04526,Student_4526,2.87,Data Science,Senior,117
S04527,Student_4527,3.61,Data Science,Sophomore,87
S04528,Student_4528,2.99,CS,Senior,97
S04529,Student_4529,3.76,Finance,Senior,54
S04530,Student_4530,1.51,Business,Junior,44
S04531,Student_4531,2.36,Business,Freshman,111
S04532,Student_4532,1.85,CS,Sophomore,126
S04533,Student_4533,2.29,Finance,Junior,100
S04534,Student_4534,3.78,CS,Senior,32
S04535,Student_4535,1.96,Finance,Senior,126
S04536,Student_4536,3.21,IT,Freshman,117
S04537,Student_4537,3.09,Business,Senior,43
S04538,Student_4538,2.16,Data Science,Sophomore,45
S04539,Student_4539,3.08,IT,Junior,94
S04540,Student_4540,3.34,Finance,Junior,81
S04541,Student_4541,2.16,CS,Freshman,84
S04542,Student_4542,2.71,Data Science,Freshman,21
S04543,Student_4543,2.51,Business,Freshman,9
S04544,Student_4544,3.69,AI,Senior,114
S04545,Student_4545,1.67,Data Science,Freshman,63
S04546,Student_4546,2.91,IT,Senior,49
S04547,Student_4547,3.75,Finance,Junior,37
S04548,Student_4548,2.72,Finance,Junior,85
S04549,Student_4549,3.1,Data Science,Sophomore,140
S04550,Student_4550,2.44,IT,Sophomore,58
S04551,Student_4551,3.55,Business,Junior,130
S04552,Student_4552,2.73,Data Science,Freshman,121
S04553,Student_4553,2.98,CS,Freshman,56
S04554,Student_4554,2.97,Business,Junior,112
S04555,Student_4555,3.64,AI,Senior,18
S04556,Student_4556,3.9,Data Science,Freshman,48
S04557,Student_4557,1.6,CS,Sophomore,20
S04558,Student_4558,3.74,SE,Sophomore,132
S04559,Student_4559,3.29,Finance,Freshman,91
S04560,Student_4560,2.06,Finance,Senior,63
S04561,Student_4561,3.73,Finance,Senior,117
S04562,Student_4562,3.11,AI,Senior,96
S04563,Student_4563,1.81,Business,Freshman,10
S04564,Student_4564,3.93,Business,Freshman,112
S04565,Student_4565,2.39,Data Science,Freshman,19
S04566,Student_4566,3.47,CS,Freshman,0
S04567,Student_4567,3.74,AI,Senior,58
S04568,Student_4568,2.78,IT,Sophomore,10
S04569,Student_4569,2.78,SE,Sophomore,41
S04570,Student_4570,2.2,Finance,Freshman,96
S04571,Student_4571,1.78,Finance,Senior,131
S04572,Student_4572,3.04,IT,Freshman,23
S04573,Student_4573,2.97,SE,Senior,102
S04574,Student_4574,3.93,CS,Freshman,50
S04575,Student_4575,2.47,Finance,Freshman,51
S04576,Student_4576,3.98,Business,Freshman,133
S04577,Student_4577,2.06,Finance,Sophomore,54
S04578,Student_4578,1.61,Data Science,Junior,12
S04579,Student_4579,3.63,Business,Sophomore,74
S04580,Student_4580,1.54,AI,Sophomore,111
S04581,Student_4581,3.11,CS,Freshman,25
S04582,Student_4582,3.94,Data Science,Sophomore,103
S04583,Student_4583,2.88,SE,Junior,76
S04584,Student_4584,3.75,Business,Sophomore,12
S04585,Student_4585,1.9,Data Science,Senior,5
S04586,Student_4586,3.33,IT,Sophomore,40
S04587,Student_4587,3.92,IT,Junior,139
S04588,Student_4588,1.96,Business,Senior,68
S04589,Student_4589,2.03,SE,Junior,58
S04590,Student_4590,2.55,Data Science,Senior,76
S04591,Student_4591,3.45,Finance,Junior,77
S04592,Student_4592,2.59,IT,Freshman,58
S04593,Student_4593,3.78,SE,Freshman,81
S04594,Student_4594,1.6,CS,Junior,44
S04595,Student_4595,3.84,IT,Senior,87
S04596,Student_4596,1.79,AI,Sophomore,125
S04597,Student_4597,2.93,Business,Freshman,67
S04598,Student_4598,1.6,CS,Senior,65
S04599,Student_4599,3.55,SE,Freshman,75
S04600,Student_4600,1.97,CS,Senior,74
S04601,Student_4601,2.39,Business,Freshman,10
S04602,Student_4602,2.8,Business,Sophomore,124
S04603,Student_4603,2.37,Business,Junior,97
S04604,Student_4604,2.38,Business,Freshman,113
S04605,Student_4605,3.13,Data Science,Sophomore,91
S04606,Student_4606,3.36,IT,Senior,117
S04607,Student_4607,1.88,Data Science,Junior,13
S04608,Student_4608,1.75,IT,Junior,52
S04609,Student_4609,3.23,Finance,Junior,48
S04610,Student_4610,1.98,Business,Freshman,63
S04611,Student_4611,3.09,AI,Sophomore,53
S04612,Student_4612,3.07,IT,Sophomore,21
S04613,Student_4613,2.87,SE,Sophomore,129
S04614,Student_4614,2.66,Business,Sophomore,37
S04615,Student_4615,2.52,SE,Junior,136
S04616,Student_4616,2.92,CS,Freshman,79
S04617,Student_4617,2.62,Data Science,Freshman,116
S04618,Student_4618,1.91,Business,Sophomore,58
S04619,Student_4619,2.02,SE,Freshman,86
S04620,Student_4620,2.19,IT,Senior,79
S04621,Student_4621,2.12,SE,Junior,0
S04622,Student_4622,2.46,SE,Freshman,123
S04623,Student_4623,3.15,IT,Sophomore,36
S04624,Student_4624,3.91,SE,Senior,33
S04625,Student_4625,3.6,Finance,Junior,97
S04626,Student_4626,3.82,SE,Freshman,78
S04627,Student_4627,2.92,Finance,Senior,65
S04628,Student_4628,2.77,SE,Sophomore,67
S04629,Student_4629,2.35,IT,Freshman,132
S04630,Student_4630,3.24,Business,Freshman,93
S04631,Student_4631,1.54,IT,Freshman,80
S04632,Student_4632,2.46,Business,Freshman,56
S04633,Student_4633,1.96,Business,Sophomore,37
S04634,Student_4634,3.23,Business,Senior,9
S04635,Student_4635,2.56,Finance,Freshman,0
S04636,Student_4636,2.15,Data Science,Senior,11
S04637,Student_4637,2.42,Business,Sophomore,123
S04638,Student_4638,3.51,AI,Senior,87
S04639,Student_4639,2.88,SE,Senior,10
S04640,Student_4640,2.32,SE,Senior,55
S04641,Student_4641,2.65,Finance,Senior,103
S04642,Student_4642,2.49,Business,Freshman,46
S04643,Student_4643,2.49,Data Science,Sophomore,83
S04644,Student_4644,1.54,CS,Junior,132
S04645,Student_4645,1.67,Finance,Freshman,25
S04646,Student_4646,2.29,Data Science,Senior,134
S04647,Student_4647,1.53,Data Science,Senior,27
S04648,Student_4648,3.64,CS,Sophomore,33
S04649,Student_4649,3.36,AI,Junior,63
S04650,Student_4650,3.28,AI,Freshman,4
S04651,Student_4651,2.56,CS,Senior,96
S04652,Student_4652,3.62,CS,Senior,78
S04653,Student_4653,3.45,AI,Junior,9
S04654,Student_4654,1.69,IT,Junior,58
S04655,Student_4655,2.91,Data Science,Senior,7
S04656,Student_4656,2.49,Business,Sophomore,28
S04657,Student_4657,3.5,IT,Sophomore,137
S04658,Student_4658,1.76,IT,Senior,60
S04659,Student_4659,2.6,AI,Senior,138
S04660,Student_4660,2.98,SE,Senior,56
S04661,Student_4661,3.79,SE,Junior,96
S04662,Student_4662,2.26,Finance,Freshman,42
S04663,Student_4663,3.01,CS,Freshman,50
S04664,Student_4664,2.21,IT,Freshman,133
S04665,Student_4665,3.78,SE,Senior,76
S04666,Student_4666,3.88,IT,Sophomore,84
S04667,Student_4667,2.93,IT,Sophomore,15
S04668,Student_4668,2.4,CS,Freshman,81
S04669,Student_4669,1.98,IT,Senior,55
S04670,Student_4670,3.11,AI,Freshman,67
S04671,Student_4671,1.67,AI,Senior,86
S04672,Student_4672,1.89,AI,Sophomore,28
S04673,Student_4673,2.96,CS,Senior,113
S04674,Student_4674,3.92,CS,Sophomore,62
S04675,Student_4675,3.13,Data Science,Junior,35
S04676,Student_4676,2.49,SE,Senior,115
S04677,Student_4677,2.16,CS,Senior,70
S04678,Student_4678,2.16,CS,Senior,17
S04679,Student_4679,1.92,AI,Senior,19
S04680,Student_4680,1.93,IT,Senior,43
S04681,Student_4681,3.03,Data Science,Senior,46
S04682,Student_4682,1.69,Data Science,Sophomore,56
S04683,Student_4683,3.86,Data Science,Sophomore,34
S04684,Student_4684,3.71,SE,Freshman,118
S04685,Student_4685,3.0,Data Science,Freshman,66
S04686,Student_4686,1.81,IT,Freshman,109
S04687,Student_4687,2.5,Data Science,Freshman,4
S04688,Student_4688,3.32,SE,Sophomore,65
S04689,Student_4689,1.7,SE,Freshman,49
S04690,Student_4690,3.16,IT,Freshman,33
S04691,Student_4691,3.66,AI,Freshman,137
S04692,Student_4692,2.52,IT,Junior,98
S04693,Student_4693,1.63,AI,Freshman,96
S04694,Student_4694,3.84,CS,Sophomore,113
S04695,Student_4695,3.02,AI,Junior,17
S04696,Student_4696,2.69,Finance,Junior,121
S04697,Student_4697,3.2,CS,Freshman,26
S04698,Student_4698,2.27,Finance,Junior,115
S04699,Student_4699,3.04,SE,Junior,119
S04700,Student_4700,3.56,AI,Freshman,100
S04701,Student_4701,2.82,Business,Senior,35
S04702,Student_4702,2.51,Business,Freshman,42
S04703,Student_4703,1.75,AI,Freshman,53
S04704,Student_4704,3.55,AI,Senior,38
S04705,Student_4705,1.83,CS,Sophomore,116
S04706,Student_4706,2.68,AI,Sophomore,51
S04707,Student_4707,3.8,CS,Junior,34
S04708,Student_4708,3.1,Finance,Sophomore,39
S04709,Student_4709,2.76,Data Science,Senior,126
S04710,Student_4710,3.29,CS,Freshman,42
S04711,Student_4711,1.67,Data Science,Senior,9
S04712,Student_4712,3.52,SE,Junior,32
S04713,Student_4713,2.0,Business,Junior,113
S04714,Student_4714,2.19,SE,Senior,14
S04715,Student_4715,1.58,IT,Sophomore,4
S04716,Student_4716,3.1,Finance,Sophomore,133
S04717,Student_4717,3.0,Data Science,Senior,109
S04718,Student_4718,3.38,CS,Sophomore,120
S04719,Student_4719,1.85,Business,Freshman,90
S04720,Student_4720,3.12,IT,Senior,76
S04721,Student_4721,3.49,IT,Senior,94
S04722,Student_4722,2.69,IT,Freshman,31
S04723,Student_4723,3.38,CS,Junior,42
S04724,Student_4724,2.01,CS,Junior,60
S04725,Student_4725,1.67,SE,Freshman,87
S04726,Student_4726,3.05,AI,Junior,90
S04727,Student_4727,2.14,Data Science,Junior,68
S04728,Student_4728,3.49,SE,Senior,96
S04729,Student_4729,2.52,CS,Senior,14
S04730,Student_4730,3.99,SE,Sophomore,38
S04731,Student_4731,2.88,SE,Junior,33
S04732,Student_4732,2.49,AI,Junior,50
S04733,Student_4733,2.55,Data Science,Sophomore,9
S04734,Student_4734,1.93,SE,Junior,68
S04735,Student_4735,3.51,IT,Junior,114
S04736,Student_4736,3.97,CS,Sophomore,128
S04737,Student_4737,2.53,AI,Senior,13
S04738,Student_4738,3.18,Data Science,Sophomore,46
S04739,Student_4739,3.94,Data Science,Junior,0
S04740,Student_4740,3.42,Data Science,Sophomore,98
S04741,Student_4741,1.76,IT,Sophomore,58
S04742,Student_4742,1.68,CS,Sophomore,126
S04743,Student_4743,1.99,AI,Freshman,93
S04744,Student_4744,3.92,AI,Freshman,44
S04745,Student_4745,2.99,Finance,Junior,22
S04746,Student_4746,3.31,AI,Sophomore,45
S04747,Student_4747,2.83,Finance,Junior,13
S04748,Student_4748,3.04,SE,Freshman,71
S04749,Student_4749,1.85,AI,Freshman,125
S04750,Student_4750,1.57,Finance,Freshman,63
S04751,Student_4751,2.61,Business,Junior,124
S04752,Student_4752,2.4,SE,Freshman,72
S04753,Student_4753,2.84,Finance,Freshman,69
S04754,Student_4754,2.49,Business,Senior,91
S04755,Student_4755,2.44,AI,Freshman,103
S04756,Student_4756,2.47,Finance,Junior,115
S04757,Student_4757,2.8,Data Science,Freshman,99
S04758,Student_4758,2.92,Business,Sophomore,23
S04759,Student_4759,2.99,CS,Junior,113
S04760,Student_4760,3.83,CS,Junior,112
S04761,Student_4761,2.65,Data Science,Sophomore,93
S04762,Student_4762,3.8,CS,Junior,116
S04763,Student_4763,3.78,AI,Freshman,56
S04764,Student_4764,2.74,Data Science,Junior,30
S04765,Student_4765,3.2,Business,Junior,72
S04766,Student_4766,2.55,CS,Junior,84
S04767,Student_4767,3.31,Finance,Freshman,10
S04768,Student_4768,3.21,Business,Sophomore,110
S04769,Student_4769,1.75,CS,Sophomore,40
S04770,Student_4770,3.8,CS,Junior,78
S04771,Student_4771,1.91,AI,Sophomore,109
S04772,Student_4772,2.47,IT,Senior,1
S04773,Student_4773,3.29,AI,Senior,139
S04774,Student_4774,2.01,IT,Junior,83
S04775,Student_4775,1.89,AI,Freshman,84
S04776,Student_4776,3.66,AI,Freshman,70
S04777,Student_4777,1.53,Data Science,Junior,97
S04778,Student_4778,3.83,IT,Freshman,13
S04779,Student_4779,3.19,AI,Freshman,21
S04780,Student_4780,3.82,CS,Junior,123
S04781,Student_4781,3.76,IT,Senior,12
S04782,Student_4782,2.56,Business,Sophomore,134
S04783,Student_4783,3.41,Data Science,Freshman,107
S04784,Student_4784,3.45,AI,Sophomore,96
S04785,Student_4785,2.15,Finance,Junior,103
S04786,Student_4786,2.11,IT,Junior,55
S04787,Student_4787,2.19,AI,Freshman,11
S04788,Student_4788,2.97,CS,Sophomore,111
S04789,Student_4789,2.15,AI,Junior,96
S04790,Student_4790,2.43,Finance,Freshman,24
S04791,Student_4791,1.55,CS,Junior,4
S04792,Student_4792,3.77,Data Science,Freshman,77
S04793,Student_4793,2.1,CS,Junior,88
S04794,Student_4794,3.76,SE,Junior,18
S04795,Student_4795,3.25,Data Science,Junior,77
S04796,Student_4796,2.17,Finance,Freshman,4
S04797,Student_4797,1.55,Business,Sophomore,40
S04798,Student_4798,2.5,Finance,Freshman,66
S04799,Student_4799,2.89,AI,Junior,58
S04800,Student_4800,2.59,Data Science,Sophomore,15
S04801,Student_4801,3.78,Business,Senior,60
S04802,Student_4802,3.1,Data Science,Sophomore,94
S04803,Student_4803,2.52,CS,Senior,78
S04804,Student_4804,2.44,Business,Junior,18
S04805,Student_4805,2.91,Data Science,Sophomore,71
S04806,Student_4806,1.89,AI,Senior,11
S04807,Student_4807,2.47,IT,Sophomore,3
S04808,Student_4808,2.95,IT,Sophomore,79
S04809,Student_4809,3.21,SE,Sophomore,63
S04810,Student_4810,2.07,Finance,Sophomore,36
S04811,Student_4811,3.6,SE,Freshman,41
S04812,Student_4812,1.74,Data Science,Senior,101
S04813,Student_4813,2.55,AI,Junior,52
S04814,Student_4814,2.52,AI,Senior,88
S04815,Student_4815,3.21,CS,Junior,69
S04816,Student_4816,1.76,AI,Junior,121
S04817,Student_4817,1.53,CS,Senior,41
S04818,Student_4818,3.97,Data Science,Freshman,78
S04819,Student_4819,3.28,Finance,Senior,80
S04820,Student_4820,3.9,Finance,Junior,23
S04821,Student_4821,2.43,Business,Junior,88
S04822,Student_4822,1.84,Business,Senior,39
S04823,Student_4823,1.62,Business,Sophomore,91
S04824,Student_4824,3.18,Data Science,Junior,74
S04825,Student_4825,2.2,Data Science,Sophomore,34
S04826,Student_4826,3.86,Finance,Senior,14
S04827,Student_4827,3.61,Data Science,Freshman,63
S04828,Student_4828,2.92,IT,Sophomore,35
S04829,Student_4829,3.04,SE,Senior,11
S04830,Student_4830,2.69,Finance,Junior,2
S04831,Student_4831,1.7,CS,Junior,62
S04832,Student_4832,2.02,IT,Freshman,64
S04833,Student_4833,2.05,IT,Sophomore,39
S04834,Student_4834,1.66,SE,Senior,108
S04835,Student_4835,4.0,IT,Senior,41
S04836,Student_4836,2.67,Finance,Freshman,80
S04837,Student_4837,2.57,SE,Senior,73
S04838,Student_4838,2.65,Business,Senior,28
S04839,Student_4839,3.47,SE,Junior,74
S04840,Student_4840,2.26,Data Science,Freshman,12
S04841,Student_4841,2.76,SE,Freshman,138
S04842,Student_4842,2.73,CS,Freshman,14
S04843,Student_4843,3.05,IT,Freshman,54
S04844,Student_4844,2.09,IT,Sophomore,56
S04845,Student_4845,3.23,Business,Junior,116
S04846,Student_4846,2.72,Data Science,Sophomore,55
S04847,Student_4847,1.83,AI,Sophomore,43
S04848,Student_4848,1.54,SE,Sophomore,130
S04849,Student_4849,2.92,SE,Senior,26
S04850,Student_4850,2.6,IT,Freshman,125
S04851,Student_4851,2.39,Business,Senior,84
S04852,Student_4852,3.16,CS,Freshman,38
S04853,Student_4853,2.43,AI,Freshman,113
S04854,Student_4854,2.19,IT,Senior,5
S04855,Student_4855,3.27,CS,Junior,137
S04856,Student_4856,3.53,IT,Freshman,108
S04857,Student_4857,1.52,SE,Sophomore,66
S04858,Student_4858,2.55,IT,Senior,118
S04859,Student_4859,2.29,SE,Sophomore,119
S04860,Student_4860,2.06,AI,Sophomore,135
S04861,Student_4861,1.87,CS,Junior,60
S04862,Student_4862,3.12,IT,Freshman,54
S04863,Student_4863,1.86,IT,Senior,116
S04864,Student_4864,1.53,Data Science,Freshman,75
S04865,Student_4865,3.28,Finance,Junior,54
S04866,Student_4866,3.26,Finance,Senior,97
S04867,Student_4867,2.67,Finance,Sophomore,100
S04868,Student_4868,3.22,CS,Freshman,44
S04869,Student_4869,2.55,AI,Junior,134
S04870,Student_4870,3.63,IT,Senior,139
S04871,Student_4871,3.83,CS,Sophomore,51
S04872,Student_4872,3.96,IT,Senior,95
S04873,Student_4873,2.66,Business,Sophomore,76
S04874,Student_4874,2.61,Business,Freshman,28
S04875,Student_4875,3.08,AI,Junior,69
S04876,Student_4876,3.42,AI,Senior,65
S04877,Student_4877,1.65,IT,Senior,127
S04878,Student_4878,2.26,Data Science,Junior,110
S04879,Student_4879,2.38,IT,Senior,118
S04880,Student_4880,2.41,CS,Sophomore,75
S04881,Student_4881,3.41,Finance,Freshman,110
S04882,Student_4882,3.27,Data Science,Junior,123
S04883,Student_4883,1.95,AI,Junior,8
S04884,Student_4884,3.46,Finance,Senior,131
S04885,Student_4885,2.3,SE,Junior,78
S04886,Student_4886,1.62,CS,Senior,68
S04887,Student_4887,1.69,IT,Senior,6
S04888,Student_4888,2.91,Business,Senior,95
S04889,Student_4889,2.67,SE,Freshman,40
S04890,Student_4890,3.01,AI,Freshman,8
S04891,Student_4891,3.97,CS,Senior,113
S04892,Student_4892,2.21,Finance,Junior,76
S04893,Student_4893,3.34,SE,Sophomore,15
S04894,Student_4894,2.91,Business,Senior,71
S04895,Student_4895,3.39,Finance,Senior,61
S04896,Student_4896,1.88,Finance,Sophomore,126
S04897,Student_4897,1.6,IT,Freshman,11
S04898,Student_4898,3.4,Business,Junior,14
S04899,Student_4899,2.97,Data Science,Senior,130
S04900,Student_4900,1.86,Business,Sophomore,36
S04901,Student_4901,2.88,Finance,Junior,116
S04902,Student_4902,3.91,IT,Junior,105
S04903,Student_4903,2.1,SE,Sophomore,60
S04904,Student_4904,3.28,Data Science,Junior,49
S04905,Student_4905,2.35,Finance,Senior,43
S04906,Student_4906,3.37,Data Science,Senior,80
S04907,Student_4907,3.41,Business,Freshman,71
S04908,Student_4908,3.58,Business,Freshman,61
S04909,Student_4909,1.75,SE,Senior,54
S04910,Student_4910,1.91,CS,Sophomore,61
S04911,Student_4911,2.29,Business,Sophomore,125
S04912,Student_4912,1.59,Data Science,Junior,23
S04913,Student_4913,3.12,Finance,Freshman,118
S04914,Student_4914,3.97,SE,Junior,114
S04915,Student_4915,1.73,IT,Senior,0
S04916,Student_4916,3.1,AI,Freshman,31
S04917,Student_4917,2.71,AI,Junior,52
S04918,Student_4918,3.32,SE,Freshman,61
S04919,Student_4919,2.55,Finance,Senior,114
S04920,Student_4920,1.77,Business,Junior,47
S04921,Student_4921,3.21,Data Science,Junior,88
S04922,Student_4922,3.77,Data Science,Senior,117
S04923,Student_4923,3.56,Business,Sophomore,133
S04924,Student_4924,2.25,CS,Senior,11
S04925,Student_4925,2.14,Business,Junior,135
S04926,Student_4926,3.04,Data Science,Junior,109
S04927,Student_4927,3.42,Data Science,Sophomore,112
S04928,Student_4928,3.59,Data Science,Junior,109
S04929,Student_4929,2.07,Data Science,Senior,102
S04930,Student_4930,2.58,Data Science,Junior,102
S04931,Student_4931,2.94,Data Science,Sophomore,113
S04932,Student_4932,3.14,Data Science,Freshman,29
S04933,Student_4933,3.5,CS,Freshman,91
S04934,Student_4934,2.59,SE,Freshman,7
S04935,Student_4935,2.79,Finance,Freshman,46
S04936,Student_4936,2.45,Data Science,Freshman,0
S04937,Student_4937,2.46,IT,Senior,11
S04938,Student_4938,3.18,Business,Junior,72
S04939,Student_4939,2.9,CS,Senior,22
S04940,Student_4940,3.9,SE,Junior,5
S04941,Student_4941,2.87,IT,Sophomore,63
S04942,Student_4942,3.07,Finance,Freshman,43
S04943,Student_4943,2.38,AI,Senior,124
S04944,Student_4944,3.02,AI,Junior,23
S04945,Student_4945,2.18,SE,Sophomore,96
S04946,Student_4946,3.6,Data Science,Senior,48
S04947,Student_4947,2.29,Business,Junior,89
S04948,Student_4948,2.73,Business,Junior,88
S04949,Student_4949,2.54,IT,Senior,40
S04950,Student_4950,3.24,Business,Freshman,82
S04951,Student_4951,1.84,IT,Junior,127
S04952,Student_4952,2.33,AI,Sophomore,53
S04953,Student_4953,2.42,IT,Junior,117
S04954,Student_4954,1.6,AI,Junior,26
S04955,Student_4955,1.73,Finance,Freshman,2
S04956,Student_4956,2.98,CS,Junior,106
S04957,Student_4957,1.74,AI,Freshman,129
S04958,Student_4958,2.62,Business,Senior,57
S04959,Student_4959,3.95,Business,Senior,31
S04960,Student_4960,2.92,SE,Senior,11
S04961,Student_4961,3.23,IT,Senior,137
S04962,Student_4962,2.86,IT,Freshman,34
S04963,Student_4963,2.62,IT,Junior,6
S04964,Student_4964,2.17,IT,Senior,20
S04965,Student_4965,3.16,CS,Junior,33
S04966,Student_4966,3.4,Data Science,Freshman,99
S04967,Student_4967,3.47,Business,Senior,75
S04968,Student_4968,2.68,CS,Senior,101
S04969,Student_4969,3.96,CS,Senior,105
S04970,Student_4970,3.38,CS,Freshman,52
S04971,Student_4971,3.11,SE,Freshman,55
S04972,Student_4972,1.5,IT,Junior,112
S04973,Student_4973,2.82,Data Science,Sophomore,100
S04974,Student_4974,1.91,CS,Sophomore,86
S04975,Student_4975,2.86,IT,Sophomore,75
S04976,Student_4976,1.9,CS,Junior,33
S04977,Student_4977,3.09,SE,Sophomore,125
S04978,Student_4978,2.99,CS,Senior,28
S04979,Student_4979,3.2,CS,Sophomore,8
S04980,Student_4980,2.58,AI,Freshman,65
S04981,Student_4981,1.73,Business,Junior,75
S04982,Student_4982,3.51,Business,Senior,110
S04983,Student_4983,3.74,Business,Freshman,86
S04984,Student_4984,3.21,Data Science,Senior,93
S04985,Student_4985,3.17,IT,Senior,54
S04986,Student_4986,3.2,SE,Sophomore,83
S04987,Student_4987,2.35,SE,Senior,44
S04988,Student_4988,2.74,Business,Freshman,8
S04989,Student_4989,1.94,IT,Sophomore,57
S04990,Student_4990,3.58,Finance,Sophomore,18
S04991,Student_4991,3.24,IT,Sophomore,13
S04992,Student_4992,2.6,Business,Sophomore,59
S04993,Student_4993,2.1,Finance,Sophomore,96
S04994,Student_4994,3.24,IT,Junior,65
S04995,Student_4995,1.55,SE,Senior,134
S04996,Student_4996,2.45,SE,Sophomore,32
S04997,Student_4997,2.74,SE,Senior,75
S04998,Student_4998,3.16,Finance,Sophomore,77
S04999,Student_4999,3.02,Data Science,Freshman,7
S05000,Student_5000,2.6,Finance,Sophomore,28
S05001,Student_5001,2.54,CS,Freshman,52
S05002,Student_5002,2.13,AI,Senior,20
S05003,Student_5003,2.13,SE,Junior,60
S05004,Student_5004,2.59,Finance,Senior,61
S05005,Student_5005,2.97,IT,Freshman,10
S05006,Student_5006,1.92,CS,Sophomore,55
S05007,Student_5007,2.5,Business,Senior,27
S05008,Student_5008,2.58,SE,Freshman,88
S05009,Student_5009,3.39,SE,Freshman,47
S05010,Student_5010,2.82,IT,Freshman,20
S05011,Student_5011,2.16,AI,Freshman,47
S05012,Student_5012,2.23,SE,Senior,45
S05013,Student_5013,3.01,Business,Junior,41
S05014,Student_5014,2.24,Business,Freshman,137
S05015,Student_5015,2.54,CS,Senior,47
S05016,Student_5016,1.55,IT,Junior,52
S05017,Student_5017,2.52,CS,Freshman,84
S05018,Student_5018,2.5,Business,Senior,83
S05019,Student_5019,2.91,Data Science,Senior,23
S05020,Student_5020,2.61,Data Science,Junior,26
S05021,Student_5021,2.55,CS,Sophomore,7
S05022,Student_5022,3.24,CS,Senior,82
S05023,Student_5023,1.74,IT,Freshman,61
S05024,Student_5024,3.02,IT,Freshman,135
S05025,Student_5025,2.33,CS,Junior,77
S05026,Student_5026,3.44,SE,Junior,127
S05027,Student_5027,3.14,Business,Sophomore,81
S05028,Student_5028,2.91,Finance,Senior,29
S05029,Student_5029,3.88,SE,Freshman,57
S05030,Student_5030,2.43,AI,Senior,137
S05031,Student_5031,1.87,IT,Freshman,80
S05032,Student_5032,3.66,Business,Senior,68
S05033,Student_5033,2.58,IT,Freshman,135
S05034,Student_5034,2.89,SE,Junior,120
S05035,Student_5035,3.83,CS,Freshman,5
S05036,Student_5036,2.86,Finance,Senior,21
S05037,Student_5037,2.38,Business,Senior,96
S05038,Student_5038,3.97,IT,Sophomore,15
S05039,Student_5039,2.31,CS,Sophomore,110
S05040,Student_5040,1.86,SE,Sophomore,40
S05041,Student_5041,2.63,Finance,Sophomore,42
S05042,Student_5042,1.97,AI,Junior,19
S05043,Student_5043,3.03,IT,Junior,31
S05044,Student_5044,2.94,SE,Sophomore,75
S05045,Student_5045,3.64,Business,Sophomore,54
S05046,Student_5046,3.25,SE,Junior,95
S05047,Student_5047,2.92,AI,Senior,119
S05048,Student_5048,1.56,AI,Junior,15
S05049,Student_5049,3.45,AI,Sophomore,85
S05050,Student_5050,3.86,SE,Freshman,73
S05051,Student_5051,3.6,Business,Senior,85
S05052,Student_5052,2.98,SE,Freshman,125
S05053,Student_5053,2.97,CS,Senior,123
S05054,Student_5054,3.15,Data Science,Freshman,124
S05055,Student_5055,3.39,AI,Junior,114
S05056,Student_5056,2.32,AI,Senior,118
S05057,Student_5057,3.73,IT,Senior,112
S05058,Student_5058,3.72,SE,Freshman,118
S05059,Student_5059,2.69,AI,Sophomore,112
S05060,Student_5060,1.54,Finance,Junior,35
S05061,Student_5061,3.65,IT,Junior,99
S05062,Student_5062,2.53,AI,Freshman,55
S05063,Student_5063,2.79,Finance,Junior,96
S05064,Student_5064,2.58,CS,Sophomore,127
S05065,Student_5065,2.19,Data Science,Senior,35
S05066,Student_5066,3.56,Business,Freshman,94
S05067,Student_5067,3.04,AI,Sophomore,107
S05068,Student_5068,3.96,IT,Junior,50
S05069,Student_5069,3.15,AI,Senior,93
S05070,Student_5070,3.7,Finance,Junior,111
S05071,Student_5071,1.82,AI,Freshman,93
S05072,Student_5072,2.77,Data Science,Freshman,3
S05073,Student_5073,2.35,Data Science,Freshman,61
S05074,Student_5074,3.08,Data Science,Senior,46
S05075,Student_5075,2.65,AI,Freshman,28
S05076,Student_5076,3.83,IT,Junior,43
S05077,Student_5077,1.64,Finance,Junior,54
S05078,Student_5078,3.92,IT,Senior,52
S05079,Student_5079,3.49,Finance,Freshman,36
S05080,Student_5080,2.62,Business,Junior,1
S05081,Student_5081,3.25,Business,Sophomore,10
S05082,Student_5082,3.61,AI,Freshman,54
S05083,Student_5083,2.79,AI,Freshman,73
S05084,Student_5084,3.24,CS,Junior,78
S05085,Student_5085,3.88,Data Science,Sophomore,89
S05086,Student_5086,3.72,IT,Freshman,81
S05087,Student_5087,2.76,Business,Junior,21
S05088,Student_5088,2.64,IT,Freshman,137
S05089,Student_5089,2.92,Data Science,Senior,111
S05090,Student_5090,2.23,CS,Sophomore,117
S05091,Student_5091,2.85,IT,Freshman,27
S05092,Student_5092,3.53,Data Science,Sophomore,114
S05093,Student_5093,3.2,IT,Freshman,103
S05094,Student_5094,3.17,Finance,Freshman,122
S05095,Student_5095,1.57,Business,Freshman,60
S05096,Student_5096,2.37,CS,Freshman,23
S05097,Student_5097,3.14,Finance,Junior,126
S05098,Student_5098,2.57,SE,Senior,98
S05099,Student_5099,2.93,IT,Senior,54
S05100,Student_5100,3.14,AI,Senior,87
S05101,Student_5101,2.92,Finance,Freshman,32
S05102,Student_5102,1.94,SE,Freshman,99
S05103,Student_5103,2.65,AI,Senior,92
S05104,Student_5104,2.4,AI,Freshman,12
S05105,Student_5105,3.12,Business,Freshman,120
S05106,Student_5106,1.77,Data Science,Freshman,4
S05107,Student_5107,2.24,SE,Sophomore,61
S05108,Student_5108,2.05,CS,Freshman,20
S05109,Student_5109,2.58,AI,Freshman,56
S05110,Student_5110,2.65,IT,Sophomore,51
S05111,Student_5111,2.09,IT,Junior,17
S05112,Student_5112,3.66,CS,Senior,81
S05113,Student_5113,2.53,IT,Senior,74
S05114,Student_5114,1.56,Finance,Junior,100
S05115,Student_5115,2.4,IT,Sophomore,93
S05116,Student_5116,3.46,Finance,Junior,83
S05117,Student_5117,2.42,SE,Freshman,11
S05118,Student_5118,3.76,Business,Sophomore,57
S05119,Student_5119,1.86,Finance,Sophomore,128
S05120,Student_5120,1.6,AI,Junior,21
S05121,Student_5121,3.66,Finance,Freshman,115
S05122,Student_5122,1.88,IT,Senior,136
S05123,Student_5123,3.53,IT,Junior,43
S05124,Student_5124,3.52,Data Science,Sophomore,138
S05125,Student_5125,3.42,CS,Sophomore,126
S05126,Student_5126,2.53,CS,Junior,35
S05127,Student_5127,3.67,CS,Sophomore,133
S05128,Student_5128,1.64,CS,Senior,78
S05129,Student_5129,1.81,Data Science,Freshman,3
S05130,Student_5130,3.2,IT,Freshman,79
S05131,Student_5131,2.55,Data Science,Senior,111
S05132,Student_5132,2.05,SE,Freshman,130
S05133,Student_5133,3.48,SE,Sophomore,0
S05134,Student_5134,3.11,CS,Senior,80
S05135,Student_5135,2.97,Finance,Sophomore,139
S05136,Student_5136,1.73,Data Science,Sophomore,9
S05137,Student_5137,1.58,IT,Sophomore,89
S05138,Student_5138,3.79,CS,Junior,61
S05139,Student_5139,3.84,Data Science,Senior,66
S05140,Student_5140,2.06,Finance,Freshman,121
S05141,Student_5141,1.8,Business,Senior,9
S05142,Student_5142,3.48,IT,Senior,10
S05143,Student_5143,2.37,Data Science,Sophomore,63
S05144,Student_5144,2.09,SE,Junior,116
S05145,Student_5145,3.53,SE,Sophomore,111
S05146,Student_5146,3.29,CS,Freshman,11
S05147,Student_5147,3.94,CS,Junior,87
S05148,Student_5148,3.4,Finance,Sophomore,73
S05149,Student_5149,2.77,IT,Sophomore,104
S05150,Student_5150,3.71,AI,Freshman,66
S05151,Student_5151,2.18,AI,Sophomore,15
S05152,Student_5152,1.69,AI,Freshman,57
S05153,Student_5153,2.97,Business,Senior,71
S05154,Student_5154,2.27,CS,Freshman,106
S05155,Student_5155,3.31,CS,Senior,130
S05156,Student_5156,1.97,Data Science,Freshman,108
S05157,Student_5157,2.84,SE,Senior,103
S05158,Student_5158,1.74,Finance,Junior,45
S05159,Student_5159,1.96,Data Science,Senior,54
S05160,Student_5160,3.92,AI,Junior,93
S05161,Student_5161,1.82,SE,Freshman,49
S05162,Student_5162,2.36,Business,Sophomore,119
S05163,Student_5163,3.73,IT,Sophomore,125
S05164,Student_5164,3.81,SE,Senior,19
S05165,Student_5165,3.56,Data Science,Sophomore,100
S05166,Student_5166,1.69,Finance,Senior,74
S05167,Student_5167,3.43,Finance,Sophomore,104
S05168,Student_5168,2.6,IT,Freshman,109
S05169,Student_5169,3.68,Data Science,Freshman,130
S05170,Student_5170,3.29,IT,Sophomore,81
S05171,Student_5171,2.39,SE,Sophomore,65
S05172,Student_5172,1.82,IT,Sophomore,27
S05173,Student_5173,2.5,SE,Senior,102
S05174,Student_5174,3.06,IT,Freshman,138
S05175,Student_5175,1.57,IT,Freshman,136
S05176,Student_5176,1.76,CS,Sophomore,75
S05177,Student_5177,1.95,IT,Freshman,38
S05178,Student_5178,2.74,IT,Sophomore,97
S05179,Student_5179,3.73,Business,Freshman,50
S05180,Student_5180,1.93,SE,Senior,139
S05181,Student_5181,1.66,AI,Junior,96
S05182,Student_5182,3.95,AI,Freshman,42
S05183,Student_5183,3.94,Data Science,Sophomore,113
S05184,Student_5184,1.75,Finance,Sophomore,88
S05185,Student_5185,2.31,AI,Senior,21
S05186,Student_5186,2.4,Business,Freshman,114
S05187,Student_5187,3.14,CS,Senior,138
S05188,Student_5188,2.33,Finance,Sophomore,47
S05189,Student_5189,1.94,IT,Junior,102
S05190,Student_5190,2.01,Data Science,Junior,15
S05191,Student_5191,3.48,Business,Junior,70
S05192,Student_5192,3.28,Business,Sophomore,97
S05193,Student_5193,2.51,Data Science,Sophomore,13
S05194,Student_5194,2.91,CS,Sophomore,9
S05195,Student_5195,2.91,AI,Junior,130
S05196,Student_5196,3.21,Finance,Sophomore,34
S05197,Student_5197,2.81,AI,Freshman,129
S05198,Student_5198,3.4,IT,Freshman,120
S05199,Student_5199,1.62,SE,Sophomore,84
S05200,Student_5200,2.84,Business,Sophomore,127
S05201,Student_5201,1.92,Data Science,Freshman,138
S05202,Student_5202,1.71,Data Science,Junior,29
S05203,Student_5203,1.72,CS,Junior,16
S05204,Student_5204,3.78,CS,Sophomore,66
S05205,Student_5205,3.82,SE,Senior,117
S05206,Student_5206,3.1,IT,Junior,61
S05207,Student_5207,3.58,AI,Sophomore,115
S05208,Student_5208,2.44,AI,Senior,128
S05209,Student_5209,2.03,CS,Junior,123
S05210,Student_5210,2.86,IT,Junior,121
S05211,Student_5211,1.7,Finance,Sophomore,109
S05212,Student_5212,3.92,Business,Junior,6
S05213,Student_5213,3.17,AI,Freshman,2
S05214,Student_5214,2.34,Finance,Senior,122
S05215,Student_5215,2.72,Business,Junior,76
S05216,Student_5216,3.41,CS,Junior,128
S05217,Student_5217,3.4,SE,Sophomore,107
S05218,Student_5218,3.46,CS,Senior,16
S05219,Student_5219,3.8,Business,Junior,56
S05220,Student_5220,3.99,AI,Senior,93
S05221,Student_5221,2.08,Finance,Junior,41
S05222,Student_5222,2.81,AI,Freshman,16
S05223,Student_5223,2.65,Business,Sophomore,61
S05224,Student_5224,3.05,Business,Freshman,86
S05225,Student_5225,2.38,CS,Senior,83
S05226,Student_5226,1.66,Business,Senior,128
S05227,Student_5227,3.54,Finance,Junior,137
S05228,Student_5228,2.29,AI,Freshman,58
S05229,Student_5229,2.74,IT,Junior,27
S05230,Student_5230,1.6,Finance,Senior,81
S05231,Student_5231,2.67,CS,Freshman,41
S05232,Student_5232,2.74,Data Science,Sophomore,85
S05233,Student_5233,3.22,CS,Senior,77
S05234,Student_5234,2.54,AI,Freshman,83
S05235,Student_5235,2.45,AI,Junior,118
S05236,Student_5236,2.81,Data Science,Senior,78
S05237,Student_5237,2.12,CS,Junior,17
S05238,Student_5238,3.92,IT,Freshman,46
S05239,Student_5239,2.5,Finance,Senior,112
S05240,Student_5240,1.75,IT,Senior,87
S05241,Student_5241,3.94,Data Science,Senior,68
S05242,Student_5242,2.44,AI,Freshman,35
S05243,Student_5243,1.88,Business,Freshman,40
S05244,Student_5244,3.3,CS,Junior,99
S05245,Student_5245,3.14,Data Science,Senior,14
S05246,Student_5246,3.6,AI,Freshman,23
S05247,Student_5247,2.75,IT,Senior,42
S05248,Student_5248,2.5,AI,Junior,81
S05249,Student_5249,2.92,Finance,Senior,118
S05250,Student_5250,2.15,AI,Freshman,2
S05251,Student_5251,2.38,Data Science,Junior,134
S05252,Student_5252,1.95,Finance,Senior,85
S05253,Student_5253,1.55,Business,Freshman,1
S05254,Student_5254,2.29,Business,Senior,74
S05255,Student_5255,3.37,AI,Sophomore,56
S05256,Student_5256,2.44,AI,Senior,128
S05257,Student_5257,2.24,Finance,Junior,15
S05258,Student_5258,2.78,Business,Sophomore,15
S05259,Student_5259,3.61,IT,Senior,92
S05260,Student_5260,1.9,Finance,Freshman,90
S05261,Student_5261,3.89,AI,Senior,4
S05262,Student_5262,3.87,Data Science,Junior,109
S05263,Student_5263,3.03,IT,Junior,20
S05264,Student_5264,3.06,IT,Junior,94
S05265,Student_5265,1.71,AI,Freshman,99
S05266,Student_5266,3.44,CS,Sophomore,12
S05267,Student_5267,2.95,AI,Freshman,125
S05268,Student_5268,3.25,Finance,Freshman,68
S05269,Student_5269,1.64,CS,Sophomore,36
S05270,Student_5270,3.68,CS,Freshman,49
S05271,Student_5271,1.96,IT,Senior,66
S05272,Student_5272,2.66,CS,Freshman,88
S05273,Student_5273,1.83,Finance,Freshman,5
S05274,Student_5274,2.82,AI,Senior,26
S05275,Student_5275,2.04,CS,Freshman,35
S05276,Student_5276,3.59,IT,Freshman,60
S05277,Student_5277,3.67,SE,Freshman,44
S05278,Student_5278,3.28,Business,Junior,32
S05279,Student_5279,3.25,CS,Senior,60
S05280,Student_5280,3.32,Data Science,Senior,46
S05281,Student_5281,1.53,AI,Senior,21
S05282,Student_5282,3.0,AI,Sophomore,55
S05283,Student_5283,3.82,IT,Senior,46
S05284,Student_5284,3.83,CS,Junior,135
S05285,Student_5285,3.94,Data Science,Sophomore,101
S05286,Student_5286,2.52,AI,Freshman,0
S05287,Student_5287,2.08,AI,Senior,77
S05288,Student_5288,3.9,SE,Senior,105
S05289,Student_5289,2.61,Data Science,Senior,39
S05290,Student_5290,3.29,AI,Senior,85
S05291,Student_5291,2.93,CS,Senior,6
S05292,Student_5292,2.14,CS,Freshman,17
S05293,Student_5293,3.45,CS,Junior,85
S05294,Student_5294,2.24,Finance,Junior,43
S05295,Student_5295,2.72,IT,Junior,125
S05296,Student_5296,1.79,SE,Freshman,15
S05297,Student_5297,2.36,CS,Junior,85
S05298,Student_5298,3.25,SE,Sophomore,76
S05299,Student_5299,2.48,CS,Freshman,18
S05300,Student_5300,3.53,Finance,Sophomore,125
S05301,Student_5301,2.41,IT,Sophomore,136
S05302,Student_5302,2.71,SE,Freshman,121
S05303,Student_5303,2.17,IT,Freshman,76
S05304,Student_5304,3.04,SE,Sophomore,60
S05305,Student_5305,3.93,Business,Freshman,133
S05306,Student_5306,2.99,Business,Senior,88
S05307,Student_5307,1.63,Finance,Senior,119
S05308,Student_5308,2.69,SE,Junior,36
S05309,Student_5309,3.36,Finance,Freshman,86
S05310,Student_5310,1.69,Data Science,Freshman,83
S05311,Student_5311,2.09,IT,Sophomore,126
S05312,Student_5312,2.59,SE,Sophomore,113
S05313,Student_5313,1.63,AI,Sophomore,4
S05314,Student_5314,1.54,SE,Senior,3
S05315,Student_5315,1.68,SE,Freshman,90
S05316,Student_5316,2.39,AI,Senior,80
S05317,Student_5317,2.72,Finance,Sophomore,104
S05318,Student_5318,2.31,CS,Sophomore,93
S05319,Student_5319,2.4,Finance,Freshman,67
S05320,Student_5320,1.64,SE,Sophomore,63
S05321,Student_5321,3.35,Finance,Sophomore,11
S05322,Student_5322,3.86,Data Science,Freshman,54
S05323,Student_5323,3.43,Finance,Sophomore,103
S05324,Student_5324,1.74,Business,Junior,59
S05325,Student_5325,2.47,Data Science,Junior,140
S05326,Student_5326,2.65,IT,Freshman,134
S05327,Student_5327,2.68,IT,Junior,3
S05328,Student_5328,2.11,IT,Senior,88
S05329,Student_5329,3.72,SE,Senior,61
S05330,Student_5330,3.87,Data Science,Sophomore,114
S05331,Student_5331,2.02,Business,Senior,139
S05332,Student_5332,2.96,Finance,Sophomore,62
S05333,Student_5333,2.22,AI,Freshman,108
S05334,Student_5334,2.03,Data Science,Freshman,139
S05335,Student_5335,3.28,SE,Sophomore,81
S05336,Student_5336,2.15,AI,Sophomore,0
S05337,Student_5337,2.07,IT,Senior,0
S05338,Student_5338,3.16,IT,Sophomore,27
S05339,Student_5339,1.8,Data Science,Junior,135
S05340,Student_5340,1.58,Data Science,Freshman,57
S05341,Student_5341,3.01,Finance,Senior,88
S05342,Student_5342,2.5,Data Science,Junior,110
S05343,Student_5343,3.01,Finance,Senior,58
S05344,Student_5344,1.68,CS,Sophomore,71
S05345,Student_5345,1.9,AI,Senior,111
S05346,Student_5346,2.75,Finance,Junior,97
S05347,Student_5347,2.13,SE,Junior,122
S05348,Student_5348,2.75,AI,Junior,51
S05349,Student_5349,2.35,Data Science,Senior,82
S05350,Student_5350,1.55,Finance,Sophomore,129
S05351,Student_5351,2.54,CS,Freshman,136
S05352,Student_5352,1.94,SE,Freshman,77
S05353,Student_5353,3.26,Data Science,Sophomore,101
S05354,Student_5354,2.97,AI,Sophomore,18
S05355,Student_5355,2.69,Data Science,Junior,4
S05356,Student_5356,3.95,Data Science,Junior,34
S05357,Student_5357,2.72,CS,Freshman,103
S05358,Student_5358,3.21,Business,Sophomore,38
S05359,Student_5359,3.24,Business,Sophomore,32
S05360,Student_5360,3.32,Business,Sophomore,73
S05361,Student_5361,2.15,CS,Junior,117
S05362,Student_5362,1.97,SE,Sophomore,36
S05363,Student_5363,2.29,IT,Freshman,99
S05364,Student_5364,3.91,SE,Freshman,92
S05365,Student_5365,3.86,CS,Sophomore,100
S05366,Student_5366,2.57,AI,Junior,13
S05367,Student_5367,2.02,IT,Sophomore,106
S05368,Student_5368,2.39,SE,Freshman,98
S05369,Student_5369,3.93,SE,Sophomore,40
S05370,Student_5370,1.89,Business,Freshman,87
S05371,Student_5371,3.99,SE,Junior,55
S05372,Student_5372,1.88,Business,Sophomore,32
S05373,Student_5373,1.75,IT,Senior,120
S05374,Student_5374,2.93,SE,Sophomore,37
S05375,Student_5375,2.94,Data Science,Junior,49
S05376,Student_5376,1.8,Data Science,Sophomore,120
S05377,Student_5377,2.66,SE,Senior,23
S05378,Student_5378,2.36,Business,Junior,53
S05379,Student_5379,3.98,Finance,Junior,117
S05380,Student_5380,2.32,Finance,Junior,24
S05381,Student_5381,1.85,Finance,Freshman,100
S05382,Student_5382,2.8,IT,Sophomore,25
S05383,Student_5383,3.48,SE,Freshman,30
S05384,Student_5384,3.82,Finance,Junior,73
S05385,Student_5385,2.38,IT,Sophomore,98
S05386,Student_5386,2.01,CS,Sophomore,35
S05387,Student_5387,3.13,CS,Sophomore,71
S05388,Student_5388,3.27,Business,Sophomore,113
S05389,Student_5389,3.52,Finance,Junior,134
S05390,Student_5390,2.43,SE,Freshman,49
S05391,Student_5391,3.77,SE,Junior,75
S05392,Student_5392,1.94,Finance,Sophomore,0
S05393,Student_5393,1.91,Data Science,Senior,60
S05394,Student_5394,3.51,Business,Junior,118
S05395,Student_5395,2.55,Data Science,Senior,111
S05396,Student_5396,1.79,SE,Junior,10
S05397,Student_5397,3.56,SE,Freshman,61
S05398,Student_5398,2.08,Business,Sophomore,86
S05399,Student_5399,2.58,SE,Senior,106
S05400,Student_5400,3.54,Data Science,Sophomore,10
S05401,Student_5401,3.35,SE,Senior,81
S05402,Student_5402,3.99,AI,Senior,95
S05403,Student_5403,3.21,Finance,Senior,10
S05404,Student_5404,3.34,Business,Freshman,84
S05405,Student_5405,1.95,AI,Freshman,120
S05406,Student_5406,2.71,IT,Junior,12
S05407,Student_5407,2.72,AI,Sophomore,113
S05408,Student_5408,2.31,SE,Junior,109
S05409,Student_5409,1.81,CS,Senior,66
S05410,Student_5410,2.98,Data Science,Freshman,106
S05411,Student_5411,3.05,AI,Senior,105
S05412,Student_5412,3.47,IT,Junior,91
S05413,Student_5413,2.32,SE,Freshman,104
S05414,Student_5414,2.39,SE,Sophomore,133
S05415,Student_5415,3.13,Business,Senior,102
S05416,Student_5416,3.96,Data Science,Sophomore,86
S05417,Student_5417,3.35,CS,Freshman,14
S05418,Student_5418,3.05,CS,Freshman,40
S05419,Student_5419,1.57,IT,Freshman,34
S05420,Student_5420,2.85,Data Science,Junior,99
S05421,Student_5421,1.96,Business,Junior,18
S05422,Student_5422,1.82,SE,Freshman,127
S05423,Student_5423,3.53,Data Science,Junior,123
S05424,Student_5424,2.05,CS,Freshman,81
S05425,Student_5425,2.54,Data Science,Sophomore,32
S05426,Student_5426,2.32,Data Science,Junior,6
S05427,Student_5427,2.09,AI,Freshman,89
S05428,Student_5428,3.5,SE,Sophomore,60
S05429,Student_5429,2.32,SE,Senior,74
S05430,Student_5430,2.24,Data Science,Senior,122
S05431,Student_5431,1.84,Business,Senior,16
S05432,Student_5432,1.69,AI,Senior,50
S05433,Student_5433,1.58,AI,Sophomore,22
S05434,Student_5434,3.17,SE,Junior,54
S05435,Student_5435,2.27,Data Science,Senior,86
S05436,Student_5436,2.17,Data Science,Freshman,100
S05437,Student_5437,2.04,Finance,Senior,14
S05438,Student_5438,1.71,Finance,Sophomore,12
S05439,Student_5439,2.77,Business,Senior,80
S05440,Student_5440,1.99,Business,Junior,77
S05441,Student_5441,3.25,Business,Sophomore,49
S05442,Student_5442,1.52,SE,Senior,74
S05443,Student_5443,3.36,IT,Junior,64
S05444,Student_5444,1.72,AI,Junior,109
S05445,Student_5445,3.01,Finance,Sophomore,58
S05446,Student_5446,2.16,AI,Junior,81
S05447,Student_5447,1.56,Finance,Senior,121
S05448,Student_5448,2.74,SE,Senior,104
S05449,Student_5449,3.15,Business,Junior,123
S05450,Student_5450,3.99,IT,Senior,10
S05451,Student_5451,2.33,CS,Junior,81
S05452,Student_5452,3.56,CS,Junior,69
S05453,Student_5453,2.31,IT,Freshman,124
S05454,Student_5454,3.86,Finance,Junior,131
S05455,Student_5455,3.61,Business,Sophomore,80
S05456,Student_5456,3.57,Business,Junior,40
S05457,Student_5457,3.0,SE,Senior,57
S05458,Student_5458,2.2,Business,Senior,93
S05459,Student_5459,3.42,Data Science,Senior,90
S05460,Student_5460,2.89,SE,Sophomore,20
S05461,Student_5461,3.21,Data Science,Sophomore,139
S05462,Student_5462,3.15,Data Science,Senior,88
S05463,Student_5463,3.02,CS,Freshman,134
S05464,Student_5464,3.21,Data Science,Senior,84
S05465,Student_5465,1.67,Business,Senior,75
S05466,Student_5466,3.55,Business,Senior,28
S05467,Student_5467,2.68,Business,Sophomore,62
S05468,Student_5468,3.22,Business,Senior,33
S05469,Student_5469,2.91,CS,Senior,128
S05470,Student_5470,1.94,CS,Junior,54
S05471,Student_5471,3.17,Finance,Junior,129
S05472,Student_5472,3.01,Data Science,Junior,63
S05473,Student_5473,3.14,CS,Freshman,44
S05474,Student_5474,2.96,IT,Sophomore,106
S05475,Student_5475,3.78,IT,Sophomore,50
S05476,Student_5476,2.32,SE,Freshman,20
S05477,Student_5477,2.13,AI,Freshman,39
S05478,Student_5478,3.34,Data Science,Sophomore,47
S05479,Student_5479,2.08,AI,Junior,63
S05480,Student_5480,3.14,AI,Freshman,9
S05481,Student_5481,3.0,SE,Junior,123
S05482,Student_5482,1.78,IT,Junior,86
S05483,Student_5483,3.54,IT,Junior,111
S05484,Student_5484,3.22,Data Science,Senior,125
S05485,Student_5485,3.94,CS,Junior,86
S05486,Student_5486,2.88,SE,Senior,102
S05487,Student_5487,2.05,SE,Sophomore,28
S05488,Student_5488,1.99,CS,Freshman,96
S05489,Student_5489,3.71,CS,Sophomore,95
S05490,Student_5490,3.72,SE,Senior,85
S05491,Student_5491,1.86,CS,Senior,95
S05492,Student_5492,3.71,AI,Senior,87
S05493,Student_5493,3.32,IT,Sophomore,77
S05494,Student_5494,3.75,AI,Sophomore,123
S05495,Student_5495,1.8,SE,Sophomore,97
S05496,Student_5496,2.21,Finance,Junior,26
S05497,Student_5497,3.53,IT,Sophomore,109
S05498,Student_5498,3.05,CS,Senior,15
S05499,Student_5499,1.91,Business,Junior,120
S05500,Student_5500,3.1,CS,Sophomore,30
S05501,Student_5501,3.58,Business,Junior,103
S05502,Student_5502,3.98,AI,Senior,126
S05503,Student_5503,1.94,Finance,Freshman,139
S05504,Student_5504,2.04,IT,Senior,133
S05505,Student_5505,3.86,Business,Senior,43
S05506,Student_5506,2.41,Finance,Senior,27
S05507,Student_5507,2.77,Business,Sophomore,102
S05508,Student_5508,2.06,Business,Junior,101
S05509,Student_5509,2.5,Finance,Sophomore,37
S05510,Student_5510,3.59,CS,Junior,1
S05511,Student_5511,1.62,Business,Freshman,86
S05512,Student_5512,2.96,SE,Senior,63
S05513,Student_5513,3.99,AI,Sophomore,125
S05514,Student_5514,2.73,Data Science,Sophomore,78
S05515,Student_5515,3.53,IT,Junior,115
S05516,Student_5516,3.92,Finance,Senior,127
S05517,Student_5517,1.75,AI,Senior,38
S05518,Student_5518,3.57,Business,Freshman,99
S05519,Student_5519,2.31,Business,Sophomore,82
S05520,Student_5520,1.79,Data Science,Sophomore,32
S05521,Student_5521,2.64,Business,Senior,118
S05522,Student_5522,2.03,IT,Sophomore,110
S05523,Student_5523,3.31,Finance,Junior,62
S05524,Student_5524,3.64,AI,Senior,43
S05525,Student_5525,3.13,Business,Freshman,74
S05526,Student_5526,2.13,Finance,Junior,77
S05527,Student_5527,1.61,AI,Senior,14
S05528,Student_5528,3.56,SE,Senior,46
S05529,Student_5529,2.49,CS,Sophomore,36
S05530,Student_5530,2.79,Business,Sophomore,112
S05531,Student_5531,1.99,AI,Senior,25
S05532,Student_5532,3.76,CS,Sophomore,79
S05533,Student_5533,3.62,SE,Freshman,85
S05534,Student_5534,3.77,Data Science,Junior,10
S05535,Student_5535,2.63,CS,Sophomore,28
S05536,Student_5536,3.85,CS,Senior,135
S05537,Student_5537,1.83,SE,Senior,78
S05538,Student_5538,2.44,Data Science,Freshman,64
S05539,Student_5539,3.72,IT,Sophomore,140
S05540,Student_5540,3.86,CS,Junior,90
S05541,Student_5541,1.59,Finance,Freshman,57
S05542,Student_5542,3.81,AI,Junior,36
S05543,Student_5543,3.66,Finance,Freshman,51
S05544,Student_5544,2.77,Data Science,Junior,139
S05545,Student_5545,3.26,SE,Junior,86
S05546,Student_5546,3.9,AI,Sophomore,35
S05547,Student_5547,2.63,AI,Junior,52
S05548,Student_5548,1.72,AI,Sophomore,128
S05549,Student_5549,3.68,AI,Junior,63
S05550,Student_5550,1.63,AI,Freshman,97
S05551,Student_5551,2.8,IT,Senior,78
S05552,Student_5552,2.72,AI,Freshman,106
S05553,Student_5553,2.49,Finance,Senior,77
S05554,Student_5554,3.89,SE,Freshman,90
S05555,Student_5555,3.17,Data Science,Freshman,83
S05556,Student_5556,3.29,Business,Senior,36
S05557,Student_5557,3.54,AI,Sophomore,58
S05558,Student_5558,3.99,Business,Freshman,59
S05559,Student_5559,2.89,SE,Senior,128
S05560,Student_5560,2.23,AI,Freshman,23
S05561,Student_5561,3.33,AI,Senior,102
S05562,Student_5562,3.48,SE,Sophomore,102
S05563,Student_5563,2.77,SE,Senior,138
S05564,Student_5564,3.34,Business,Senior,26
S05565,Student_5565,2.9,AI,Junior,116
S05566,Student_5566,2.09,CS,Junior,75
S05567,Student_5567,2.35,CS,Junior,69
S05568,Student_5568,1.74,Finance,Sophomore,43
S05569,Student_5569,3.32,IT,Senior,43
S05570,Student_5570,2.69,IT,Junior,35
S05571,Student_5571,3.89,SE,Junior,61
S05572,Student_5572,2.96,Finance,Senior,46
S05573,Student_5573,3.92,Finance,Senior,97
S05574,Student_5574,3.24,Business,Junior,114
S05575,Student_5575,1.91,Data Science,Junior,67
S05576,Student_5576,3.03,IT,Senior,1
S05577,Student_5577,3.91,Finance,Sophomore,76
S05578,Student_5578,2.1,SE,Junior,103
S05579,Student_5579,2.41,SE,Junior,55
S05580,Student_5580,2.38,SE,Freshman,75
S05581,Student_5581,3.84,IT,Freshman,58
S05582,Student_5582,1.86,CS,Junior,120
S05583,Student_5583,1.92,CS,Senior,82
S05584,Student_5584,1.63,SE,Freshman,66
S05585,Student_5585,3.98,CS,Junior,98
S05586,Student_5586,3.15,IT,Junior,99
S05587,Student_5587,3.21,IT,Junior,100
S05588,Student_5588,3.74,Business,Sophomore,16
S05589,Student_5589,3.83,Data Science,Senior,137
S05590,Student_5590,3.15,AI,Senior,36
S05591,Student_5591,2.07,Finance,Sophomore,1
S05592,Student_5592,2.86,Data Science,Senior,6
S05593,Student_5593,2.01,Data Science,Senior,138
S05594,Student_5594,2.66,Business,Senior,131
S05595,Student_5595,2.99,IT,Sophomore,25
S05596,Student_5596,3.67,IT,Senior,48
S05597,Student_5597,1.58,CS,Freshman,14
S05598,Student_5598,3.04,Finance,Freshman,68
S05599,Student_5599,3.2,CS,Junior,42
S05600,Student_5600,2.79,Finance,Freshman,3
S05601,Student_5601,1.77,Data Science,Freshman,28
S05602,Student_5602,3.14,SE,Freshman,25
S05603,Student_5603,1.52,AI,Junior,90
S05604,Student_5604,2.6,Business,Sophomore,72
S05605,Student_5605,3.99,Finance,Senior,137
S05606,Student_5606,2.06,Data Science,Junior,16
S05607,Student_5607,3.3,Business,Freshman,38
S05608,Student_5608,1.63,Data Science,Sophomore,126
S05609,Student_5609,2.0,IT,Senior,106
S05610,Student_5610,3.65,AI,Freshman,111
S05611,Student_5611,1.91,IT,Senior,136
S05612,Student_5612,1.76,SE,Senior,81
S05613,Student_5613,3.82,IT,Sophomore,111
S05614,Student_5614,2.64,Business,Senior,89
S05615,Student_5615,2.9,Finance,Freshman,58
S05616,Student_5616,3.75,SE,Sophomore,105
S05617,Student_5617,2.48,Business,Freshman,27
S05618,Student_5618,1.69,CS,Sophomore,83
S05619,Student_5619,3.96,CS,Freshman,14
S05620,Student_5620,2.11,IT,Senior,31
S05621,Student_5621,3.67,Finance,Sophomore,14
S05622,Student_5622,3.27,AI,Freshman,16
S05623,Student_5623,2.16,Business,Sophomore,130
S05624,Student_5624,3.08,Finance,Sophomore,125
S05625,Student_5625,1.56,Data Science,Junior,106
S05626,Student_5626,3.68,SE,Senior,35
S05627,Student_5627,1.66,Data Science,Sophomore,51
S05628,Student_5628,2.67,IT,Senior,116
S05629,Student_5629,1.91,AI,Freshman,82
S05630,Student_5630,2.92,AI,Sophomore,74
S05631,Student_5631,1.79,Data Science,Sophomore,120
S05632,Student_5632,3.88,IT,Senior,100
S05633,Student_5633,3.38,Business,Sophomore,127
S05634,Student_5634,2.08,Data Science,Freshman,58
S05635,Student_5635,1.86,SE,Sophomore,79
S05636,Student_5636,3.3,Finance,Sophomore,10
S05637,Student_5637,2.18,IT,Freshman,39
S05638,Student_5638,2.99,IT,Junior,69
S05639,Student_5639,1.88,Data Science,Sophomore,57
S05640,Student_5640,3.34,Data Science,Junior,14
S05641,Student_5641,3.09,Business,Freshman,127
S05642,Student_5642,3.21,AI,Sophomore,34
S05643,Student_5643,1.66,Data Science,Sophomore,46
S05644,Student_5644,3.55,CS,Freshman,47
S05645,Student_5645,1.76,Business,Senior,9
S05646,Student_5646,2.54,AI,Sophomore,125
S05647,Student_5647,1.76,Data Science,Sophomore,30
S05648,Student_5648,2.05,Business,Sophomore,31
S05649,Student_5649,1.58,Business,Senior,54
S05650,Student_5650,3.36,Finance,Sophomore,35
S05651,Student_5651,3.15,Data Science,Freshman,68
S05652,Student_5652,3.35,CS,Senior,5
S05653,Student_5653,3.11,AI,Junior,92
S05654,Student_5654,3.89,Data Science,Sophomore,97
S05655,Student_5655,3.95,SE,Freshman,83
S05656,Student_5656,3.3,CS,Sophomore,74
S05657,Student_5657,3.8,Finance,Senior,34
S05658,Student_5658,3.03,AI,Freshman,36
S05659,Student_5659,2.0,Finance,Sophomore,41
S05660,Student_5660,1.97,SE,Sophomore,138
S05661,Student_5661,3.2,AI,Senior,46
S05662,Student_5662,2.06,IT,Junior,90
S05663,Student_5663,3.96,Finance,Senior,126
S05664,Student_5664,3.83,Finance,Senior,27
S05665,Student_5665,3.55,AI,Senior,0
S05666,Student_5666,1.77,SE,Freshman,65
S05667,Student_5667,2.34,Data Science,Sophomore,119
S05668,Student_5668,1.64,IT,Senior,99
S05669,Student_5669,3.09,Finance,Freshman,21
S05670,Student_5670,1.98,CS,Junior,91
S05671,Student_5671,2.18,Business,Junior,136
S05672,Student_5672,2.41,Finance,Junior,85
S05673,Student_5673,2.25,Business,Senior,21
S05674,Student_5674,3.3,IT,Freshman,32
S05675,Student_5675,2.93,Business,Freshman,134
S05676,Student_5676,3.1,Finance,Junior,134
S05677,Student_5677,3.76,Business,Senior,29
S05678,Student_5678,3.4,AI,Sophomore,45
S05679,Student_5679,3.62,Business,Junior,59
S05680,Student_5680,2.59,Business,Junior,97
S05681,Student_5681,2.25,AI,Sophomore,95
S05682,Student_5682,1.7,IT,Junior,121
S05683,Student_5683,3.9,CS,Senior,34
S05684,Student_5684,2.68,Data Science,Senior,14
S05685,Student_5685,1.55,IT,Sophomore,34
S05686,Student_5686,2.09,IT,Junior,126
S05687,Student_5687,1.93,Data Science,Senior,61
S05688,Student_5688,3.3,Data Science,Sophomore,128
S05689,Student_5689,1.53,Business,Freshman,84
S05690,Student_5690,3.74,Finance,Sophomore,97
S05691,Student_5691,2.15,AI,Senior,42
S05692,Student_5692,2.48,Business,Freshman,140
S05693,Student_5693,2.14,SE,Freshman,87
S05694,Student_5694,3.63,AI,Senior,3
S05695,Student_5695,1.8,IT,Freshman,125
S05696,Student_5696,1.78,Finance,Sophomore,77
S05697,Student_5697,3.87,CS,Senior,79
S05698,Student_5698,3.0,IT,Junior,71
S05699,Student_5699,1.76,IT,Junior,140
S05700,Student_5700,3.64,Data Science,Freshman,90
S05701,Student_5701,4.0,Business,Junior,132
S05702,Student_5702,3.29,Finance,Senior,64
S05703,Student_5703,2.81,Business,Junior,116
S05704,Student_5704,3.2,IT,Senior,60
S05705,Student_5705,3.18,SE,Freshman,110
S05706,Student_5706,3.76,SE,Senior,114
S05707,Student_5707,1.63,Business,Senior,33
S05708,Student_5708,3.6,Finance,Sophomore,69
S05709,Student_5709,3.39,CS,Junior,59
S05710,Student_5710,1.56,Data Science,Senior,78
S05711,Student_5711,2.66,Business,Freshman,89
S05712,Student_5712,3.12,AI,Freshman,87
S05713,Student_5713,3.79,Finance,Sophomore,67
S05714,Student_5714,2.94,Business,Senior,76
S05715,Student_5715,1.72,Data Science,Senior,44
S05716,Student_5716,3.54,AI,Freshman,26
S05717,Student_5717,1.93,SE,Senior,33
S05718,Student_5718,2.66,SE,Freshman,63
S05719,Student_5719,1.82,Business,Senior,115
S05720,Student_5720,2.24,AI,Junior,56
S05721,Student_5721,2.48,Data Science,Senior,9
S05722,Student_5722,3.11,Business,Senior,17
S05723,Student_5723,3.4,AI,Freshman,13
S05724,Student_5724,2.85,Data Science,Sophomore,86
S05725,Student_5725,3.55,Data Science,Freshman,128
S05726,Student_5726,1.82,CS,Sophomore,100
S05727,Student_5727,2.92,Finance,Freshman,31
S05728,Student_5728,1.87,Data Science,Freshman,75
S05729,Student_5729,2.69,Finance,Junior,117
S05730,Student_5730,1.73,CS,Freshman,114
S05731,Student_5731,2.16,Finance,Senior,40
S05732,Student_5732,2.83,CS,Senior,137
S05733,Student_5733,2.69,IT,Freshman,82
S05734,Student_5734,2.97,IT,Junior,41
S05735,Student_5735,3.47,CS,Junior,0
S05736,Student_5736,1.72,SE,Freshman,35
S05737,Student_5737,2.7,IT,Junior,82
S05738,Student_5738,2.57,Finance,Sophomore,20
S05739,Student_5739,2.67,AI,Sophomore,32
S05740,Student_5740,2.91,IT,Sophomore,70
S05741,Student_5741,1.5,CS,Freshman,8
S05742,Student_5742,3.92,IT,Junior,139
S05743,Student_5743,3.66,Business,Freshman,105
S05744,Student_5744,3.65,SE,Sophomore,116
S05745,Student_5745,1.88,Data Science,Freshman,122
S05746,Student_5746,3.6,SE,Senior,134
S05747,Student_5747,2.52,IT,Freshman,50
S05748,Student_5748,1.83,Data Science,Senior,110
S05749,Student_5749,3.29,IT,Junior,96
S05750,Student_5750,1.8,Data Science,Junior,102
S05751,Student_5751,1.75,IT,Senior,14
S05752,Student_5752,2.88,CS,Junior,107
S05753,Student_5753,3.61,CS,Senior,114
S05754,Student_5754,2.7,Business,Freshman,45
S05755,Student_5755,2.49,SE,Freshman,38
S05756,Student_5756,2.02,Business,Senior,131
S05757,Student_5757,2.77,Finance,Senior,130
S05758,Student_5758,2.92,CS,Junior,88
S05759,Student_5759,2.53,SE,Senior,5
S05760,Student_5760,1.74,Business,Senior,111
S05761,Student_5761,2.93,Business,Junior,21
S05762,Student_5762,3.47,CS,Freshman,92
S05763,Student_5763,3.84,SE,Sophomore,132
S05764,Student_5764,3.48,Data Science,Freshman,83
S05765,Student_5765,2.08,SE,Sophomore,96
S05766,Student_5766,2.26,AI,Junior,41
S05767,Student_5767,1.55,AI,Senior,104
S05768,Student_5768,3.66,IT,Sophomore,115
S05769,Student_5769,3.16,Data Science,Freshman,69
S05770,Student_5770,2.75,Data Science,Senior,96
S05771,Student_5771,2.45,CS,Sophomore,121
S05772,Student_5772,3.74,Business,Freshman,26
S05773,Student_5773,2.45,Finance,Freshman,4
S05774,Student_5774,2.71,Data Science,Freshman,19
S05775,Student_5775,1.95,SE,Sophomore,50
S05776,Student_5776,2.77,Finance,Senior,45
S05777,Student_5777,2.49,SE,Senior,39
S05778,Student_5778,3.32,Data Science,Sophomore,127
S05779,Student_5779,1.75,IT,Sophomore,91
S05780,Student_5780,2.44,IT,Junior,34
S05781,Student_5781,3.31,Data Science,Senior,0
S05782,Student_5782,1.58,CS,Sophomore,48
S05783,Student_5783,2.26,IT,Freshman,84
S05784,Student_5784,1.58,Business,Freshman,109
S05785,Student_5785,2.76,CS,Senior,133
S05786,Student_5786,1.69,IT,Senior,90
S05787,Student_5787,2.71,CS,Senior,3
S05788,Student_5788,3.04,Finance,Freshman,69
S05789,Student_5789,3.09,IT,Senior,6
S05790,Student_5790,3.38,IT,Sophomore,28
S05791,Student_5791,1.93,CS,Sophomore,85
S05792,Student_5792,3.31,Business,Senior,96
S05793,Student_5793,1.99,IT,Senior,46
S05794,Student_5794,1.91,Finance,Senior,81
S05795,Student_5795,3.4,IT,Sophomore,125
S05796,Student_5796,3.63,Finance,Freshman,79
S05797,Student_5797,3.9,Data Science,Senior,2
S05798,Student_5798,2.53,CS,Junior,85
S05799,Student_5799,1.51,Business,Sophomore,82
S05800,Student_5800,2.66,SE,Senior,61
S05801,Student_5801,3.8,SE,Freshman,101
S05802,Student_5802,3.59,AI,Freshman,4
S05803,Student_5803,1.97,SE,Sophomore,18
S05804,Student_5804,3.53,Finance,Senior,94
S05805,Student_5805,3.18,CS,Sophomore,77
S05806,Student_5806,1.91,Data Science,Junior,93
S05807,Student_5807,3.93,AI,Senior,29
S05808,Student_5808,2.31,Finance,Freshman,61
S05809,Student_5809,2.47,SE,Junior,89
S05810,Student_5810,3.35,Business,Junior,137
S05811,Student_5811,1.71,AI,Junior,116
S05812,Student_5812,3.18,Business,Junior,93
S05813,Student_5813,1.83,Business,Senior,57
S05814,Student_5814,2.57,Business,Freshman,133
S05815,Student_5815,2.43,Finance,Sophomore,3
S05816,Student_5816,2.02,Data Science,Freshman,102
S05817,Student_5817,3.51,Data Science,Senior,55
S05818,Student_5818,3.48,IT,Junior,38
S05819,Student_5819,2.83,Data Science,Senior,9
S05820,Student_5820,2.02,SE,Junior,32
S05821,Student_5821,3.54,Business,Sophomore,0
S05822,Student_5822,3.92,AI,Freshman,101
S05823,Student_5823,2.6,Business,Junior,134
S05824,Student_5824,2.12,Finance,Senior,81
S05825,Student_5825,2.84,IT,Sophomore,93
S05826,Student_5826,3.68,SE,Senior,99
S05827,Student_5827,2.52,Business,Senior,84
S05828,Student_5828,3.95,Data Science,Freshman,4
S05829,Student_5829,2.69,SE,Sophomore,2
S05830,Student_5830,2.88,CS,Sophomore,49
S05831,Student_5831,3.74,SE,Senior,70
S05832,Student_5832,3.53,SE,Senior,137
S05833,Student_5833,2.53,IT,Freshman,83
S05834,Student_5834,2.78,CS,Junior,122
S05835,Student_5835,2.17,Finance,Junior,98
S05836,Student_5836,3.48,Business,Freshman,96
S05837,Student_5837,2.23,Data Science,Freshman,78
S05838,Student_5838,2.62,IT,Freshman,140
S05839,Student_5839,2.41,AI,Senior,4
S05840,Student_5840,2.36,IT,Junior,3
S05841,Student_5841,2.2,AI,Sophomore,58
S05842,Student_5842,1.98,CS,Sophomore,72
S05843,Student_5843,1.61,SE,Sophomore,25
S05844,Student_5844,2.05,CS,Sophomore,31
S05845,Student_5845,1.99,Data Science,Freshman,111
S05846,Student_5846,3.09,CS,Junior,25
S05847,Student_5847,3.88,SE,Junior,17
S05848,Student_5848,4.0,AI,Sophomore,115
S05849,Student_5849,2.87,AI,Sophomore,18
S05850,Student_5850,3.19,CS,Freshman,0
S05851,Student_5851,2.94,AI,Sophomore,24
S05852,Student_5852,2.83,Data Science,Senior,103
S05853,Student_5853,2.6,Data Science,Junior,67
S05854,Student_5854,2.08,CS,Freshman,81
S05855,Student_5855,2.57,IT,Freshman,56
S05856,Student_5856,3.28,IT,Junior,85
S05857,Student_5857,3.79,SE,Senior,16
S05858,Student_5858,2.71,AI,Sophomore,55
S05859,Student_5859,2.04,Finance,Senior,79
S05860,Student_5860,3.65,Finance,Junior,45
S05861,Student_5861,2.71,CS,Sophomore,44
S05862,Student_5862,1.89,SE,Sophomore,0
S05863,Student_5863,2.58,Data Science,Sophomore,84
S05864,Student_5864,3.9,AI,Senior,70
S05865,Student_5865,3.7,SE,Senior,121
S05866,Student_5866,3.18,SE,Junior,56
S05867,Student_5867,2.28,Data Science,Junior,136
S05868,Student_5868,3.14,AI,Junior,45
S05869,Student_5869,1.52,Finance,Freshman,96
S05870,Student_5870,1.5,IT,Senior,138
S05871,Student_5871,3.14,IT,Junior,116
S05872,Student_5872,3.54,Data Science,Sophomore,140
S05873,Student_5873,1.6,CS,Freshman,79
S05874,Student_5874,3.81,AI,Sophomore,105
S05875,Student_5875,2.71,IT,Junior,32
S05876,Student_5876,3.28,AI,Senior,82
S05877,Student_5877,3.76,IT,Junior,139
S05878,Student_5878,3.55,Business,Freshman,110
S05879,Student_5879,3.74,CS,Freshman,135
S05880,Student_5880,2.64,Finance,Freshman,104
S05881,Student_5881,3.2,Finance,Sophomore,23
S05882,Student_5882,2.71,AI,Sophomore,134
S05883,Student_5883,2.21,IT,Junior,100
S05884,Student_5884,3.2,Finance,Junior,13
S05885,Student_5885,3.64,AI,Senior,121
S05886,Student_5886,1.57,Finance,Freshman,124
S05887,Student_5887,1.92,CS,Freshman,11
S05888,Student_5888,3.67,SE,Freshman,88
S05889,Student_5889,3.98,SE,Senior,84
S05890,Student_5890,1.88,AI,Senior,61
S05891,Student_5891,2.9,SE,Freshman,99
S05892,Student_5892,3.18,IT,Sophomore,81
S05893,Student_5893,3.2,IT,Junior,101
S05894,Student_5894,3.71,CS,Freshman,102
S05895,Student_5895,1.96,Finance,Sophomore,58
S05896,Student_5896,2.42,Business,Sophomore,70
S05897,Student_5897,1.61,AI,Sophomore,88
S05898,Student_5898,2.44,Finance,Freshman,114
S05899,Student_5899,3.99,CS,Senior,9
S05900,Student_5900,3.81,AI,Sophomore,117
S05901,Student_5901,1.81,IT,Freshman,92
S05902,Student_5902,3.98,SE,Junior,8
S05903,Student_5903,1.82,IT,Junior,114
S05904,Student_5904,1.68,Finance,Junior,9
S05905,Student_5905,2.31,CS,Freshman,125
S05906,Student_5906,1.85,IT,Senior,28
S05907,Student_5907,2.55,IT,Junior,27
S05908,Student_5908,3.02,CS,Junior,10
S05909,Student_5909,1.72,CS,Senior,12
S05910,Student_5910,3.64,Business,Freshman,77
S05911,Student_5911,1.66,CS,Junior,3
S05912,Student_5912,3.05,SE,Senior,119
S05913,Student_5913,1.89,AI,Freshman,134
S05914,Student_5914,1.53,Finance,Senior,13
S05915,Student_5915,2.7,IT,Freshman,17
S05916,Student_5916,2.43,IT,Freshman,39
S05917,Student_5917,3.41,AI,Junior,94
S05918,Student_5918,3.79,CS,Junior,104
S05919,Student_5919,3.37,IT,Senior,33
S05920,Student_5920,1.6,IT,Senior,46
S05921,Student_5921,1.75,Data Science,Sophomore,129
S05922,Student_5922,1.95,SE,Sophomore,19
S05923,Student_5923,2.77,AI,Freshman,8
S05924,Student_5924,1.58,CS,Senior,31
S05925,Student_5925,3.38,AI,Junior,75
S05926,Student_5926,2.1,Business,Sophomore,63
S05927,Student_5927,1.59,AI,Junior,89
S05928,Student_5928,2.77,AI,Freshman,2
S05929,Student_5929,2.67,Business,Sophomore,112
S05930,Student_5930,3.89,IT,Sophomore,80
S05931,Student_5931,3.49,Data Science,Sophomore,124
S05932,Student_5932,3.45,IT,Freshman,49
S05933,Student_5933,2.58,Finance,Freshman,128
S05934,Student_5934,1.76,Finance,Sophomore,120
S05935,Student_5935,2.66,Finance,Junior,110
S05936,Student_5936,1.86,AI,Junior,71
S05937,Student_5937,1.79,AI,Freshman,89
S05938,Student_5938,2.64,AI,Junior,20
S05939,Student_5939,1.51,IT,Sophomore,78
S05940,Student_5940,1.82,AI,Freshman,65
S05941,Student_5941,1.64,Business,Junior,8
S05942,Student_5942,2.48,IT,Junior,68
S05943,Student_5943,3.42,Data Science,Sophomore,57
S05944,Student_5944,2.34,SE,Freshman,19
S05945,Student_5945,1.86,CS,Freshman,36
S05946,Student_5946,2.92,Data Science,Senior,82
S05947,Student_5947,2.46,Data Science,Sophomore,37
S05948,Student_5948,2.36,IT,Junior,119
S05949,Student_5949,2.82,Finance,Senior,110
S05950,Student_5950,3.27,Finance,Freshman,113
S05951,Student_5951,3.81,CS,Senior,28
S05952,Student_5952,3.83,SE,Sophomore,94
S05953,Student_5953,3.16,Business,Sophomore,15
S05954,Student_5954,3.27,IT,Junior,99
S05955,Student_5955,1.52,Business,Freshman,106
S05956,Student_5956,2.64,Data Science,Junior,52
S05957,Student_5957,3.15,Business,Junior,106
S05958,Student_5958,1.57,CS,Senior,20
S05959,Student_5959,1.82,SE,Freshman,78
S05960,Student_5960,1.87,Data Science,Senior,60
S05961,Student_5961,1.92,Business,Junior,37
S05962,Student_5962,1.86,Business,Freshman,14
S05963,Student_5963,3.16,Data Science,Freshman,119
S05964,Student_5964,3.69,IT,Junior,114
S05965,Student_5965,2.27,Business,Senior,66
S05966,Student_5966,1.99,IT,Freshman,124
S05967,Student_5967,3.72,SE,Junior,11
S05968,Student_5968,3.13,AI,Sophomore,117
S05969,Student_5969,3.45,AI,Sophomore,24
S05970,Student_5970,1.98,AI,Freshman,100
S05971,Student_5971,1.9,Data Science,Sophomore,112
S05972,Student_5972,2.62,Data Science,Junior,84
S05973,Student_5973,1.69,Data Science,Junior,42
S05974,Student_5974,3.2,Business,Junior,108
S05975,Student_5975,2.54,CS,Junior,23
S05976,Student_5976,2.32,Business,Freshman,89
S05977,Student_5977,3.4,IT,Senior,0
S05978,Student_5978,3.46,CS,Sophomore,30
S05979,Student_5979,2.33,Data Science,Sophomore,78
S05980,Student_5980,3.25,Business,Senior,105
S05981,Student_5981,2.3,Business,Junior,23
S05982,Student_5982,3.21,IT,Junior,86
S05983,Student_5983,3.2,AI,Junior,94
S05984,Student_5984,3.14,Data Science,Sophomore,123
S05985,Student_5985,2.24,AI,Freshman,125
S05986,Student_5986,3.36,IT,Freshman,23
S05987,Student_5987,3.49,Business,Sophomore,3
S05988,Student_5988,3.56,Finance,Sophomore,31
S05989,Student_5989,1.74,Data Science,Senior,87
S05990,Student_5990,2.01,Data Science,Junior,64
S05991,Student_5991,3.44,Data Science,Senior,106
S05992,Student_5992,2.13,Finance,Freshman,108
S05993,Student_5993,1.72,Business,Sophomore,9
S05994,Student_5994,2.61,Data Science,Sophomore,102
S05995,Student_5995,2.23,CS,Sophomore,59
S05996,Student_5996,1.53,SE,Junior,11
S05997,Student_5997,3.86,CS,Senior,46
S05998,Student_5998,3.7,IT,Freshman,66
S05999,Student_5999,2.91,SE,Sophomore,0
S06000,Student_6000,2.82,IT,Junior,58
S06001,Student_6001,3.52,Finance,Senior,9
S06002,Student_6002,2.75,Business,Freshman,97
S06003,Student_6003,3.98,SE,Junior,72
S06004,Student_6004,1.71,Finance,Sophomore,135
S06005,Student_6005,1.76,CS,Freshman,116
S06006,Student_6006,1.64,AI,Senior,87
S06007,Student_6007,3.91,CS,Senior,67
S06008,Student_6008,3.85,AI,Freshman,2
S06009,Student_6009,1.83,CS,Senior,62
S06010,Student_6010,3.76,IT,Junior,32
S06011,Student_6011,3.99,Business,Sophomore,71
S06012,Student_6012,2.06,Data Science,Freshman,61
S06013,Student_6013,2.51,IT,Sophomore,6
S06014,Student_6014,2.62,Finance,Junior,98
S06015,Student_6015,2.25,IT,Senior,43
S06016,Student_6016,3.1,IT,Sophomore,114
S06017,Student_6017,3.27,AI,Sophomore,93
S06018,Student_6018,2.1,SE,Freshman,13
S06019,Student_6019,1.8,Finance,Junior,134
S06020,Student_6020,2.82,Business,Junior,41
S06021,Student_6021,2.44,CS,Freshman,53
S06022,Student_6022,3.05,IT,Senior,104
S06023,Student_6023,2.81,SE,Sophomore,105
S06024,Student_6024,2.35,Business,Sophomore,8
S06025,Student_6025,2.0,SE,Junior,11
S06026,Student_6026,3.82,SE,Junior,19
S06027,Student_6027,3.19,AI,Junior,21
S06028,Student_6028,2.07,AI,Sophomore,54
S06029,Student_6029,2.06,Finance,Freshman,57
S06030,Student_6030,2.24,Business,Junior,27
S06031,Student_6031,3.74,Finance,Junior,136
S06032,Student_6032,3.38,AI,Freshman,120
S06033,Student_6033,1.8,AI,Senior,79
S06034,Student_6034,3.83,AI,Senior,45
S06035,Student_6035,2.43,Data Science,Freshman,79
S06036,Student_6036,2.36,IT,Sophomore,59
S06037,Student_6037,3.24,IT,Sophomore,77
S06038,Student_6038,2.91,Finance,Sophomore,118
S06039,Student_6039,2.75,SE,Senior,88
S06040,Student_6040,2.25,AI,Junior,3
S06041,Student_6041,2.23,Finance,Senior,103
S06042,Student_6042,3.14,Finance,Freshman,94
S06043,Student_6043,3.25,AI,Freshman,21
S06044,Student_6044,2.05,IT,Freshman,90
S06045,Student_6045,2.29,Data Science,Freshman,126
S06046,Student_6046,2.14,CS,Junior,73
S06047,Student_6047,3.32,CS,Senior,47
S06048,Student_6048,2.6,Finance,Freshman,42
S06049,Student_6049,2.46,CS,Freshman,85
S06050,Student_6050,3.56,Business,Sophomore,56
S06051,Student_6051,3.85,Business,Sophomore,109
S06052,Student_6052,1.95,Business,Senior,126
S06053,Student_6053,3.73,Finance,Sophomore,48
S06054,Student_6054,2.88,Finance,Senior,103
S06055,Student_6055,3.16,Business,Senior,61
S06056,Student_6056,3.06,Business,Sophomore,13
S06057,Student_6057,3.18,Data Science,Junior,14
S06058,Student_6058,2.29,Finance,Sophomore,119
S06059,Student_6059,3.3,Finance,Junior,87
S06060,Student_6060,2.3,Business,Senior,59
S06061,Student_6061,2.87,SE,Sophomore,4
S06062,Student_6062,2.75,SE,Junior,96
S06063,Student_6063,1.92,SE,Sophomore,73
S06064,Student_6064,2.02,Business,Freshman,71
S06065,Student_6065,3.42,Data Science,Senior,121
S06066,Student_6066,2.43,AI,Sophomore,15
S06067,Student_6067,3.53,AI,Junior,106
S06068,Student_6068,1.99,SE,Junior,138
S06069,Student_6069,2.32,Finance,Freshman,56
S06070,Student_6070,2.35,Business,Junior,131
S06071,Student_6071,3.56,Business,Junior,44
S06072,Student_6072,1.94,IT,Sophomore,32
S06073,Student_6073,3.27,SE,Sophomore,31
S06074,Student_6074,3.24,AI,Junior,29
S06075,Student_6075,3.54,SE,Sophomore,21
S06076,Student_6076,3.02,CS,Sophomore,102
S06077,Student_6077,2.99,IT,Freshman,8
S06078,Student_6078,3.44,CS,Sophomore,69
S06079,Student_6079,3.54,Finance,Junior,130
S06080,Student_6080,3.74,Business,Junior,5
S06081,Student_6081,2.07,Finance,Junior,65
S06082,Student_6082,3.24,Data Science,Sophomore,83
S06083,Student_6083,1.94,Business,Freshman,4
S06084,Student_6084,1.67,IT,Freshman,42
S06085,Student_6085,1.54,IT,Junior,103
S06086,Student_6086,2.61,AI,Freshman,52
S06087,Student_6087,2.25,SE,Junior,83
S06088,Student_6088,3.49,Business,Junior,75
S06089,Student_6089,1.79,Business,Freshman,13
S06090,Student_6090,2.55,SE,Junior,43
S06091,Student_6091,3.65,Finance,Freshman,125
S06092,Student_6092,2.55,Business,Sophomore,110
S06093,Student_6093,2.89,Data Science,Junior,97
S06094,Student_6094,2.8,CS,Junior,31
S06095,Student_6095,3.77,Data Science,Freshman,28
S06096,Student_6096,3.99,Finance,Junior,61
S06097,Student_6097,2.51,AI,Freshman,27
S06098,Student_6098,3.25,SE,Senior,9
S06099,Student_6099,2.15,Finance,Sophomore,90
S06100,Student_6100,2.14,CS,Freshman,116
S06101,Student_6101,2.25,Data Science,Freshman,22
S06102,Student_6102,2.84,SE,Freshman,3
S06103,Student_6103,1.51,AI,Senior,20
S06104,Student_6104,2.86,Finance,Freshman,78
S06105,Student_6105,3.49,Business,Freshman,38
S06106,Student_6106,3.59,CS,Sophomore,116
S06107,Student_6107,3.65,CS,Freshman,125
S06108,Student_6108,1.53,Data Science,Freshman,68
S06109,Student_6109,2.3,Business,Sophomore,114
S06110,Student_6110,2.99,IT,Sophomore,27
S06111,Student_6111,1.58,Business,Senior,103
S06112,Student_6112,2.13,SE,Freshman,71
S06113,Student_6113,3.58,CS,Sophomore,58
S06114,Student_6114,3.26,CS,Senior,21
S06115,Student_6115,1.93,Business,Senior,112
S06116,Student_6116,3.16,Data Science,Junior,49
S06117,Student_6117,2.2,Finance,Sophomore,39
S06118,Student_6118,2.54,Data Science,Junior,128
S06119,Student_6119,1.92,IT,Sophomore,114
S06120,Student_6120,3.7,CS,Sophomore,107
S06121,Student_6121,3.43,SE,Sophomore,6
S06122,Student_6122,3.14,SE,Senior,68
S06123,Student_6123,2.54,Data Science,Freshman,47
S06124,Student_6124,3.63,Business,Sophomore,138
S06125,Student_6125,2.65,Data Science,Senior,7
S06126,Student_6126,2.17,AI,Junior,49
S06127,Student_6127,3.99,IT,Senior,88
S06128,Student_6128,2.68,AI,Freshman,78
S06129,Student_6129,2.27,Business,Sophomore,0
S06130,Student_6130,1.77,Data Science,Senior,52
S06131,Student_6131,2.77,SE,Sophomore,86
S06132,Student_6132,1.53,CS,Sophomore,117
S06133,Student_6133,3.82,Finance,Sophomore,97
S06134,Student_6134,2.22,SE,Sophomore,117
S06135,Student_6135,3.25,Finance,Senior,77
S06136,Student_6136,1.85,SE,Sophomore,58
S06137,Student_6137,2.77,CS,Junior,123
S06138,Student_6138,2.3,Data Science,Sophomore,83
S06139,Student_6139,2.23,Finance,Junior,3
S06140,Student_6140,2.89,AI,Freshman,124
S06141,Student_6141,2.47,IT,Junior,20
S06142,Student_6142,2.36,CS,Freshman,89
S06143,Student_6143,2.36,AI,Freshman,40
S06144,Student_6144,3.39,Business,Junior,35
S06145,Student_6145,3.8,AI,Freshman,71
S06146,Student_6146,3.81,IT,Senior,38
S06147,Student_6147,2.13,Data Science,Senior,63
S06148,Student_6148,2.56,AI,Junior,13
S06149,Student_6149,2.45,CS,Freshman,61
S06150,Student_6150,3.24,IT,Freshman,14
S06151,Student_6151,1.75,SE,Sophomore,133
S06152,Student_6152,1.85,CS,Sophomore,116
S06153,Student_6153,2.49,SE,Senior,135
S06154,Student_6154,2.78,AI,Junior,63
S06155,Student_6155,3.37,IT,Junior,42
S06156,Student_6156,3.73,CS,Sophomore,12
S06157,Student_6157,3.05,CS,Junior,114
S06158,Student_6158,2.14,SE,Junior,98
S06159,Student_6159,1.78,AI,Sophomore,3
S06160,Student_6160,3.71,Finance,Sophomore,46
S06161,Student_6161,1.72,CS,Senior,94
S06162,Student_6162,3.28,AI,Senior,41
S06163,Student_6163,3.7,SE,Sophomore,114
S06164,Student_6164,1.86,Data Science,Freshman,125
S06165,Student_6165,2.07,SE,Freshman,123
S06166,Student_6166,1.78,Business,Freshman,82
S06167,Student_6167,1.99,IT,Sophomore,116
S06168,Student_6168,3.73,CS,Junior,53
S06169,Student_6169,2.95,Finance,Junior,29
S06170,Student_6170,2.43,IT,Sophomore,30
S06171,Student_6171,2.05,SE,Freshman,22
S06172,Student_6172,1.72,SE,Freshman,126
S06173,Student_6173,1.68,Data Science,Junior,138
S06174,Student_6174,2.43,Finance,Sophomore,81
S06175,Student_6175,1.59,Finance,Freshman,84
S06176,Student_6176,2.24,Business,Freshman,64
S06177,Student_6177,2.25,Business,Senior,138
S06178,Student_6178,1.97,AI,Junior,73
S06179,Student_6179,2.98,Finance,Freshman,61
S06180,Student_6180,1.75,CS,Junior,12
S06181,Student_6181,2.52,Data Science,Senior,85
S06182,Student_6182,1.98,Finance,Freshman,41
S06183,Student_6183,3.66,Business,Junior,73
S06184,Student_6184,3.36,Business,Junior,42
S06185,Student_6185,3.0,Business,Sophomore,41
S06186,Student_6186,3.41,Data Science,Freshman,51
S06187,Student_6187,2.05,IT,Senior,59
S06188,Student_6188,3.6,Finance,Freshman,0
S06189,Student_6189,3.64,CS,Junior,23
S06190,Student_6190,3.25,Data Science,Senior,39
S06191,Student_6191,2.55,IT,Sophomore,51
S06192,Student_6192,3.18,CS,Senior,45
S06193,Student_6193,3.64,CS,Freshman,9
S06194,Student_6194,1.56,Data Science,Sophomore,19
S06195,Student_6195,2.45,Business,Freshman,33
S06196,Student_6196,2.02,IT,Freshman,127
S06197,Student_6197,3.12,SE,Senior,113
S06198,Student_6198,3.08,CS,Sophomore,83
S06199,Student_6199,3.27,Business,Sophomore,47
S06200,Student_6200,2.2,AI,Sophomore,135
S06201,Student_6201,1.7,Data Science,Sophomore,8
S06202,Student_6202,2.3,Data Science,Freshman,72
S06203,Student_6203,1.74,IT,Junior,28
S06204,Student_6204,3.63,Business,Sophomore,132
S06205,Student_6205,2.43,Business,Sophomore,103
S06206,Student_6206,3.46,AI,Freshman,57
S06207,Student_6207,1.54,Finance,Junior,58
S06208,Student_6208,2.37,Data Science,Freshman,100
S06209,Student_6209,3.39,Business,Sophomore,140
S06210,Student_6210,3.72,AI,Sophomore,63
S06211,Student_6211,3.29,CS,Junior,6
S06212,Student_6212,2.11,IT,Freshman,109
S06213,Student_6213,2.03,SE,Senior,124
S06214,Student_6214,2.38,Finance,Sophomore,109
S06215,Student_6215,3.76,Data Science,Junior,73
S06216,Student_6216,2.42,Business,Senior,107
S06217,Student_6217,1.81,Data Science,Senior,34
S06218,Student_6218,3.6,SE,Sophomore,108
S06219,Student_6219,2.41,IT,Freshman,84
S06220,Student_6220,3.79,AI,Freshman,53
S06221,Student_6221,3.47,Business,Freshman,62
S06222,Student_6222,2.91,Data Science,Freshman,6
S06223,Student_6223,3.06,CS,Senior,49
S06224,Student_6224,2.65,AI,Sophomore,32
S06225,Student_6225,2.6,AI,Freshman,101
S06226,Student_6226,1.59,AI,Freshman,73
S06227,Student_6227,2.77,AI,Sophomore,65
S06228,Student_6228,2.44,Data Science,Senior,114
S06229,Student_6229,3.27,AI,Junior,35
S06230,Student_6230,2.28,CS,Freshman,114
S06231,Student_6231,2.86,SE,Senior,12
S06232,Student_6232,2.56,Business,Freshman,102
S06233,Student_6233,2.67,Finance,Junior,115
S06234,Student_6234,2.04,Finance,Junior,7
S06235,Student_6235,2.04,AI,Sophomore,21
S06236,Student_6236,2.28,Data Science,Freshman,55
S06237,Student_6237,2.28,AI,Sophomore,49
S06238,Student_6238,2.44,SE,Sophomore,19
S06239,Student_6239,1.88,CS,Sophomore,54
S06240,Student_6240,3.45,SE,Junior,24
S06241,Student_6241,1.85,CS,Senior,66
S06242,Student_6242,2.95,SE,Sophomore,23
S06243,Student_6243,1.97,CS,Senior,49
S06244,Student_6244,2.9,IT,Senior,39
S06245,Student_6245,2.04,CS,Junior,61
S06246,Student_6246,1.81,CS,Junior,34
S06247,Student_6247,2.78,Finance,Junior,125
S06248,Student_6248,3.31,Data Science,Sophomore,81
S06249,Student_6249,2.49,SE,Sophomore,112
S06250,Student_6250,2.49,IT,Junior,50
S06251,Student_6251,1.61,CS,Sophomore,89
S06252,Student_6252,1.53,CS,Junior,34
S06253,Student_6253,2.02,CS,Freshman,57
S06254,Student_6254,2.65,Data Science,Freshman,98
S06255,Student_6255,2.0,CS,Freshman,139
S06256,Student_6256,3.63,Finance,Freshman,20
S06257,Student_6257,3.32,IT,Junior,5
S06258,Student_6258,3.01,Business,Senior,39
S06259,Student_6259,2.81,Finance,Senior,98
S06260,Student_6260,3.26,AI,Freshman,77
S06261,Student_6261,2.91,Finance,Freshman,23
S06262,Student_6262,3.01,IT,Senior,90
S06263,Student_6263,2.92,CS,Freshman,68
S06264,Student_6264,3.78,IT,Sophomore,124
S06265,Student_6265,3.95,Finance,Senior,24
S06266,Student_6266,2.45,SE,Freshman,114
S06267,Student_6267,3.9,Finance,Senior,127
S06268,Student_6268,3.98,CS,Freshman,74
S06269,Student_6269,3.8,Business,Freshman,121
S06270,Student_6270,1.83,Data Science,Freshman,98
S06271,Student_6271,1.6,CS,Junior,122
S06272,Student_6272,2.47,AI,Junior,55
S06273,Student_6273,2.83,Finance,Junior,59
S06274,Student_6274,2.2,Data Science,Sophomore,78
S06275,Student_6275,2.44,AI,Junior,87
S06276,Student_6276,2.86,Data Science,Senior,118
S06277,Student_6277,2.13,Business,Senior,137
S06278,Student_6278,2.36,Data Science,Sophomore,47
S06279,Student_6279,2.75,SE,Senior,95
S06280,Student_6280,3.9,SE,Senior,44
S06281,Student_6281,1.95,Business,Junior,26
S06282,Student_6282,3.28,Data Science,Sophomore,138
S06283,Student_6283,3.87,IT,Senior,134
S06284,Student_6284,3.36,Finance,Senior,98
S06285,Student_6285,3.7,Data Science,Sophomore,45
S06286,Student_6286,1.65,CS,Senior,105
S06287,Student_6287,3.13,SE,Senior,71
S06288,Student_6288,2.14,Data Science,Freshman,32
S06289,Student_6289,3.61,IT,Senior,0
S06290,Student_6290,2.43,AI,Senior,128
S06291,Student_6291,3.36,AI,Sophomore,134
S06292,Student_6292,2.96,SE,Senior,75
S06293,Student_6293,3.03,SE,Freshman,48
S06294,Student_6294,3.95,CS,Senior,129
S06295,Student_6295,1.89,IT,Sophomore,120
S06296,Student_6296,3.17,CS,Freshman,41
S06297,Student_6297,2.64,CS,Junior,104
S06298,Student_6298,2.1,Business,Junior,98
S06299,Student_6299,3.46,CS,Sophomore,119
S06300,Student_6300,2.17,Data Science,Junior,126
S06301,Student_6301,1.73,IT,Sophomore,121
S06302,Student_6302,2.28,Finance,Senior,68
S06303,Student_6303,2.38,Business,Senior,22
S06304,Student_6304,3.09,CS,Junior,26
S06305,Student_6305,1.89,AI,Freshman,64
S06306,Student_6306,3.25,Data Science,Senior,98
S06307,Student_6307,3.52,SE,Sophomore,8
S06308,Student_6308,1.82,Data Science,Junior,25
S06309,Student_6309,3.07,IT,Senior,126
S06310,Student_6310,2.45,AI,Senior,125
S06311,Student_6311,3.17,Business,Junior,93
S06312,Student_6312,2.44,Business,Freshman,96
S06313,Student_6313,3.95,AI,Junior,57
S06314,Student_6314,3.82,Business,Freshman,87
S06315,Student_6315,2.32,Finance,Sophomore,51
S06316,Student_6316,1.87,Business,Junior,18
S06317,Student_6317,2.79,Data Science,Sophomore,48
S06318,Student_6318,2.8,AI,Senior,52
S06319,Student_6319,1.55,SE,Sophomore,9
S06320,Student_6320,1.97,Finance,Sophomore,22
S06321,Student_6321,2.1,IT,Sophomore,52
S06322,Student_6322,2.41,Data Science,Senior,53
S06323,Student_6323,3.26,CS,Sophomore,7
S06324,Student_6324,1.61,Business,Sophomore,45
S06325,Student_6325,2.8,AI,Sophomore,84
S06326,Student_6326,3.0,Business,Sophomore,101
S06327,Student_6327,2.1,Finance,Senior,93
S06328,Student_6328,3.49,CS,Senior,7
S06329,Student_6329,1.68,SE,Freshman,4
S06330,Student_6330,2.25,Data Science,Freshman,126
S06331,Student_6331,3.28,Business,Sophomore,10
S06332,Student_6332,3.32,Business,Freshman,5
S06333,Student_6333,2.39,Data Science,Freshman,41
S06334,Student_6334,2.2,Business,Sophomore,76
S06335,Student_6335,1.94,Data Science,Freshman,40
S06336,Student_6336,2.14,AI,Freshman,52
S06337,Student_6337,1.54,CS,Sophomore,139
S06338,Student_6338,2.29,AI,Junior,111
S06339,Student_6339,1.58,Business,Senior,68
S06340,Student_6340,3.03,Data Science,Sophomore,83
S06341,Student_6341,2.16,Business,Junior,26
S06342,Student_6342,3.38,CS,Junior,106
S06343,Student_6343,2.98,IT,Senior,76
S06344,Student_6344,3.78,Business,Senior,15
S06345,Student_6345,3.4,Finance,Senior,30
S06346,Student_6346,2.64,IT,Junior,93
S06347,Student_6347,2.21,AI,Senior,33
S06348,Student_6348,1.53,CS,Senior,3
S06349,Student_6349,1.79,Data Science,Freshman,89
S06350,Student_6350,2.79,IT,Sophomore,51
S06351,Student_6351,1.85,Finance,Senior,65
S06352,Student_6352,3.43,IT,Senior,24
S06353,Student_6353,3.53,Data Science,Freshman,76
S06354,Student_6354,3.9,SE,Sophomore,111
S06355,Student_6355,3.47,AI,Junior,51
S06356,Student_6356,2.2,AI,Senior,99
S06357,Student_6357,2.91,Finance,Junior,80
S06358,Student_6358,3.31,Finance,Sophomore,15
S06359,Student_6359,2.6,Finance,Senior,76
S06360,Student_6360,1.85,Finance,Sophomore,19
S06361,Student_6361,2.74,SE,Senior,138
S06362,Student_6362,2.72,SE,Freshman,85
S06363,Student_6363,3.52,Data Science,Freshman,120
S06364,Student_6364,3.55,Finance,Sophomore,45
S06365,Student_6365,1.56,Finance,Freshman,89
S06366,Student_6366,2.73,Data Science,Freshman,110
S06367,Student_6367,1.96,Business,Junior,120
S06368,Student_6368,3.99,IT,Senior,132
S06369,Student_6369,2.14,IT,Senior,60
S06370,Student_6370,1.73,Data Science,Freshman,39
S06371,Student_6371,3.87,Data Science,Sophomore,73
S06372,Student_6372,3.15,Business,Junior,138
S06373,Student_6373,1.86,CS,Freshman,132
S06374,Student_6374,3.94,Data Science,Junior,73
S06375,Student_6375,2.05,Data Science,Junior,127
S06376,Student_6376,2.21,AI,Junior,77
S06377,Student_6377,2.54,SE,Freshman,100
S06378,Student_6378,2.63,IT,Freshman,101
S06379,Student_6379,2.35,Data Science,Junior,102
S06380,Student_6380,3.79,Finance,Senior,59
S06381,Student_6381,3.32,Finance,Junior,140
S06382,Student_6382,2.99,SE,Junior,5
S06383,Student_6383,3.67,SE,Freshman,63
S06384,Student_6384,3.55,CS,Sophomore,14
S06385,Student_6385,2.48,AI,Sophomore,10
S06386,Student_6386,3.17,SE,Junior,11
S06387,Student_6387,2.89,Finance,Senior,14
S06388,Student_6388,3.55,CS,Sophomore,64
S06389,Student_6389,3.96,Business,Freshman,26
S06390,Student_6390,1.82,SE,Sophomore,114
S06391,Student_6391,3.74,Data Science,Senior,27
S06392,Student_6392,2.86,Finance,Freshman,89
S06393,Student_6393,2.24,IT,Freshman,114
S06394,Student_6394,2.24,Data Science,Freshman,84
S06395,Student_6395,2.77,AI,Sophomore,117
S06396,Student_6396,2.13,IT,Freshman,118
S06397,Student_6397,3.5,AI,Junior,130
S06398,Student_6398,1.76,IT,Sophomore,76
S06399,Student_6399,3.84,Finance,Freshman,45
S06400,Student_6400,3.69,AI,Freshman,53
S06401,Student_6401,1.67,SE,Junior,79
S06402,Student_6402,1.61,Data Science,Sophomore,113
S06403,Student_6403,3.76,CS,Senior,129
S06404,Student_6404,3.63,Business,Senior,68
S06405,Student_6405,2.11,CS,Sophomore,78
S06406,Student_6406,3.83,Business,Freshman,135
S06407,Student_6407,1.83,SE,Freshman,47
S06408,Student_6408,2.3,Business,Senior,49
S06409,Student_6409,3.75,Finance,Freshman,20
S06410,Student_6410,3.9,IT,Sophomore,28
S06411,Student_6411,2.1,CS,Freshman,28
S06412,Student_6412,3.65,Business,Junior,49
S06413,Student_6413,1.83,Business,Sophomore,78
S06414,Student_6414,1.51,Finance,Senior,61
S06415,Student_6415,3.3,CS,Junior,38
S06416,Student_6416,1.72,Finance,Senior,75
S06417,Student_6417,3.4,Finance,Freshman,139
S06418,Student_6418,1.79,SE,Sophomore,51
S06419,Student_6419,3.43,Finance,Freshman,9
S06420,Student_6420,2.29,IT,Senior,136
S06421,Student_6421,2.01,SE,Freshman,122
S06422,Student_6422,2.34,SE,Senior,35
S06423,Student_6423,3.55,IT,Sophomore,130
S06424,Student_6424,2.45,Business,Freshman,87
S06425,Student_6425,1.83,Business,Sophomore,124
S06426,Student_6426,1.74,IT,Freshman,21
S06427,Student_6427,3.98,SE,Freshman,25
S06428,Student_6428,3.45,AI,Sophomore,2
S06429,Student_6429,3.83,Finance,Freshman,136
S06430,Student_6430,3.44,SE,Senior,138
S06431,Student_6431,2.22,CS,Junior,15
S06432,Student_6432,2.87,CS,Sophomore,5
S06433,Student_6433,2.24,SE,Junior,117
S06434,Student_6434,2.92,Data Science,Sophomore,54
S06435,Student_6435,3.74,CS,Senior,106
S06436,Student_6436,3.86,Business,Freshman,41
S06437,Student_6437,3.02,CS,Freshman,32
S06438,Student_6438,3.64,Data Science,Sophomore,75
S06439,Student_6439,3.75,AI,Freshman,7
S06440,Student_6440,1.89,SE,Junior,90
S06441,Student_6441,3.3,CS,Junior,127
S06442,Student_6442,1.89,CS,Senior,43
S06443,Student_6443,1.85,Finance,Freshman,8
S06444,Student_6444,3.2,CS,Freshman,23
S06445,Student_6445,2.63,AI,Sophomore,67
S06446,Student_6446,2.33,IT,Junior,53
S06447,Student_6447,2.1,Data Science,Junior,18
S06448,Student_6448,2.5,Business,Junior,21
S06449,Student_6449,3.94,IT,Junior,42
S06450,Student_6450,2.49,AI,Freshman,118
S06451,Student_6451,2.93,Data Science,Junior,60
S06452,Student_6452,1.93,Finance,Senior,9
S06453,Student_6453,2.19,CS,Senior,63
S06454,Student_6454,1.72,Data Science,Senior,39
S06455,Student_6455,2.23,SE,Senior,4
S06456,Student_6456,2.44,AI,Senior,62
S06457,Student_6457,1.64,CS,Junior,89
S06458,Student_6458,1.84,SE,Freshman,36
S06459,Student_6459,3.1,Data Science,Junior,44
S06460,Student_6460,2.77,Data Science,Senior,13
S06461,Student_6461,2.93,AI,Freshman,75
S06462,Student_6462,2.13,Business,Sophomore,81
S06463,Student_6463,3.48,IT,Senior,71
S06464,Student_6464,2.12,Business,Junior,28
S06465,Student_6465,2.49,Data Science,Sophomore,89
S06466,Student_6466,3.14,Business,Sophomore,94
S06467,Student_6467,2.57,CS,Senior,59
S06468,Student_6468,2.02,AI,Sophomore,66
S06469,Student_6469,3.95,SE,Freshman,123
S06470,Student_6470,1.76,Finance,Freshman,96
S06471,Student_6471,3.06,Business,Sophomore,11
S06472,Student_6472,1.53,Business,Junior,89
S06473,Student_6473,2.33,CS,Junior,13
S06474,Student_6474,3.62,IT,Freshman,59
S06475,Student_6475,2.32,Business,Freshman,78
S06476,Student_6476,3.6,CS,Freshman,71
S06477,Student_6477,3.64,SE,Freshman,40
S06478,Student_6478,1.66,Data Science,Senior,3
S06479,Student_6479,2.02,SE,Freshman,68
S06480,Student_6480,3.05,Data Science,Sophomore,38
S06481,Student_6481,3.2,AI,Junior,114
S06482,Student_6482,2.51,Finance,Junior,74
S06483,Student_6483,2.11,Finance,Junior,83
S06484,Student_6484,1.86,IT,Junior,139
S06485,Student_6485,3.15,AI,Freshman,110
S06486,Student_6486,2.47,Finance,Freshman,69
S06487,Student_6487,1.69,AI,Sophomore,43
S06488,Student_6488,1.84,AI,Freshman,68
S06489,Student_6489,1.79,AI,Junior,69
S06490,Student_6490,3.7,AI,Freshman,44
S06491,Student_6491,2.36,AI,Sophomore,91
S06492,Student_6492,2.13,Data Science,Senior,68
S06493,Student_6493,3.3,AI,Freshman,37
S06494,Student_6494,3.51,AI,Sophomore,57
S06495,Student_6495,2.31,Business,Senior,71
S06496,Student_6496,1.54,Finance,Freshman,27
S06497,Student_6497,1.75,Finance,Freshman,52
S06498,Student_6498,2.29,IT,Senior,59
S06499,Student_6499,2.56,IT,Junior,52
S06500,Student_6500,2.34,SE,Senior,50
S06501,Student_6501,2.29,AI,Junior,73
S06502,Student_6502,3.04,Finance,Sophomore,13
S06503,Student_6503,3.99,Data Science,Senior,107
S06504,Student_6504,1.95,Data Science,Senior,79
S06505,Student_6505,1.58,SE,Junior,71
S06506,Student_6506,3.54,CS,Freshman,50
S06507,Student_6507,2.6,Business,Sophomore,126
S06508,Student_6508,2.29,Finance,Sophomore,36
S06509,Student_6509,1.85,AI,Junior,64
S06510,Student_6510,1.57,SE,Senior,31
S06511,Student_6511,1.56,CS,Sophomore,96
S06512,Student_6512,1.72,AI,Senior,31
S06513,Student_6513,1.94,Data Science,Senior,40
S06514,Student_6514,3.04,Business,Junior,23
S06515,Student_6515,3.5,CS,Senior,60
S06516,Student_6516,3.47,AI,Junior,96
S06517,Student_6517,3.41,SE,Freshman,19
S06518,Student_6518,3.53,Finance,Senior,14
S06519,Student_6519,2.83,Finance,Senior,103
S06520,Student_6520,2.58,Finance,Freshman,128
S06521,Student_6521,3.47,AI,Junior,81
S06522,Student_6522,1.51,IT,Senior,9
S06523,Student_6523,2.53,CS,Freshman,72
S06524,Student_6524,3.02,AI,Junior,63
S06525,Student_6525,3.64,Data Science,Sophomore,71
S06526,Student_6526,3.67,AI,Sophomore,82
S06527,Student_6527,1.69,Finance,Sophomore,47
S06528,Student_6528,3.6,CS,Sophomore,20
S06529,Student_6529,2.52,AI,Junior,128
S06530,Student_6530,3.67,Business,Freshman,86
S06531,Student_6531,1.82,Business,Junior,119
S06532,Student_6532,1.67,Finance,Senior,109
S06533,Student_6533,3.05,SE,Junior,49
S06534,Student_6534,1.91,Data Science,Senior,61
S06535,Student_6535,3.99,AI,Junior,63
S06536,Student_6536,2.61,AI,Sophomore,108
S06537,Student_6537,1.72,Data Science,Freshman,51
S06538,Student_6538,2.38,AI,Sophomore,28
S06539,Student_6539,3.9,Finance,Freshman,34
S06540,Student_6540,2.35,Business,Sophomore,7
S06541,Student_6541,3.82,Data Science,Freshman,48
S06542,Student_6542,3.53,SE,Sophomore,139
S06543,Student_6543,2.66,Finance,Senior,76
S06544,Student_6544,2.9,Business,Freshman,112
S06545,Student_6545,3.51,IT,Freshman,96
S06546,Student_6546,2.02,IT,Sophomore,83
S06547,Student_6547,2.12,CS,Junior,74
S06548,Student_6548,3.08,AI,Sophomore,66
S06549,Student_6549,3.92,AI,Junior,52
S06550,Student_6550,2.31,IT,Senior,121
S06551,Student_6551,1.54,AI,Senior,108
S06552,Student_6552,2.16,SE,Sophomore,56
S06553,Student_6553,3.04,IT,Freshman,88
S06554,Student_6554,2.86,Finance,Freshman,85
S06555,Student_6555,2.21,IT,Freshman,31
S06556,Student_6556,2.76,CS,Sophomore,58
S06557,Student_6557,2.92,Data Science,Junior,67
S06558,Student_6558,3.27,CS,Sophomore,73
S06559,Student_6559,3.06,AI,Sophomore,136
S06560,Student_6560,2.19,AI,Freshman,12
S06561,Student_6561,1.65,SE,Freshman,65
S06562,Student_6562,3.6,Finance,Freshman,84
S06563,Student_6563,3.54,CS,Sophomore,83
S06564,Student_6564,1.91,Data Science,Freshman,67
S06565,Student_6565,3.44,Data Science,Senior,71
S06566,Student_6566,1.68,SE,Sophomore,86
S06567,Student_6567,2.56,Data Science,Freshman,36
S06568,Student_6568,3.07,Business,Freshman,65
S06569,Student_6569,1.79,Business,Junior,20
S06570,Student_6570,2.51,Finance,Freshman,101
S06571,Student_6571,1.91,SE,Freshman,108
S06572,Student_6572,3.61,Finance,Senior,121
S06573,Student_6573,1.92,SE,Junior,111
S06574,Student_6574,2.32,CS,Junior,20
S06575,Student_6575,2.66,Data Science,Senior,19
S06576,Student_6576,2.26,AI,Sophomore,32
S06577,Student_6577,2.9,Data Science,Sophomore,118
S06578,Student_6578,1.68,Finance,Sophomore,81
S06579,Student_6579,1.92,SE,Sophomore,110
S06580,Student_6580,3.51,Finance,Junior,16
S06581,Student_6581,2.36,AI,Junior,24
S06582,Student_6582,1.85,CS,Senior,94
S06583,Student_6583,2.84,Data Science,Sophomore,118
S06584,Student_6584,2.24,Finance,Sophomore,44
S06585,Student_6585,1.58,Data Science,Sophomore,105
S06586,Student_6586,2.59,Business,Sophomore,93
S06587,Student_6587,2.7,SE,Senior,27
S06588,Student_6588,1.6,IT,Junior,45
S06589,Student_6589,3.03,Data Science,Junior,43
S06590,Student_6590,1.75,CS,Junior,110
S06591,Student_6591,2.84,Business,Senior,12
S06592,Student_6592,3.51,Data Science,Sophomore,88
S06593,Student_6593,3.73,IT,Junior,93
S06594,Student_6594,2.68,Business,Sophomore,78
S06595,Student_6595,2.87,Data Science,Sophomore,125
S06596,Student_6596,1.52,AI,Junior,6
S06597,Student_6597,2.23,CS,Sophomore,41
S06598,Student_6598,1.54,SE,Junior,76
S06599,Student_6599,2.65,IT,Freshman,133
S06600,Student_6600,2.26,IT,Senior,94
S06601,Student_6601,2.25,CS,Freshman,72
S06602,Student_6602,3.1,CS,Freshman,28
S06603,Student_6603,3.84,Data Science,Junior,129
S06604,Student_6604,2.83,AI,Freshman,90
S06605,Student_6605,3.42,Finance,Senior,48
S06606,Student_6606,1.86,IT,Sophomore,53
S06607,Student_6607,1.98,CS,Senior,84
S06608,Student_6608,1.86,CS,Senior,96
S06609,Student_6609,3.92,AI,Freshman,7
S06610,Student_6610,2.07,SE,Junior,18
S06611,Student_6611,3.88,AI,Senior,126
S06612,Student_6612,2.89,Business,Freshman,100
S06613,Student_6613,2.33,Data Science,Senior,125
S06614,Student_6614,3.91,SE,Senior,83
S06615,Student_6615,2.47,SE,Sophomore,112
S06616,Student_6616,1.61,Data Science,Freshman,104
S06617,Student_6617,1.56,CS,Senior,43
S06618,Student_6618,2.71,Business,Senior,84
S06619,Student_6619,3.77,AI,Sophomore,0
S06620,Student_6620,3.61,Business,Senior,39
S06621,Student_6621,3.52,Business,Senior,112
S06622,Student_6622,1.74,CS,Junior,46
S06623,Student_6623,3.39,IT,Sophomore,10
S06624,Student_6624,1.92,IT,Senior,99
S06625,Student_6625,2.52,SE,Junior,54
S06626,Student_6626,3.58,Business,Freshman,25
S06627,Student_6627,1.8,CS,Junior,65
S06628,Student_6628,2.64,CS,Sophomore,100
S06629,Student_6629,3.9,IT,Junior,3
S06630,Student_6630,2.59,AI,Junior,61
S06631,Student_6631,3.06,IT,Senior,45
S06632,Student_6632,2.28,Business,Senior,114
S06633,Student_6633,2.09,IT,Senior,23
S06634,Student_6634,1.68,Finance,Sophomore,82
S06635,Student_6635,1.83,IT,Freshman,15
S06636,Student_6636,2.85,CS,Sophomore,40
S06637,Student_6637,3.44,CS,Sophomore,54
S06638,Student_6638,2.78,Data Science,Sophomore,58
S06639,Student_6639,2.56,Finance,Sophomore,124
S06640,Student_6640,1.57,IT,Junior,138
S06641,Student_6641,3.65,Data Science,Sophomore,87
S06642,Student_6642,2.18,Finance,Senior,126
S06643,Student_6643,2.51,AI,Senior,60
S06644,Student_6644,2.77,Data Science,Junior,107
S06645,Student_6645,3.29,IT,Junior,85
S06646,Student_6646,2.08,IT,Freshman,88
S06647,Student_6647,3.73,AI,Freshman,79
S06648,Student_6648,3.49,SE,Freshman,77
S06649,Student_6649,2.03,IT,Freshman,101
S06650,Student_6650,2.13,CS,Freshman,123
S06651,Student_6651,1.84,IT,Sophomore,46
S06652,Student_6652,3.19,IT,Senior,22
S06653,Student_6653,2.77,Data Science,Sophomore,62
S06654,Student_6654,2.2,CS,Junior,88
S06655,Student_6655,3.54,SE,Sophomore,18
S06656,Student_6656,1.74,SE,Sophomore,45
S06657,Student_6657,3.39,Data Science,Freshman,104
S06658,Student_6658,3.49,IT,Senior,24
S06659,Student_6659,3.73,SE,Sophomore,113
S06660,Student_6660,3.32,AI,Junior,19
S06661,Student_6661,2.88,Finance,Freshman,110
S06662,Student_6662,2.04,Business,Senior,55
S06663,Student_6663,3.07,SE,Freshman,106
S06664,Student_6664,3.96,AI,Freshman,38
S06665,Student_6665,1.79,Business,Senior,75
S06666,Student_6666,3.06,AI,Sophomore,19
S06667,Student_6667,3.37,AI,Freshman,127
S06668,Student_6668,3.08,IT,Senior,45
S06669,Student_6669,3.34,CS,Senior,62
S06670,Student_6670,2.03,Finance,Junior,61
S06671,Student_6671,2.22,Data Science,Senior,140
S06672,Student_6672,2.88,CS,Sophomore,2
S06673,Student_6673,2.06,Finance,Junior,63
S06674,Student_6674,3.8,AI,Senior,78
S06675,Student_6675,2.54,IT,Freshman,126
S06676,Student_6676,2.75,Business,Junior,69
S06677,Student_6677,3.09,IT,Sophomore,1
S06678,Student_6678,2.25,AI,Senior,39
S06679,Student_6679,1.59,IT,Junior,32
S06680,Student_6680,1.77,Business,Freshman,65
S06681,Student_6681,1.83,SE,Freshman,90
S06682,Student_6682,3.96,IT,Sophomore,110
S06683,Student_6683,1.85,CS,Freshman,89
S06684,Student_6684,2.12,CS,Sophomore,23
S06685,Student_6685,3.92,SE,Junior,131
S06686,Student_6686,1.89,IT,Freshman,70
S06687,Student_6687,1.68,Business,Junior,66
S06688,Student_6688,1.82,SE,Sophomore,61
S06689,Student_6689,2.15,CS,Freshman,29
S06690,Student_6690,1.63,IT,Junior,3
S06691,Student_6691,2.42,IT,Sophomore,36
S06692,Student_6692,3.72,SE,Junior,21
S06693,Student_6693,2.98,Data Science,Freshman,75
S06694,Student_6694,2.65,SE,Sophomore,59
S06695,Student_6695,3.41,AI,Junior,107
S06696,Student_6696,3.12,Data Science,Senior,58
S06697,Student_6697,2.57,Business,Freshman,10
S06698,Student_6698,2.3,AI,Freshman,11
S06699,Student_6699,2.68,IT,Freshman,33
S06700,Student_6700,3.09,SE,Senior,41
S06701,Student_6701,2.0,Finance,Senior,38
S06702,Student_6702,2.56,SE,Sophomore,69
S06703,Student_6703,3.73,AI,Junior,28
S06704,Student_6704,3.03,AI,Freshman,0
S06705,Student_6705,3.39,Business,Senior,65
S06706,Student_6706,3.03,Business,Senior,58
S06707,Student_6707,3.06,Finance,Sophomore,119
S06708,Student_6708,3.38,Business,Freshman,53
S06709,Student_6709,3.43,CS,Senior,135
S06710,Student_6710,2.68,AI,Sophomore,63
S06711,Student_6711,3.42,SE,Junior,63
S06712,Student_6712,2.15,CS,Senior,111
S06713,Student_6713,1.93,SE,Senior,102
S06714,Student_6714,3.32,SE,Senior,86
S06715,Student_6715,2.21,SE,Junior,137
S06716,Student_6716,3.27,CS,Freshman,81
S06717,Student_6717,2.97,IT,Senior,23
S06718,Student_6718,3.77,AI,Freshman,52
S06719,Student_6719,3.75,CS,Sophomore,22
S06720,Student_6720,3.85,IT,Junior,136
S06721,Student_6721,3.23,Data Science,Senior,52
S06722,Student_6722,1.76,IT,Senior,9
S06723,Student_6723,2.93,AI,Freshman,97
S06724,Student_6724,3.42,Data Science,Junior,94
S06725,Student_6725,3.07,AI,Senior,56
S06726,Student_6726,1.73,CS,Sophomore,131
S06727,Student_6727,2.3,SE,Senior,67
S06728,Student_6728,2.95,Finance,Sophomore,34
S06729,Student_6729,3.57,AI,Freshman,62
S06730,Student_6730,2.04,Data Science,Sophomore,36
S06731,Student_6731,2.09,Data Science,Junior,123
S06732,Student_6732,3.12,Finance,Freshman,68
S06733,Student_6733,1.93,Data Science,Sophomore,50
S06734,Student_6734,1.86,Data Science,Senior,69
S06735,Student_6735,3.3,AI,Freshman,40
S06736,Student_6736,3.9,Finance,Sophomore,46
S06737,Student_6737,3.74,Data Science,Senior,138
S06738,Student_6738,2.8,CS,Senior,78
S06739,Student_6739,3.52,Finance,Sophomore,8
S06740,Student_6740,1.75,Finance,Junior,107
S06741,Student_6741,1.96,Finance,Sophomore,84
S06742,Student_6742,3.81,Finance,Sophomore,67
S06743,Student_6743,1.53,Finance,Freshman,111
S06744,Student_6744,1.59,CS,Junior,43
S06745,Student_6745,1.79,CS,Sophomore,1
S06746,Student_6746,3.26,SE,Senior,101
S06747,Student_6747,1.67,IT,Senior,111
S06748,Student_6748,4.0,IT,Junior,99
S06749,Student_6749,3.01,AI,Freshman,50
S06750,Student_6750,1.89,Data Science,Freshman,9
S06751,Student_6751,2.52,AI,Sophomore,139
S06752,Student_6752,2.2,SE,Senior,75
S06753,Student_6753,2.98,Data Science,Freshman,137
S06754,Student_6754,3.95,IT,Sophomore,85
S06755,Student_6755,2.9,Finance,Senior,95
S06756,Student_6756,2.17,AI,Junior,127
S06757,Student_6757,3.48,Business,Junior,39
S06758,Student_6758,2.47,IT,Junior,129
S06759,Student_6759,3.15,Data Science,Freshman,55
S06760,Student_6760,2.03,SE,Junior,30
S06761,Student_6761,2.42,IT,Freshman,49
S06762,Student_6762,3.57,Finance,Freshman,2
S06763,Student_6763,1.86,Business,Freshman,5
S06764,Student_6764,3.8,IT,Freshman,112
S06765,Student_6765,3.11,CS,Senior,69
S06766,Student_6766,3.87,CS,Freshman,115
S06767,Student_6767,2.13,SE,Freshman,57
S06768,Student_6768,3.76,SE,Freshman,121
S06769,Student_6769,3.68,AI,Junior,132
S06770,Student_6770,3.18,CS,Senior,70
S06771,Student_6771,3.88,Business,Freshman,58
S06772,Student_6772,2.19,AI,Junior,117
S06773,Student_6773,2.65,AI,Freshman,11
S06774,Student_6774,1.88,Finance,Senior,75
S06775,Student_6775,1.98,AI,Senior,132
S06776,Student_6776,2.81,AI,Freshman,3
S06777,Student_6777,3.81,SE,Freshman,77
S06778,Student_6778,2.81,Finance,Freshman,55
S06779,Student_6779,3.51,CS,Freshman,10
S06780,Student_6780,3.33,Finance,Freshman,126
S06781,Student_6781,2.01,Business,Senior,61
S06782,Student_6782,2.45,Finance,Senior,47
S06783,Student_6783,1.97,CS,Senior,36
S06784,Student_6784,3.02,SE,Freshman,61
S06785,Student_6785,2.67,Data Science,Sophomore,24
S06786,Student_6786,3.57,CS,Junior,73
S06787,Student_6787,3.9,Finance,Junior,62
S06788,Student_6788,1.74,AI,Junior,90
S06789,Student_6789,3.68,Data Science,Sophomore,83
S06790,Student_6790,1.82,Business,Senior,46
S06791,Student_6791,2.29,SE,Junior,8
S06792,Student_6792,3.27,AI,Senior,10
S06793,Student_6793,2.72,Data Science,Junior,118
S06794,Student_6794,2.37,IT,Junior,113
S06795,Student_6795,3.64,CS,Freshman,90
S06796,Student_6796,1.95,AI,Freshman,135
S06797,Student_6797,3.83,Finance,Sophomore,118
S06798,Student_6798,3.08,CS,Senior,138
S06799,Student_6799,2.43,Business,Freshman,119
S06800,Student_6800,2.07,Data Science,Sophomore,82
S06801,Student_6801,1.69,Business,Sophomore,12
S06802,Student_6802,2.8,CS,Sophomore,125
S06803,Student_6803,2.2,Business,Freshman,98
S06804,Student_6804,2.68,Data Science,Freshman,50
S06805,Student_6805,2.55,CS,Freshman,46
S06806,Student_6806,1.67,Finance,Sophomore,77
S06807,Student_6807,3.13,Data Science,Freshman,109
S06808,Student_6808,2.88,Finance,Junior,81
S06809,Student_6809,2.35,IT,Sophomore,119
S06810,Student_6810,3.52,AI,Senior,102
S06811,Student_6811,2.02,IT,Freshman,110
S06812,Student_6812,2.27,AI,Sophomore,39
S06813,Student_6813,2.62,IT,Freshman,14
S06814,Student_6814,3.96,Data Science,Freshman,0
S06815,Student_6815,1.85,Data Science,Freshman,48
S06816,Student_6816,3.83,CS,Senior,133
S06817,Student_6817,2.29,Finance,Senior,33
S06818,Student_6818,1.69,Business,Junior,56
S06819,Student_6819,1.65,Data Science,Junior,61
S06820,Student_6820,3.49,Business,Senior,55
S06821,Student_6821,2.81,AI,Freshman,23
S06822,Student_6822,2.44,Finance,Sophomore,122
S06823,Student_6823,3.58,SE,Freshman,73
S06824,Student_6824,3.81,IT,Freshman,28
S06825,Student_6825,3.14,Data Science,Junior,23
S06826,Student_6826,2.89,AI,Freshman,117
S06827,Student_6827,2.77,CS,Sophomore,75
S06828,Student_6828,3.19,Data Science,Junior,85
S06829,Student_6829,3.36,IT,Sophomore,80
S06830,Student_6830,2.51,IT,Freshman,22
S06831,Student_6831,3.13,Finance,Senior,99
S06832,Student_6832,1.69,AI,Junior,128
S06833,Student_6833,2.86,Finance,Senior,82
S06834,Student_6834,2.2,Data Science,Senior,22
S06835,Student_6835,1.55,CS,Sophomore,43
S06836,Student_6836,2.49,AI,Freshman,134
S06837,Student_6837,2.88,Business,Freshman,99
S06838,Student_6838,2.91,Business,Junior,128
S06839,Student_6839,2.01,SE,Senior,13
S06840,Student_6840,1.74,Data Science,Senior,59
S06841,Student_6841,2.78,AI,Senior,126
S06842,Student_6842,2.25,Business,Junior,9
S06843,Student_6843,3.82,CS,Sophomore,83
S06844,Student_6844,3.05,AI,Freshman,112
S06845,Student_6845,2.61,SE,Freshman,25
S06846,Student_6846,2.52,AI,Junior,68
S06847,Student_6847,3.83,SE,Sophomore,44
S06848,Student_6848,3.73,AI,Senior,50
S06849,Student_6849,1.68,Finance,Senior,56
S06850,Student_6850,2.29,Finance,Senior,107
S06851,Student_6851,3.18,AI,Freshman,101
S06852,Student_6852,2.71,Finance,Sophomore,4
S06853,Student_6853,3.64,Business,Sophomore,108
S06854,Student_6854,2.85,IT,Junior,7
S06855,Student_6855,3.91,SE,Sophomore,138
S06856,Student_6856,3.93,Business,Junior,83
S06857,Student_6857,3.38,SE,Freshman,36
S06858,Student_6858,3.77,Data Science,Junior,140
S06859,Student_6859,3.4,AI,Senior,76
S06860,Student_6860,3.04,IT,Senior,68
S06861,Student_6861,3.84,Finance,Senior,7
S06862,Student_6862,3.52,CS,Sophomore,100
S06863,Student_6863,3.68,IT,Sophomore,28
S06864,Student_6864,3.01,Data Science,Sophomore,110
S06865,Student_6865,2.55,Finance,Senior,65
S06866,Student_6866,2.29,AI,Freshman,57
S06867,Student_6867,2.43,AI,Freshman,32
S06868,Student_6868,1.69,Business,Freshman,20
S06869,Student_6869,3.21,CS,Freshman,115
S06870,Student_6870,3.46,SE,Junior,17
S06871,Student_6871,3.88,Data Science,Senior,101
S06872,Student_6872,2.6,IT,Sophomore,5
S06873,Student_6873,2.85,Finance,Sophomore,23
S06874,Student_6874,2.69,Finance,Junior,120
S06875,Student_6875,3.46,SE,Freshman,11
S06876,Student_6876,1.54,Data Science,Sophomore,73
S06877,Student_6877,3.93,Data Science,Sophomore,133
S06878,Student_6878,2.48,Finance,Junior,44
S06879,Student_6879,3.18,IT,Senior,98
S06880,Student_6880,3.3,AI,Senior,134
S06881,Student_6881,1.5,IT,Sophomore,90
S06882,Student_6882,3.26,IT,Freshman,130
S06883,Student_6883,2.68,Data Science,Senior,80
S06884,Student_6884,2.11,CS,Junior,51
S06885,Student_6885,3.89,IT,Freshman,109
S06886,Student_6886,3.71,Business,Junior,70
S06887,Student_6887,3.22,CS,Senior,103
S06888,Student_6888,3.52,Finance,Senior,34
S06889,Student_6889,2.29,Business,Junior,46
S06890,Student_6890,3.74,SE,Freshman,129
S06891,Student_6891,3.28,IT,Freshman,123
S06892,Student_6892,3.13,Data Science,Senior,64
S06893,Student_6893,3.14,Business,Sophomore,72
S06894,Student_6894,1.69,IT,Junior,88
S06895,Student_6895,3.14,AI,Junior,40
S06896,Student_6896,2.09,AI,Junior,123
S06897,Student_6897,2.13,Data Science,Sophomore,114
S06898,Student_6898,2.65,Finance,Sophomore,12
S06899,Student_6899,2.78,AI,Freshman,119
S06900,Student_6900,2.0,Finance,Sophomore,130
S06901,Student_6901,2.2,Finance,Senior,126
S06902,Student_6902,2.86,SE,Sophomore,19
S06903,Student_6903,3.59,Data Science,Sophomore,129
S06904,Student_6904,1.6,SE,Sophomore,128
S06905,Student_6905,3.38,IT,Freshman,34
S06906,Student_6906,2.05,AI,Junior,135
S06907,Student_6907,2.08,SE,Sophomore,125
S06908,Student_6908,1.83,Finance,Sophomore,2
S06909,Student_6909,2.87,Data Science,Freshman,87
S06910,Student_6910,1.77,CS,Sophomore,28
S06911,Student_6911,2.13,IT,Junior,10
S06912,Student_6912,1.85,Business,Senior,62
S06913,Student_6913,3.23,Business,Junior,67
S06914,Student_6914,2.12,Data Science,Sophomore,64
S06915,Student_6915,2.52,SE,Junior,27
S06916,Student_6916,3.81,Finance,Senior,6
S06917,Student_6917,2.88,AI,Sophomore,61
S06918,Student_6918,2.06,AI,Junior,105
S06919,Student_6919,1.97,Business,Junior,10
S06920,Student_6920,3.85,Data Science,Freshman,20
S06921,Student_6921,1.95,IT,Freshman,33
S06922,Student_6922,1.9,Data Science,Junior,58
S06923,Student_6923,2.55,Business,Freshman,4
S06924,Student_6924,2.53,CS,Junior,109
S06925,Student_6925,2.28,SE,Junior,134
S06926,Student_6926,3.01,AI,Junior,114
S06927,Student_6927,3.19,IT,Senior,34
S06928,Student_6928,3.14,IT,Freshman,112
S06929,Student_6929,2.58,Data Science,Sophomore,128
S06930,Student_6930,1.8,CS,Sophomore,61
S06931,Student_6931,3.03,SE,Sophomore,138
S06932,Student_6932,2.42,IT,Freshman,22
S06933,Student_6933,2.85,IT,Junior,127
S06934,Student_6934,3.12,SE,Freshman,14
S06935,Student_6935,2.58,IT,Junior,5
S06936,Student_6936,1.72,AI,Senior,60
S06937,Student_6937,1.98,Finance,Sophomore,25
S06938,Student_6938,2.19,SE,Freshman,45
S06939,Student_6939,2.69,SE,Sophomore,64
S06940,Student_6940,1.63,CS,Sophomore,69
S06941,Student_6941,3.69,Business,Senior,100
S06942,Student_6942,3.63,AI,Junior,15
S06943,Student_6943,2.32,AI,Senior,89
S06944,Student_6944,1.58,SE,Freshman,48
S06945,Student_6945,2.39,Finance,Freshman,83
S06946,Student_6946,3.15,Business,Junior,96
S06947,Student_6947,1.89,AI,Sophomore,118
S06948,Student_6948,3.51,Data Science,Senior,17
S06949,Student_6949,2.56,Finance,Junior,7
S06950,Student_6950,2.95,CS,Sophomore,45
S06951,Student_6951,3.42,SE,Senior,100
S06952,Student_6952,2.63,CS,Freshman,97
S06953,Student_6953,3.46,Business,Senior,96
S06954,Student_6954,2.99,Finance,Junior,43
S06955,Student_6955,3.91,Finance,Junior,138
S06956,Student_6956,3.16,IT,Senior,140
S06957,Student_6957,2.14,Data Science,Sophomore,76
S06958,Student_6958,3.05,Business,Freshman,67
S06959,Student_6959,2.74,SE,Junior,12
S06960,Student_6960,2.88,Data Science,Senior,107
S06961,Student_6961,1.87,AI,Freshman,5
S06962,Student_6962,2.75,SE,Freshman,85
S06963,Student_6963,3.68,Finance,Sophomore,38
S06964,Student_6964,2.24,Finance,Freshman,15
S06965,Student_6965,3.73,Finance,Senior,106
S06966,Student_6966,3.09,SE,Freshman,33
S06967,Student_6967,3.0,Data Science,Freshman,110
S06968,Student_6968,3.37,SE,Sophomore,77
S06969,Student_6969,3.87,CS,Junior,125
S06970,Student_6970,1.66,Finance,Sophomore,9
S06971,Student_6971,1.74,Data Science,Sophomore,61
S06972,Student_6972,3.8,IT,Freshman,30
S06973,Student_6973,1.91,Finance,Sophomore,65
S06974,Student_6974,1.87,AI,Freshman,49
S06975,Student_6975,2.02,CS,Freshman,139
S06976,Student_6976,3.34,CS,Sophomore,78
S06977,Student_6977,3.76,SE,Sophomore,128
S06978,Student_6978,2.49,SE,Junior,138
S06979,Student_6979,3.68,Data Science,Senior,10
S06980,Student_6980,2.49,IT,Junior,103
S06981,Student_6981,2.91,SE,Sophomore,99
S06982,Student_6982,2.9,Data Science,Sophomore,98
S06983,Student_6983,2.65,Data Science,Junior,107
S06984,Student_6984,2.63,AI,Freshman,139
S06985,Student_6985,2.93,SE,Freshman,97
S06986,Student_6986,3.32,CS,Senior,77
S06987,Student_6987,1.75,Business,Senior,123
S06988,Student_6988,2.73,Finance,Senior,32
S06989,Student_6989,3.34,Data Science,Senior,105
S06990,Student_6990,3.79,IT,Freshman,112
S06991,Student_6991,3.41,AI,Senior,123
S06992,Student_6992,2.42,IT,Sophomore,91
S06993,Student_6993,2.84,Data Science,Senior,44
S06994,Student_6994,1.76,AI,Freshman,3
S06995,Student_6995,3.33,Finance,Sophomore,132
S06996,Student_6996,3.66,Business,Sophomore,33
S06997,Student_6997,1.97,Data Science,Senior,6
S06998,Student_6998,2.91,SE,Junior,7
S06999,Student_6999,1.51,AI,Sophomore,87
S07000,Student_7000,3.6,AI,Junior,51
S07001,Student_7001,3.39,Business,Senior,104
S07002,Student_7002,3.69,AI,Freshman,111
S07003,Student_7003,3.33,Data Science,Senior,38
S07004,Student_7004,3.5,CS,Freshman,115
S07005,Student_7005,2.54,CS,Senior,106
S07006,Student_7006,1.64,Business,Senior,110
S07007,Student_7007,3.29,CS,Junior,45
S07008,Student_7008,1.64,SE,Freshman,134
S07009,Student_7009,2.73,Data Science,Freshman,57
S07010,Student_7010,2.28,AI,Senior,2
S07011,Student_7011,3.85,SE,Senior,32
S07012,Student_7012,2.1,Data Science,Freshman,77
S07013,Student_7013,1.97,AI,Sophomore,124
S07014,Student_7014,2.36,Data Science,Sophomore,136
S07015,Student_7015,3.14,Data Science,Junior,60
S07016,Student_7016,2.46,Business,Sophomore,134
S07017,Student_7017,3.42,CS,Freshman,70
S07018,Student_7018,1.7,IT,Freshman,52
S07019,Student_7019,3.44,IT,Freshman,49
S07020,Student_7020,3.18,Business,Senior,83
S07021,Student_7021,3.07,IT,Senior,69
S07022,Student_7022,2.43,Data Science,Freshman,82
S07023,Student_7023,2.27,CS,Senior,54
S07024,Student_7024,2.01,Finance,Freshman,41
S07025,Student_7025,3.44,Business,Junior,9
S07026,Student_7026,2.79,SE,Freshman,13
S07027,Student_7027,2.75,Business,Sophomore,101
S07028,Student_7028,3.6,Business,Sophomore,7
S07029,Student_7029,3.46,Data Science,Freshman,130
S07030,Student_7030,3.35,AI,Freshman,101
S07031,Student_7031,2.94,Finance,Freshman,95
S07032,Student_7032,1.98,Finance,Sophomore,7
S07033,Student_7033,2.93,IT,Senior,70
S07034,Student_7034,3.6,Business,Freshman,36
S07035,Student_7035,2.1,CS,Senior,4
S07036,Student_7036,3.47,IT,Senior,54
S07037,Student_7037,2.29,CS,Sophomore,85
S07038,Student_7038,3.33,Finance,Junior,22
S07039,Student_7039,2.99,Data Science,Junior,127
S07040,Student_7040,3.12,AI,Senior,108
S07041,Student_7041,3.04,Data Science,Freshman,94
S07042,Student_7042,3.57,Data Science,Senior,69
S07043,Student_7043,2.74,IT,Junior,70
S07044,Student_7044,2.55,Finance,Senior,99
S07045,Student_7045,3.2,AI,Senior,12
S07046,Student_7046,2.83,Data Science,Senior,89
S07047,Student_7047,3.46,CS,Sophomore,58
S07048,Student_7048,2.8,IT,Junior,5
S07049,Student_7049,3.97,Business,Freshman,44
S07050,Student_7050,2.73,Business,Freshman,107
S07051,Student_7051,3.22,CS,Junior,120
S07052,Student_7052,2.36,SE,Junior,109
S07053,Student_7053,2.56,Data Science,Senior,20
S07054,Student_7054,2.43,AI,Freshman,44
S07055,Student_7055,3.79,Data Science,Sophomore,39
S07056,Student_7056,1.67,SE,Freshman,66
S07057,Student_7057,2.11,Finance,Sophomore,55
S07058,Student_7058,2.73,SE,Junior,120
S07059,Student_7059,3.49,IT,Junior,82
S07060,Student_7060,3.44,IT,Junior,117
S07061,Student_7061,3.03,CS,Senior,52
S07062,Student_7062,2.62,Finance,Junior,47
S07063,Student_7063,2.62,Business,Freshman,57
S07064,Student_7064,1.96,Business,Freshman,98
S07065,Student_7065,3.24,AI,Senior,98
S07066,Student_7066,2.84,AI,Senior,8
S07067,Student_7067,2.47,CS,Sophomore,55
S07068,Student_7068,2.01,Finance,Junior,12
S07069,Student_7069,1.75,Business,Junior,59
S07070,Student_7070,3.44,IT,Sophomore,38
S07071,Student_7071,3.75,CS,Freshman,34
S07072,Student_7072,2.26,AI,Senior,24
S07073,Student_7073,2.13,AI,Senior,139
S07074,Student_7074,1.91,Finance,Sophomore,55
S07075,Student_7075,2.4,CS,Freshman,12
S07076,Student_7076,2.51,SE,Freshman,37
S07077,Student_7077,1.67,AI,Senior,79
S07078,Student_7078,3.45,Business,Junior,121
S07079,Student_7079,1.94,SE,Sophomore,97
S07080,Student_7080,3.82,Data Science,Freshman,121
S07081,Student_7081,2.27,CS,Senior,103
S07082,Student_7082,1.69,AI,Sophomore,37
S07083,Student_7083,3.57,Data Science,Sophomore,18
S07084,Student_7084,3.16,Finance,Senior,65
S07085,Student_7085,1.64,AI,Junior,22
S07086,Student_7086,3.03,Data Science,Junior,96
S07087,Student_7087,2.04,Data Science,Sophomore,127
S07088,Student_7088,1.54,Finance,Junior,57
S07089,Student_7089,3.12,Business,Junior,14
S07090,Student_7090,3.35,Finance,Senior,12
S07091,Student_7091,2.99,CS,Senior,89
S07092,Student_7092,2.9,IT,Junior,73
S07093,Student_7093,2.96,CS,Junior,98
S07094,Student_7094,1.69,Business,Freshman,121
S07095,Student_7095,2.8,IT,Freshman,105
S07096,Student_7096,1.81,AI,Senior,22
S07097,Student_7097,2.77,IT,Sophomore,74
S07098,Student_7098,2.7,Data Science,Senior,14
S07099,Student_7099,3.47,IT,Sophomore,120
S07100,Student_7100,2.44,CS,Junior,85
S07101,Student_7101,2.31,AI,Junior,6
S07102,Student_7102,3.94,IT,Junior,31
S07103,Student_7103,3.05,Business,Sophomore,20
S07104,Student_7104,1.72,IT,Sophomore,94
S07105,Student_7105,3.21,SE,Sophomore,92
S07106,Student_7106,3.27,Finance,Sophomore,1
S07107,Student_7107,3.03,Finance,Freshman,137
S07108,Student_7108,2.72,Finance,Freshman,11
S07109,Student_7109,3.53,CS,Junior,117
S07110,Student_7110,3.67,AI,Senior,60
S07111,Student_7111,2.5,Finance,Senior,11
S07112,Student_7112,2.53,Business,Freshman,77
S07113,Student_7113,1.56,IT,Junior,124
S07114,Student_7114,3.11,CS,Freshman,113
S07115,Student_7115,3.44,AI,Freshman,101
S07116,Student_7116,1.58,AI,Junior,8
S07117,Student_7117,2.14,IT,Junior,127
S07118,Student_7118,3.54,AI,Sophomore,66
S07119,Student_7119,2.44,Data Science,Senior,103
S07120,Student_7120,3.71,CS,Senior,47
S07121,Student_7121,3.58,AI,Senior,48
S07122,Student_7122,2.96,Business,Freshman,29
S07123,Student_7123,3.57,SE,Senior,27
S07124,Student_7124,2.62,IT,Senior,32
S07125,Student_7125,3.95,Finance,Senior,116
S07126,Student_7126,3.04,Finance,Junior,16
S07127,Student_7127,3.57,Business,Freshman,119
S07128,Student_7128,2.48,Business,Junior,103
S07129,Student_7129,3.87,SE,Senior,2
S07130,Student_7130,2.1,SE,Senior,32
S07131,Student_7131,1.7,AI,Sophomore,131
S07132,Student_7132,1.79,IT,Senior,15
S07133,Student_7133,2.62,Finance,Freshman,73
S07134,Student_7134,2.06,SE,Sophomore,74
S07135,Student_7135,3.5,SE,Freshman,12
S07136,Student_7136,2.8,Finance,Freshman,134
S07137,Student_7137,2.51,AI,Senior,124
S07138,Student_7138,2.86,Finance,Sophomore,50
S07139,Student_7139,3.08,Finance,Junior,25
S07140,Student_7140,1.88,Data Science,Junior,84
S07141,Student_7141,1.75,AI,Sophomore,65
S07142,Student_7142,2.15,SE,Sophomore,130
S07143,Student_7143,2.06,Business,Junior,22
S07144,Student_7144,3.79,Business,Sophomore,33
S07145,Student_7145,2.26,SE,Junior,16
S07146,Student_7146,2.52,Data Science,Senior,91
S07147,Student_7147,2.72,SE,Junior,66
S07148,Student_7148,2.17,Business,Freshman,131
S07149,Student_7149,1.85,IT,Freshman,90
S07150,Student_7150,3.64,IT,Sophomore,115
S07151,Student_7151,3.75,Business,Freshman,32
S07152,Student_7152,3.03,IT,Senior,115
S07153,Student_7153,2.23,Data Science,Sophomore,103
S07154,Student_7154,3.47,SE,Senior,131
S07155,Student_7155,3.28,AI,Senior,71
S07156,Student_7156,2.48,Data Science,Freshman,15
S07157,Student_7157,3.41,IT,Senior,101
S07158,Student_7158,2.13,Finance,Junior,138
S07159,Student_7159,2.34,CS,Sophomore,94
S07160,Student_7160,1.55,Data Science,Sophomore,117
S07161,Student_7161,2.52,CS,Sophomore,117
S07162,Student_7162,1.73,Data Science,Junior,46
S07163,Student_7163,3.71,Finance,Freshman,63
S07164,Student_7164,3.9,Data Science,Sophomore,58
S07165,Student_7165,3.95,IT,Freshman,12
S07166,Student_7166,3.05,AI,Sophomore,93
S07167,Student_7167,3.58,IT,Sophomore,55
S07168,Student_7168,3.12,Finance,Freshman,130
S07169,Student_7169,2.14,Business,Freshman,137
S07170,Student_7170,2.75,AI,Junior,2
S07171,Student_7171,2.78,Finance,Junior,95
S07172,Student_7172,2.65,SE,Junior,62
S07173,Student_7173,1.74,AI,Freshman,4
S07174,Student_7174,2.15,IT,Freshman,110
S07175,Student_7175,1.75,Business,Senior,93
S07176,Student_7176,1.64,Finance,Junior,6
S07177,Student_7177,3.53,SE,Sophomore,54
S07178,Student_7178,2.5,AI,Sophomore,9
S07179,Student_7179,2.96,SE,Senior,89
S07180,Student_7180,3.47,Data Science,Sophomore,20
S07181,Student_7181,2.19,IT,Senior,126
S07182,Student_7182,1.51,CS,Senior,137
S07183,Student_7183,3.36,SE,Senior,13
S07184,Student_7184,2.64,SE,Sophomore,52
S07185,Student_7185,3.98,AI,Sophomore,32
S07186,Student_7186,2.38,IT,Sophomore,140
S07187,Student_7187,2.54,CS,Senior,73
S07188,Student_7188,3.68,Finance,Freshman,51
S07189,Student_7189,2.7,Business,Sophomore,81
S07190,Student_7190,2.08,Data Science,Freshman,53
S07191,Student_7191,2.28,Data Science,Junior,67
S07192,Student_7192,2.83,CS,Sophomore,39
S07193,Student_7193,1.81,Finance,Freshman,119
S07194,Student_7194,2.7,CS,Junior,69
S07195,Student_7195,2.21,Data Science,Freshman,77
S07196,Student_7196,2.7,Finance,Freshman,24
S07197,Student_7197,3.18,AI,Freshman,35
S07198,Student_7198,2.31,IT,Senior,9
S07199,Student_7199,2.85,SE,Freshman,91
S07200,Student_7200,3.27,Finance,Sophomore,63
S07201,Student_7201,2.97,Finance,Junior,71
S07202,Student_7202,2.3,CS,Sophomore,39
S07203,Student_7203,1.84,CS,Freshman,11
S07204,Student_7204,3.7,Data Science,Sophomore,10
S07205,Student_7205,2.72,SE,Senior,135
S07206,Student_7206,3.96,CS,Sophomore,108
S07207,Student_7207,2.09,IT,Sophomore,83
S07208,Student_7208,2.36,Business,Junior,77
S07209,Student_7209,3.17,Business,Freshman,105
S07210,Student_7210,3.65,Business,Senior,23
S07211,Student_7211,2.64,IT,Freshman,99
S07212,Student_7212,3.6,IT,Senior,72
S07213,Student_7213,2.08,IT,Senior,116
S07214,Student_7214,2.08,Business,Freshman,85
S07215,Student_7215,3.69,Business,Sophomore,133
S07216,Student_7216,2.6,Data Science,Junior,113
S07217,Student_7217,3.53,AI,Freshman,56
S07218,Student_7218,2.3,CS,Senior,52
S07219,Student_7219,2.76,IT,Junior,48
S07220,Student_7220,2.89,SE,Freshman,104
S07221,Student_7221,1.65,IT,Freshman,126
S07222,Student_7222,3.27,CS,Senior,120
S07223,Student_7223,2.09,IT,Senior,95
S07224,Student_7224,1.69,IT,Freshman,129
S07225,Student_7225,3.92,SE,Sophomore,95
S07226,Student_7226,2.45,Data Science,Freshman,37
S07227,Student_7227,3.84,Data Science,Sophomore,114
S07228,Student_7228,2.38,IT,Freshman,93
S07229,Student_7229,3.38,Data Science,Sophomore,37
S07230,Student_7230,2.86,AI,Junior,138
S07231,Student_7231,2.12,SE,Sophomore,100
S07232,Student_7232,3.55,SE,Junior,138
S07233,Student_7233,3.32,IT,Freshman,16
S07234,Student_7234,3.83,SE,Sophomore,13
S07235,Student_7235,1.79,Finance,Junior,45
S07236,Student_7236,2.01,CS,Freshman,35
S07237,Student_7237,1.75,Business,Freshman,74
S07238,Student_7238,1.96,IT,Senior,14
S07239,Student_7239,3.91,AI,Freshman,72
S07240,Student_7240,2.54,AI,Freshman,87
S07241,Student_7241,3.01,AI,Junior,62
S07242,Student_7242,3.7,Finance,Sophomore,9
S07243,Student_7243,3.14,Business,Sophomore,129
S07244,Student_7244,3.36,SE,Freshman,134
S07245,Student_7245,3.62,SE,Junior,46
S07246,Student_7246,1.97,IT,Sophomore,30
S07247,Student_7247,2.51,SE,Junior,64
S07248,Student_7248,2.84,SE,Junior,119
S07249,Student_7249,3.78,Data Science,Freshman,57
S07250,Student_7250,3.17,Data Science,Sophomore,113
S07251,Student_7251,2.22,Data Science,Senior,57
S07252,Student_7252,1.79,CS,Sophomore,101
S07253,Student_7253,3.91,AI,Freshman,136
S07254,Student_7254,3.93,AI,Freshman,104
S07255,Student_7255,2.72,IT,Sophomore,5
S07256,Student_7256,2.73,Business,Junior,28
S07257,Student_7257,3.87,CS,Freshman,63
S07258,Student_7258,3.35,Business,Senior,138
S07259,Student_7259,1.54,Business,Sophomore,112
S07260,Student_7260,1.87,IT,Junior,119
S07261,Student_7261,1.7,IT,Sophomore,33
S07262,Student_7262,2.51,AI,Junior,79
S07263,Student_7263,2.15,IT,Freshman,61
S07264,Student_7264,1.96,Data Science,Junior,11
S07265,Student_7265,2.89,Data Science,Freshman,121
S07266,Student_7266,2.28,AI,Freshman,112
S07267,Student_7267,1.78,CS,Senior,34
S07268,Student_7268,1.63,AI,Sophomore,114
S07269,Student_7269,3.85,Business,Freshman,6
S07270,Student_7270,3.24,Business,Sophomore,91
S07271,Student_7271,1.64,SE,Senior,47
S07272,Student_7272,2.97,CS,Junior,84
S07273,Student_7273,1.61,CS,Senior,82
S07274,Student_7274,1.9,IT,Freshman,94
S07275,Student_7275,1.75,Business,Freshman,27
S07276,Student_7276,2.04,Finance,Freshman,51
S07277,Student_7277,2.34,Finance,Freshman,61
S07278,Student_7278,2.87,IT,Sophomore,49
S07279,Student_7279,3.84,SE,Freshman,105
S07280,Student_7280,3.64,CS,Sophomore,71
S07281,Student_7281,3.65,Data Science,Junior,2
S07282,Student_7282,3.22,SE,Junior,74
S07283,Student_7283,1.68,IT,Junior,7
S07284,Student_7284,3.42,IT,Senior,23
S07285,Student_7285,4.0,AI,Freshman,10
S07286,Student_7286,3.35,Data Science,Freshman,73
S07287,Student_7287,2.68,Data Science,Senior,56
S07288,Student_7288,3.71,Finance,Junior,69
S07289,Student_7289,3.55,Finance,Senior,82
S07290,Student_7290,2.48,Finance,Freshman,60
S07291,Student_7291,2.23,Data Science,Junior,104
S07292,Student_7292,3.97,SE,Junior,102
S07293,Student_7293,1.54,AI,Sophomore,97
S07294,Student_7294,2.13,Finance,Senior,78
S07295,Student_7295,2.89,AI,Junior,88
S07296,Student_7296,1.9,AI,Senior,35
S07297,Student_7297,2.04,IT,Senior,81
S07298,Student_7298,1.62,Finance,Sophomore,32
S07299,Student_7299,2.4,SE,Junior,52
S07300,Student_7300,2.42,SE,Sophomore,140
S07301,Student_7301,3.56,CS,Senior,112
S07302,Student_7302,2.36,Data Science,Sophomore,12
S07303,Student_7303,3.54,Finance,Junior,23
S07304,Student_7304,2.87,Finance,Junior,14
S07305,Student_7305,1.9,CS,Junior,64
S07306,Student_7306,2.63,CS,Senior,111
S07307,Student_7307,1.73,Finance,Sophomore,33
S07308,Student_7308,2.31,Business,Junior,131
S07309,Student_7309,2.93,AI,Sophomore,57
S07310,Student_7310,3.1,Finance,Sophomore,120
S07311,Student_7311,2.0,AI,Sophomore,13
S07312,Student_7312,2.66,Data Science,Sophomore,116
S07313,Student_7313,3.75,Business,Freshman,19
S07314,Student_7314,3.59,AI,Junior,101
S07315,Student_7315,1.57,SE,Senior,124
S07316,Student_7316,3.53,Finance,Freshman,29
S07317,Student_7317,2.94,Finance,Sophomore,80
S07318,Student_7318,2.78,AI,Junior,67
S07319,Student_7319,3.27,CS,Freshman,111
S07320,Student_7320,3.96,Finance,Senior,37
S07321,Student_7321,1.99,CS,Senior,15
S07322,Student_7322,3.02,Finance,Junior,90
S07323,Student_7323,1.6,Data Science,Senior,120
S07324,Student_7324,2.03,IT,Freshman,7
S07325,Student_7325,3.12,AI,Senior,31
S07326,Student_7326,3.71,CS,Freshman,76
S07327,Student_7327,3.08,CS,Sophomore,100
S07328,Student_7328,3.51,CS,Sophomore,117
S07329,Student_7329,3.55,Business,Senior,104
S07330,Student_7330,3.03,IT,Sophomore,65
S07331,Student_7331,3.32,Data Science,Sophomore,50
S07332,Student_7332,3.82,Finance,Junior,61
S07333,Student_7333,2.66,CS,Sophomore,128
S07334,Student_7334,1.88,Finance,Junior,94
S07335,Student_7335,3.29,Business,Junior,127
S07336,Student_7336,3.0,CS,Junior,120
S07337,Student_7337,2.86,AI,Junior,111
S07338,Student_7338,3.1,AI,Junior,111
S07339,Student_7339,2.98,AI,Freshman,15
S07340,Student_7340,2.09,SE,Freshman,38
S07341,Student_7341,1.67,AI,Senior,103
S07342,Student_7342,1.89,Finance,Sophomore,55
S07343,Student_7343,2.29,Business,Senior,79
S07344,Student_7344,1.81,Business,Junior,113
S07345,Student_7345,2.92,AI,Freshman,77
S07346,Student_7346,2.72,AI,Junior,69
S07347,Student_7347,3.74,Data Science,Junior,60
S07348,Student_7348,1.67,AI,Junior,27
S07349,Student_7349,2.23,Finance,Junior,92
S07350,Student_7350,3.94,IT,Freshman,99
S07351,Student_7351,3.56,Business,Junior,127
S07352,Student_7352,2.94,Data Science,Junior,83
S07353,Student_7353,2.98,CS,Freshman,20
S07354,Student_7354,2.3,IT,Freshman,85
S07355,Student_7355,1.71,AI,Junior,99
S07356,Student_7356,2.68,IT,Freshman,2
S07357,Student_7357,1.7,CS,Junior,36
S07358,Student_7358,2.2,Business,Junior,91
S07359,Student_7359,3.06,SE,Junior,137
S07360,Student_7360,2.91,Business,Senior,97
S07361,Student_7361,2.02,Business,Junior,126
S07362,Student_7362,2.9,Business,Sophomore,135
S07363,Student_7363,2.95,AI,Senior,104
S07364,Student_7364,3.03,SE,Senior,125
S07365,Student_7365,3.89,Finance,Sophomore,62
S07366,Student_7366,2.65,CS,Sophomore,31
S07367,Student_7367,3.78,Finance,Senior,110
S07368,Student_7368,3.1,Data Science,Senior,11
S07369,Student_7369,3.0,AI,Sophomore,14
S07370,Student_7370,1.64,CS,Sophomore,61
S07371,Student_7371,2.89,SE,Sophomore,112
S07372,Student_7372,2.18,SE,Junior,30
S07373,Student_7373,3.97,IT,Junior,113
S07374,Student_7374,2.09,Data Science,Freshman,76
S07375,Student_7375,2.91,CS,Sophomore,23
S07376,Student_7376,2.46,IT,Sophomore,41
S07377,Student_7377,3.15,AI,Junior,100
S07378,Student_7378,2.19,SE,Senior,69
S07379,Student_7379,3.37,Business,Freshman,106
S07380,Student_7380,1.63,CS,Junior,72
S07381,Student_7381,1.68,Data Science,Junior,107
S07382,Student_7382,2.2,SE,Junior,6
S07383,Student_7383,2.98,AI,Senior,77
S07384,Student_7384,3.81,Data Science,Sophomore,122
S07385,Student_7385,1.65,Data Science,Sophomore,104
S07386,Student_7386,1.78,Business,Sophomore,75
S07387,Student_7387,2.04,Data Science,Senior,0
S07388,Student_7388,2.71,AI,Freshman,9
S07389,Student_7389,1.51,SE,Sophomore,70
S07390,Student_7390,2.92,Business,Sophomore,4
S07391,Student_7391,2.8,IT,Freshman,13
S07392,Student_7392,1.84,IT,Senior,30
S07393,Student_7393,3.66,IT,Freshman,82
S07394,Student_7394,3.74,Data Science,Sophomore,106
S07395,Student_7395,3.64,Data Science,Freshman,131
S07396,Student_7396,1.88,AI,Sophomore,86
S07397,Student_7397,2.13,AI,Senior,50
S07398,Student_7398,3.03,IT,Freshman,140
S07399,Student_7399,1.57,AI,Sophomore,45
S07400,Student_7400,3.25,Data Science,Sophomore,93
S07401,Student_7401,2.62,CS,Junior,114
S07402,Student_7402,3.83,Finance,Freshman,131
S07403,Student_7403,2.32,Data Science,Freshman,99
S07404,Student_7404,3.78,AI,Senior,137
S07405,Student_7405,2.44,Finance,Junior,12
S07406,Student_7406,1.93,Data Science,Junior,28
S07407,Student_7407,1.54,Finance,Junior,24
S07408,Student_7408,2.12,Data Science,Senior,67
S07409,Student_7409,1.71,Finance,Freshman,132
S07410,Student_7410,1.82,SE,Senior,92
S07411,Student_7411,3.7,Data Science,Freshman,139
S07412,Student_7412,2.08,IT,Freshman,74
S07413,Student_7413,2.2,IT,Senior,68
S07414,Student_7414,2.52,IT,Junior,74
S07415,Student_7415,2.43,SE,Freshman,108
S07416,Student_7416,2.02,Finance,Freshman,128
S07417,Student_7417,3.62,SE,Freshman,60
S07418,Student_7418,3.3,CS,Freshman,93
S07419,Student_7419,3.58,SE,Senior,134
S07420,Student_7420,1.78,Business,Freshman,81
S07421,Student_7421,1.76,SE,Senior,70
S07422,Student_7422,2.95,SE,Senior,127
S07423,Student_7423,1.87,Business,Senior,119
S07424,Student_7424,2.74,IT,Sophomore,71
S07425,Student_7425,1.96,Data Science,Junior,126
S07426,Student_7426,1.5,SE,Sophomore,86
S07427,Student_7427,1.76,Business,Sophomore,134
S07428,Student_7428,3.92,Data Science,Senior,140
S07429,Student_7429,2.33,SE,Senior,43
S07430,Student_7430,3.37,Data Science,Sophomore,92
S07431,Student_7431,2.07,CS,Sophomore,1
S07432,Student_7432,3.04,CS,Freshman,112
S07433,Student_7433,3.24,Business,Senior,2
S07434,Student_7434,2.62,AI,Senior,23
S07435,Student_7435,2.21,IT,Senior,44
S07436,Student_7436,3.39,IT,Junior,38
S07437,Student_7437,3.11,SE,Sophomore,57
S07438,Student_7438,3.41,Finance,Junior,128
S07439,Student_7439,2.6,AI,Senior,114
S07440,Student_7440,2.93,Business,Senior,47
S07441,Student_7441,2.07,IT,Senior,87
S07442,Student_7442,2.23,CS,Sophomore,33
S07443,Student_7443,3.42,CS,Freshman,10
S07444,Student_7444,3.67,Business,Junior,115
S07445,Student_7445,3.35,AI,Senior,91
S07446,Student_7446,2.34,CS,Junior,104
S07447,Student_7447,2.16,AI,Sophomore,110
S07448,Student_7448,2.13,AI,Sophomore,93
S07449,Student_7449,3.76,SE,Sophomore,130
S07450,Student_7450,2.12,CS,Sophomore,3
S07451,Student_7451,3.6,AI,Senior,137
S07452,Student_7452,3.03,IT,Sophomore,71
S07453,Student_7453,1.64,IT,Freshman,89
S07454,Student_7454,3.48,SE,Sophomore,27
S07455,Student_7455,3.13,SE,Senior,66
S07456,Student_7456,2.18,Business,Freshman,34
S07457,Student_7457,2.1,Finance,Sophomore,85
S07458,Student_7458,3.56,Data Science,Sophomore,89
S07459,Student_7459,2.44,Business,Senior,10
S07460,Student_7460,2.18,AI,Sophomore,89
S07461,Student_7461,2.37,IT,Senior,10
S07462,Student_7462,2.24,IT,Freshman,37
S07463,Student_7463,3.12,SE,Sophomore,16
S07464,Student_7464,3.59,Finance,Senior,72
S07465,Student_7465,3.64,IT,Freshman,109
S07466,Student_7466,2.1,Business,Freshman,44
S07467,Student_7467,3.09,Finance,Junior,138
S07468,Student_7468,3.05,CS,Freshman,43
S07469,Student_7469,2.41,CS,Junior,133
S07470,Student_7470,2.9,IT,Freshman,5
S07471,Student_7471,2.15,Business,Junior,11
S07472,Student_7472,2.42,CS,Senior,113
S07473,Student_7473,2.89,AI,Sophomore,121
S07474,Student_7474,2.77,CS,Senior,140
S07475,Student_7475,3.99,Business,Freshman,67
S07476,Student_7476,2.61,AI,Sophomore,1
S07477,Student_7477,1.72,CS,Sophomore,10
S07478,Student_7478,3.88,Data Science,Senior,61
S07479,Student_7479,3.09,CS,Sophomore,30
S07480,Student_7480,1.76,SE,Senior,67
S07481,Student_7481,3.65,Finance,Junior,107
S07482,Student_7482,3.61,Business,Senior,20
S07483,Student_7483,3.27,SE,Junior,70
S07484,Student_7484,2.05,CS,Senior,110
S07485,Student_7485,2.39,AI,Junior,118
S07486,Student_7486,2.39,SE,Sophomore,75
S07487,Student_7487,2.11,CS,Freshman,9
S07488,Student_7488,1.53,Data Science,Junior,109
S07489,Student_7489,1.51,Business,Junior,72
S07490,Student_7490,3.46,IT,Senior,74
S07491,Student_7491,1.64,AI,Senior,137
S07492,Student_7492,3.83,Finance,Junior,7
S07493,Student_7493,3.06,SE,Freshman,115
S07494,Student_7494,2.12,Finance,Sophomore,116
S07495,Student_7495,2.71,Data Science,Junior,65
S07496,Student_7496,3.53,IT,Junior,123
S07497,Student_7497,3.66,CS,Senior,78
S07498,Student_7498,3.98,Finance,Senior,109
S07499,Student_7499,2.71,SE,Junior,35
S07500,Student_7500,2.18,AI,Freshman,107
S07501,Student_7501,3.04,CS,Senior,115
S07502,Student_7502,3.55,Finance,Junior,104
S07503,Student_7503,2.19,SE,Junior,43
S07504,Student_7504,2.83,Finance,Senior,130
S07505,Student_7505,2.01,CS,Sophomore,16
S07506,Student_7506,1.72,SE,Freshman,43
S07507,Student_7507,1.96,SE,Freshman,135
S07508,Student_7508,1.77,Data Science,Junior,78
S07509,Student_7509,3.51,Business,Sophomore,62
S07510,Student_7510,2.27,CS,Sophomore,136
S07511,Student_7511,2.49,SE,Freshman,97
S07512,Student_7512,3.76,Finance,Sophomore,138
S07513,Student_7513,1.72,IT,Junior,133
S07514,Student_7514,1.82,AI,Freshman,15
S07515,Student_7515,3.34,IT,Freshman,102
S07516,Student_7516,2.17,Data Science,Senior,129
S07517,Student_7517,2.85,Data Science,Junior,130
S07518,Student_7518,3.11,AI,Junior,56
S07519,Student_7519,2.38,Business,Sophomore,116
S07520,Student_7520,2.62,Data Science,Senior,60
S07521,Student_7521,2.68,CS,Senior,65
S07522,Student_7522,2.99,Data Science,Sophomore,54
S07523,Student_7523,3.84,IT,Junior,110
S07524,Student_7524,3.74,Finance,Senior,124
S07525,Student_7525,1.64,Data Science,Senior,9
S07526,Student_7526,3.01,Data Science,Junior,46
S07527,Student_7527,1.99,SE,Freshman,127
S07528,Student_7528,2.06,IT,Senior,111
S07529,Student_7529,3.52,IT,Junior,38
S07530,Student_7530,3.26,IT,Freshman,113
S07531,Student_7531,3.12,Data Science,Freshman,126
S07532,Student_7532,3.9,SE,Sophomore,14
S07533,Student_7533,2.79,CS,Freshman,133
S07534,Student_7534,3.28,Business,Senior,96
S07535,Student_7535,1.66,Business,Senior,68
S07536,Student_7536,2.29,CS,Sophomore,21
S07537,Student_7537,3.84,Data Science,Sophomore,19
S07538,Student_7538,2.94,AI,Senior,60
S07539,Student_7539,2.35,AI,Freshman,24
S07540,Student_7540,3.73,AI,Freshman,7
S07541,Student_7541,2.99,Data Science,Freshman,85
S07542,Student_7542,1.76,IT,Sophomore,21
S07543,Student_7543,2.87,Finance,Junior,71
S07544,Student_7544,2.24,CS,Sophomore,29
S07545,Student_7545,3.14,SE,Freshman,79
S07546,Student_7546,2.49,CS,Senior,92
S07547,Student_7547,2.77,Finance,Senior,140
S07548,Student_7548,2.78,SE,Freshman,49
S07549,Student_7549,3.35,IT,Senior,114
S07550,Student_7550,3.43,Business,Freshman,23
S07551,Student_7551,2.14,Data Science,Sophomore,122
S07552,Student_7552,2.49,CS,Junior,103
S07553,Student_7553,3.58,Data Science,Junior,39
S07554,Student_7554,1.84,Finance,Sophomore,52
S07555,Student_7555,1.85,SE,Freshman,66
S07556,Student_7556,3.78,AI,Senior,96
S07557,Student_7557,2.21,AI,Freshman,92
S07558,Student_7558,3.99,SE,Junior,140
S07559,Student_7559,1.66,Data Science,Senior,140
S07560,Student_7560,3.68,AI,Sophomore,61
S07561,Student_7561,2.94,Data Science,Freshman,118
S07562,Student_7562,3.75,Finance,Sophomore,96
S07563,Student_7563,2.02,SE,Freshman,135
S07564,Student_7564,1.87,AI,Junior,10
S07565,Student_7565,3.18,Finance,Junior,99
S07566,Student_7566,3.22,AI,Junior,7
S07567,Student_7567,2.81,CS,Senior,16
S07568,Student_7568,3.25,Finance,Freshman,64
S07569,Student_7569,2.07,SE,Senior,65
S07570,Student_7570,3.75,SE,Senior,133
S07571,Student_7571,2.64,CS,Freshman,107
S07572,Student_7572,2.05,Finance,Sophomore,74
S07573,Student_7573,3.72,Business,Sophomore,91
S07574,Student_7574,1.69,SE,Sophomore,104
S07575,Student_7575,3.94,CS,Sophomore,46
S07576,Student_7576,2.46,SE,Senior,62
S07577,Student_7577,2.18,SE,Senior,90
S07578,Student_7578,2.66,Finance,Senior,90
S07579,Student_7579,1.75,Data Science,Junior,87
S07580,Student_7580,3.98,Finance,Junior,37
S07581,Student_7581,2.08,IT,Freshman,93
S07582,Student_7582,2.53,Finance,Senior,136
S07583,Student_7583,3.93,CS,Freshman,102
S07584,Student_7584,3.24,Data Science,Junior,48
S07585,Student_7585,3.66,Data Science,Senior,73
S07586,Student_7586,2.16,Data Science,Junior,85
S07587,Student_7587,2.2,Finance,Freshman,11
S07588,Student_7588,2.55,Business,Freshman,122
S07589,Student_7589,1.9,IT,Junior,25
S07590,Student_7590,1.79,SE,Freshman,4
S07591,Student_7591,3.08,AI,Sophomore,97
S07592,Student_7592,1.83,IT,Junior,91
S07593,Student_7593,3.66,CS,Sophomore,109
S07594,Student_7594,3.71,AI,Senior,97
S07595,Student_7595,1.79,IT,Senior,124
S07596,Student_7596,2.37,IT,Freshman,72
S07597,Student_7597,3.93,AI,Sophomore,20
S07598,Student_7598,1.57,IT,Junior,75
S07599,Student_7599,1.67,SE,Senior,38
S07600,Student_7600,1.85,Business,Junior,120
S07601,Student_7601,3.11,Data Science,Freshman,19
S07602,Student_7602,2.56,Finance,Freshman,106
S07603,Student_7603,3.81,Finance,Senior,127
S07604,Student_7604,3.38,SE,Senior,127
S07605,Student_7605,2.82,Data Science,Junior,122
S07606,Student_7606,2.65,SE,Sophomore,16
S07607,Student_7607,3.02,SE,Senior,28
S07608,Student_7608,2.27,SE,Senior,84
S07609,Student_7609,3.55,CS,Freshman,70
S07610,Student_7610,1.88,Business,Junior,16
S07611,Student_7611,2.12,Business,Senior,20
S07612,Student_7612,2.75,Data Science,Sophomore,55
S07613,Student_7613,2.48,IT,Junior,21
S07614,Student_7614,3.67,AI,Freshman,129
S07615,Student_7615,3.34,SE,Freshman,43
S07616,Student_7616,3.6,SE,Sophomore,34
S07617,Student_7617,2.66,IT,Senior,109
S07618,Student_7618,2.14,CS,Sophomore,76
S07619,Student_7619,3.21,Business,Junior,100
S07620,Student_7620,2.46,Business,Freshman,132
S07621,Student_7621,2.41,Finance,Sophomore,111
S07622,Student_7622,1.87,Finance,Junior,101
S07623,Student_7623,2.89,Data Science,Junior,16
S07624,Student_7624,3.65,Data Science,Junior,113
S07625,Student_7625,3.18,IT,Freshman,70
S07626,Student_7626,2.44,Finance,Senior,1
S07627,Student_7627,2.66,CS,Senior,33
S07628,Student_7628,1.56,Finance,Sophomore,96
S07629,Student_7629,3.25,CS,Senior,16
S07630,Student_7630,3.62,Finance,Sophomore,5
S07631,Student_7631,3.24,Data Science,Sophomore,51
S07632,Student_7632,1.9,IT,Sophomore,45
S07633,Student_7633,2.71,IT,Freshman,60
S07634,Student_7634,3.55,SE,Senior,84
S07635,Student_7635,2.53,SE,Senior,136
S07636,Student_7636,3.3,Data Science,Sophomore,0
S07637,Student_7637,3.65,CS,Junior,105
S07638,Student_7638,2.19,Business,Freshman,0
S07639,Student_7639,1.8,SE,Sophomore,68
S07640,Student_7640,2.07,Data Science,Sophomore,43
S07641,Student_7641,2.83,Finance,Sophomore,84
S07642,Student_7642,1.79,AI,Freshman,129
S07643,Student_7643,3.12,Data Science,Senior,1
S07644,Student_7644,2.81,CS,Sophomore,98
S07645,Student_7645,2.6,Business,Senior,125
S07646,Student_7646,2.02,AI,Freshman,69
S07647,Student_7647,3.7,Business,Freshman,17
S07648,Student_7648,2.98,CS,Freshman,63
S07649,Student_7649,2.41,Business,Freshman,69
S07650,Student_7650,2.06,Business,Sophomore,3
S07651,Student_7651,2.55,IT,Sophomore,39
S07652,Student_7652,3.94,AI,Junior,14
S07653,Student_7653,2.4,Finance,Junior,14
S07654,Student_7654,1.61,Data Science,Freshman,9
S07655,Student_7655,2.28,Finance,Junior,72
S07656,Student_7656,3.62,AI,Senior,45
S07657,Student_7657,3.47,IT,Freshman,8
S07658,Student_7658,3.18,AI,Sophomore,14
S07659,Student_7659,2.83,SE,Freshman,34
S07660,Student_7660,3.52,AI,Senior,71
S07661,Student_7661,2.6,SE,Junior,104
S07662,Student_7662,2.31,SE,Junior,62
S07663,Student_7663,2.71,Data Science,Sophomore,2
S07664,Student_7664,2.94,AI,Sophomore,87
S07665,Student_7665,3.99,SE,Senior,76
S07666,Student_7666,3.4,SE,Sophomore,79
S07667,Student_7667,2.03,CS,Junior,55
S07668,Student_7668,3.62,Business,Freshman,43
S07669,Student_7669,1.93,AI,Freshman,67
S07670,Student_7670,1.57,AI,Sophomore,17
S07671,Student_7671,2.08,Business,Freshman,68
S07672,Student_7672,3.69,Finance,Freshman,75
S07673,Student_7673,1.69,Data Science,Sophomore,115
S07674,Student_7674,3.44,AI,Senior,43
S07675,Student_7675,3.03,Finance,Junior,71
S07676,Student_7676,1.6,Finance,Freshman,39
S07677,Student_7677,2.03,IT,Freshman,84
S07678,Student_7678,1.93,SE,Sophomore,58
S07679,Student_7679,1.92,Business,Sophomore,62
S07680,Student_7680,2.07,AI,Junior,7
S07681,Student_7681,1.65,SE,Freshman,10
S07682,Student_7682,3.01,Business,Senior,49
S07683,Student_7683,2.41,SE,Sophomore,32
S07684,Student_7684,2.33,Business,Sophomore,29
S07685,Student_7685,3.9,SE,Sophomore,49
S07686,Student_7686,2.99,Data Science,Sophomore,4
S07687,Student_7687,3.83,Business,Sophomore,1
S07688,Student_7688,3.09,Finance,Freshman,125
S07689,Student_7689,3.76,Business,Junior,106
S07690,Student_7690,2.82,Business,Freshman,34
S07691,Student_7691,3.01,SE,Junior,83
S07692,Student_7692,2.51,CS,Junior,49
S07693,Student_7693,2.68,Finance,Senior,74
S07694,Student_7694,2.44,AI,Junior,139
S07695,Student_7695,3.95,Finance,Sophomore,34
S07696,Student_7696,3.51,Business,Junior,107
S07697,Student_7697,3.97,Business,Junior,77
S07698,Student_7698,1.99,IT,Sophomore,6
S07699,Student_7699,2.6,CS,Freshman,107
S07700,Student_7700,3.5,CS,Sophomore,107
S07701,Student_7701,1.87,AI,Freshman,34
S07702,Student_7702,2.83,IT,Freshman,61
S07703,Student_7703,2.88,IT,Freshman,135
S07704,Student_7704,2.46,Business,Sophomore,34
S07705,Student_7705,4.0,Data Science,Sophomore,134
S07706,Student_7706,3.32,IT,Senior,5
S07707,Student_7707,3.8,SE,Junior,31
S07708,Student_7708,3.55,AI,Freshman,83
S07709,Student_7709,2.24,SE,Sophomore,8
S07710,Student_7710,3.12,SE,Freshman,107
S07711,Student_7711,3.54,IT,Freshman,130
S07712,Student_7712,3.53,CS,Sophomore,66
S07713,Student_7713,3.72,Finance,Sophomore,68
S07714,Student_7714,1.83,CS,Senior,60
S07715,Student_7715,2.39,SE,Junior,7
S07716,Student_7716,1.68,Data Science,Junior,15
S07717,Student_7717,2.44,Data Science,Sophomore,120
S07718,Student_7718,3.66,Data Science,Senior,63
S07719,Student_7719,2.11,AI,Freshman,41
S07720,Student_7720,1.95,CS,Junior,96
S07721,Student_7721,3.39,Data Science,Sophomore,6
S07722,Student_7722,2.67,SE,Freshman,78
S07723,Student_7723,2.14,AI,Senior,33
S07724,Student_7724,1.56,Finance,Senior,96
S07725,Student_7725,3.05,Data Science,Freshman,36
S07726,Student_7726,2.97,AI,Sophomore,45
S07727,Student_7727,3.7,Data Science,Senior,49
S07728,Student_7728,1.55,AI,Junior,55
S07729,Student_7729,2.24,SE,Sophomore,78
S07730,Student_7730,3.03,SE,Junior,65
S07731,Student_7731,3.52,SE,Senior,111
S07732,Student_7732,3.88,Data Science,Senior,0
S07733,Student_7733,3.57,SE,Junior,116
S07734,Student_7734,1.98,Business,Senior,86
S07735,Student_7735,2.2,IT,Sophomore,117
S07736,Student_7736,2.48,CS,Junior,93
S07737,Student_7737,3.43,IT,Freshman,67
S07738,Student_7738,3.7,SE,Sophomore,39
S07739,Student_7739,1.88,Finance,Freshman,75
S07740,Student_7740,2.47,SE,Sophomore,103
S07741,Student_7741,3.81,CS,Senior,58
S07742,Student_7742,2.7,IT,Freshman,68
S07743,Student_7743,1.56,AI,Freshman,30
S07744,Student_7744,1.57,SE,Freshman,125
S07745,Student_7745,3.76,AI,Junior,35
S07746,Student_7746,1.63,AI,Sophomore,89
S07747,Student_7747,2.07,CS,Freshman,81
S07748,Student_7748,3.02,Finance,Freshman,39
S07749,Student_7749,2.68,SE,Senior,43
S07750,Student_7750,3.94,Business,Freshman,35
S07751,Student_7751,1.63,IT,Senior,23
S07752,Student_7752,2.21,AI,Junior,87
S07753,Student_7753,1.76,Finance,Junior,55
S07754,Student_7754,2.08,IT,Senior,4
S07755,Student_7755,2.44,Finance,Senior,80
S07756,Student_7756,1.85,SE,Senior,45
S07757,Student_7757,1.98,Business,Freshman,47
S07758,Student_7758,2.17,SE,Senior,84
S07759,Student_7759,3.97,Data Science,Junior,24
S07760,Student_7760,2.52,AI,Junior,135
S07761,Student_7761,3.34,SE,Senior,18
S07762,Student_7762,1.63,Data Science,Junior,57
S07763,Student_7763,3.09,Business,Sophomore,39
S07764,Student_7764,3.48,Finance,Senior,28
S07765,Student_7765,3.39,Data Science,Freshman,19
S07766,Student_7766,2.83,Data Science,Senior,29
S07767,Student_7767,2.39,Business,Senior,91
S07768,Student_7768,3.01,Business,Junior,76
S07769,Student_7769,2.33,IT,Sophomore,103
S07770,Student_7770,1.65,AI,Freshman,51
S07771,Student_7771,2.15,Business,Junior,32
S07772,Student_7772,3.62,Business,Junior,54
S07773,Student_7773,3.15,IT,Junior,86
S07774,Student_7774,2.53,Finance,Senior,139
S07775,Student_7775,3.56,Data Science,Freshman,4
S07776,Student_7776,3.12,Data Science,Junior,89
S07777,Student_7777,3.46,CS,Sophomore,21
S07778,Student_7778,2.27,Finance,Freshman,118
S07779,Student_7779,2.6,Finance,Sophomore,68
S07780,Student_7780,3.51,Finance,Senior,0
S07781,Student_7781,2.63,Business,Junior,139
S07782,Student_7782,2.0,AI,Sophomore,38
S07783,Student_7783,2.84,Finance,Senior,62
S07784,Student_7784,1.54,CS,Junior,44
S07785,Student_7785,2.97,SE,Sophomore,85
S07786,Student_7786,2.02,SE,Sophomore,118
S07787,Student_7787,2.31,SE,Junior,18
S07788,Student_7788,3.92,Business,Freshman,22
S07789,Student_7789,2.72,SE,Sophomore,26
S07790,Student_7790,3.14,Data Science,Sophomore,109
S07791,Student_7791,3.86,Finance,Sophomore,44
S07792,Student_7792,3.59,Finance,Freshman,140
S07793,Student_7793,1.68,IT,Sophomore,128
S07794,Student_7794,1.85,SE,Sophomore,62
S07795,Student_7795,3.71,CS,Senior,130
S07796,Student_7796,3.87,Data Science,Freshman,135
S07797,Student_7797,3.15,AI,Senior,18
S07798,Student_7798,2.28,IT,Senior,23
S07799,Student_7799,2.97,CS,Junior,114
S07800,Student_7800,3.35,CS,Senior,2
S07801,Student_7801,3.75,SE,Junior,13
S07802,Student_7802,2.63,AI,Senior,37
S07803,Student_7803,2.71,Data Science,Sophomore,49
S07804,Student_7804,2.18,Finance,Sophomore,48
S07805,Student_7805,3.58,IT,Sophomore,124
S07806,Student_7806,3.54,Data Science,Junior,68
S07807,Student_7807,3.3,CS,Junior,106
S07808,Student_7808,2.29,IT,Junior,12
S07809,Student_7809,3.31,AI,Freshman,67
S07810,Student_7810,3.08,SE,Sophomore,28
S07811,Student_7811,1.78,Finance,Senior,140
S07812,Student_7812,2.94,AI,Freshman,89
S07813,Student_7813,2.71,AI,Senior,17
S07814,Student_7814,2.86,CS,Junior,129
S07815,Student_7815,1.57,AI,Junior,102
S07816,Student_7816,1.71,Business,Sophomore,87
S07817,Student_7817,2.88,Data Science,Junior,1
S07818,Student_7818,3.04,AI,Senior,90
S07819,Student_7819,3.9,SE,Junior,31
S07820,Student_7820,1.8,SE,Sophomore,140
S07821,Student_7821,2.8,Finance,Sophomore,130
S07822,Student_7822,1.7,SE,Senior,38
S07823,Student_7823,3.37,CS,Sophomore,138
S07824,Student_7824,1.77,AI,Junior,94
S07825,Student_7825,1.99,IT,Freshman,75
S07826,Student_7826,2.53,Finance,Sophomore,59
S07827,Student_7827,3.67,SE,Freshman,13
S07828,Student_7828,2.49,Business,Junior,1
S07829,Student_7829,2.21,Finance,Junior,6
S07830,Student_7830,2.67,Business,Junior,63
S07831,Student_7831,2.56,CS,Sophomore,112
S07832,Student_7832,2.26,IT,Senior,86
S07833,Student_7833,3.9,Data Science,Sophomore,58
S07834,Student_7834,2.1,Data Science,Freshman,59
S07835,Student_7835,2.43,SE,Freshman,127
S07836,Student_7836,2.04,CS,Senior,6
S07837,Student_7837,3.25,Data Science,Junior,122
S07838,Student_7838,3.72,CS,Sophomore,129
S07839,Student_7839,1.96,CS,Freshman,101
S07840,Student_7840,2.34,Business,Junior,89
S07841,Student_7841,1.84,IT,Junior,127
S07842,Student_7842,2.09,SE,Senior,21
S07843,Student_7843,1.82,Finance,Freshman,18
S07844,Student_7844,3.64,Data Science,Junior,140
S07845,Student_7845,1.85,AI,Junior,32
S07846,Student_7846,2.82,Finance,Sophomore,22
S07847,Student_7847,2.8,SE,Senior,15
S07848,Student_7848,3.41,AI,Sophomore,53
S07849,Student_7849,1.59,AI,Junior,52
S07850,Student_7850,1.65,Business,Junior,3
S07851,Student_7851,2.53,Finance,Freshman,15
S07852,Student_7852,3.74,AI,Senior,57
S07853,Student_7853,3.03,CS,Senior,118
S07854,Student_7854,3.25,Finance,Sophomore,30
S07855,Student_7855,1.68,Business,Sophomore,8
S07856,Student_7856,2.74,SE,Sophomore,77
S07857,Student_7857,2.78,Data Science,Junior,54
S07858,Student_7858,3.46,Finance,Junior,66
S07859,Student_7859,3.73,Business,Sophomore,96
S07860,Student_7860,2.53,CS,Junior,135
S07861,Student_7861,3.75,Business,Junior,18
S07862,Student_7862,3.48,Business,Senior,104
S07863,Student_7863,2.4,SE,Senior,40
S07864,Student_7864,2.69,IT,Senior,129
S07865,Student_7865,2.53,CS,Freshman,131
S07866,Student_7866,3.88,Finance,Sophomore,35
S07867,Student_7867,3.72,AI,Senior,120
S07868,Student_7868,1.84,CS,Senior,39
S07869,Student_7869,2.93,Data Science,Senior,98
S07870,Student_7870,3.88,Business,Junior,66
S07871,Student_7871,1.83,CS,Senior,4
S07872,Student_7872,3.76,SE,Junior,6
S07873,Student_7873,1.91,Finance,Freshman,8
S07874,Student_7874,3.07,IT,Sophomore,127
S07875,Student_7875,2.1,SE,Sophomore,101
S07876,Student_7876,3.4,SE,Sophomore,93
S07877,Student_7877,2.91,CS,Freshman,3
S07878,Student_7878,2.24,SE,Junior,51
S07879,Student_7879,1.93,SE,Junior,51
S07880,Student_7880,1.51,CS,Junior,59
S07881,Student_7881,1.74,AI,Senior,88
S07882,Student_7882,3.5,IT,Sophomore,5
S07883,Student_7883,2.96,CS,Senior,37
S07884,Student_7884,2.21,AI,Junior,21
S07885,Student_7885,3.93,Data Science,Senior,0
S07886,Student_7886,2.18,SE,Junior,101
S07887,Student_7887,1.96,Business,Sophomore,90
S07888,Student_7888,3.54,Finance,Freshman,14
S07889,Student_7889,3.53,Data Science,Senior,73
S07890,Student_7890,2.62,IT,Junior,113
S07891,Student_7891,2.6,Data Science,Senior,117
S07892,Student_7892,3.4,IT,Senior,55
S07893,Student_7893,1.92,IT,Junior,77
S07894,Student_7894,2.48,CS,Junior,77
S07895,Student_7895,3.26,Data Science,Junior,27
S07896,Student_7896,3.65,Business,Sophomore,139
S07897,Student_7897,3.05,SE,Junior,99
S07898,Student_7898,3.29,Finance,Freshman,11
S07899,Student_7899,3.91,Business,Junior,128
S07900,Student_7900,2.53,Finance,Sophomore,34
S07901,Student_7901,3.47,Finance,Sophomore,5
S07902,Student_7902,2.93,Finance,Senior,83
S07903,Student_7903,2.84,AI,Senior,116
S07904,Student_7904,2.81,AI,Sophomore,101
S07905,Student_7905,2.19,SE,Freshman,51
S07906,Student_7906,2.1,IT,Sophomore,19
S07907,Student_7907,3.29,AI,Senior,108
S07908,Student_7908,2.71,Business,Senior,59
S07909,Student_7909,2.26,SE,Freshman,68
S07910,Student_7910,1.83,Business,Freshman,12
S07911,Student_7911,1.71,Finance,Junior,58
S07912,Student_7912,3.76,Data Science,Junior,29
S07913,Student_7913,3.04,CS,Sophomore,7
S07914,Student_7914,2.7,CS,Junior,71
S07915,Student_7915,3.54,SE,Senior,111
S07916,Student_7916,1.7,CS,Freshman,8
S07917,Student_7917,2.65,CS,Freshman,69
S07918,Student_7918,2.15,AI,Freshman,140
S07919,Student_7919,2.07,CS,Freshman,58
S07920,Student_7920,2.58,IT,Senior,92
S07921,Student_7921,3.54,Business,Senior,18
S07922,Student_7922,1.85,IT,Senior,136
S07923,Student_7923,2.49,SE,Junior,106
S07924,Student_7924,2.24,Business,Sophomore,21
S07925,Student_7925,1.92,Finance,Freshman,87
S07926,Student_7926,3.06,SE,Sophomore,121
S07927,Student_7927,2.58,CS,Junior,108
S07928,Student_7928,3.6,AI,Freshman,60
S07929,Student_7929,1.58,IT,Junior,129
S07930,Student_7930,1.94,Finance,Sophomore,130
S07931,Student_7931,1.65,Business,Senior,101
S07932,Student_7932,1.56,Finance,Senior,95
S07933,Student_7933,3.81,CS,Freshman,40
S07934,Student_7934,1.63,IT,Senior,50
S07935,Student_7935,3.97,SE,Freshman,123
S07936,Student_7936,1.53,Business,Freshman,71
S07937,Student_7937,1.71,SE,Sophomore,78
S07938,Student_7938,3.24,SE,Junior,114
S07939,Student_7939,2.2,AI,Senior,138
S07940,Student_7940,2.22,Data Science,Sophomore,92
S07941,Student_7941,3.75,AI,Freshman,22
S07942,Student_7942,2.54,Finance,Junior,106
S07943,Student_7943,3.42,CS,Senior,130
S07944,Student_7944,1.86,IT,Senior,29
S07945,Student_7945,3.11,SE,Freshman,28
S07946,Student_7946,2.18,AI,Senior,56
S07947,Student_7947,3.6,Finance,Junior,125
S07948,Student_7948,2.24,CS,Junior,113
S07949,Student_7949,2.53,IT,Freshman,57
S07950,Student_7950,2.1,CS,Freshman,116
S07951,Student_7951,3.63,Data Science,Junior,22
S07952,Student_7952,3.69,Business,Senior,2
S07953,Student_7953,2.71,Data Science,Freshman,28
S07954,Student_7954,2.25,AI,Freshman,53
S07955,Student_7955,2.61,Data Science,Senior,49
S07956,Student_7956,3.1,SE,Sophomore,123
S07957,Student_7957,3.98,IT,Junior,139
S07958,Student_7958,2.89,Business,Senior,21
S07959,Student_7959,1.81,AI,Freshman,75
S07960,Student_7960,2.28,Business,Senior,67
S07961,Student_7961,1.91,CS,Freshman,137
S07962,Student_7962,2.06,IT,Freshman,29
S07963,Student_7963,2.39,AI,Freshman,55
S07964,Student_7964,3.61,AI,Sophomore,64
S07965,Student_7965,2.5,Data Science,Freshman,123
S07966,Student_7966,1.67,SE,Junior,95
S07967,Student_7967,1.62,Finance,Senior,54
S07968,Student_7968,3.38,SE,Sophomore,69
S07969,Student_7969,3.31,Finance,Senior,100
S07970,Student_7970,3.83,Finance,Senior,11
S07971,Student_7971,3.38,Business,Sophomore,23
S07972,Student_7972,3.38,Data Science,Senior,89
S07973,Student_7973,2.12,IT,Freshman,18
S07974,Student_7974,1.82,Finance,Sophomore,89
S07975,Student_7975,1.5,IT,Senior,10
S07976,Student_7976,2.84,Data Science,Freshman,129
S07977,Student_7977,3.35,CS,Senior,65
S07978,Student_7978,2.42,Data Science,Junior,57
S07979,Student_7979,3.93,AI,Senior,67
S07980,Student_7980,3.78,IT,Junior,4
S07981,Student_7981,3.02,CS,Junior,35
S07982,Student_7982,3.5,Finance,Senior,118
S07983,Student_7983,2.69,IT,Junior,4
S07984,Student_7984,2.21,Finance,Freshman,101
S07985,Student_7985,3.32,Data Science,Senior,105
S07986,Student_7986,1.95,CS,Sophomore,32
S07987,Student_7987,2.08,AI,Freshman,106
S07988,Student_7988,1.99,AI,Sophomore,128
S07989,Student_7989,3.84,Data Science,Sophomore,18
S07990,Student_7990,1.63,CS,Junior,134
S07991,Student_7991,2.15,Finance,Senior,23
S07992,Student_7992,3.08,AI,Junior,52
S07993,Student_7993,3.02,Business,Junior,6
S07994,Student_7994,1.98,SE,Freshman,52
S07995,Student_7995,3.04,Business,Freshman,68
S07996,Student_7996,3.64,Business,Senior,44
S07997,Student_7997,2.51,CS,Junior,93
S07998,Student_7998,1.57,AI,Sophomore,101
S07999,Student_7999,1.99,IT,Junior,82
S08000,Student_8000,3.35,Finance,Freshman,118
S08001,Student_8001,3.47,Business,Senior,17
S08002,Student_8002,1.83,AI,Sophomore,104
S08003,Student_8003,3.26,IT,Freshman,116
S08004,Student_8004,1.63,Data Science,Junior,127
S08005,Student_8005,3.34,Finance,Senior,28
S08006,Student_8006,2.91,SE,Senior,89
S08007,Student_8007,3.43,AI,Sophomore,113
S08008,Student_8008,3.32,Finance,Senior,25
S08009,Student_8009,1.6,Finance,Sophomore,136
S08010,Student_8010,3.23,Data Science,Freshman,28
S08011,Student_8011,2.13,Business,Sophomore,139
S08012,Student_8012,3.4,AI,Freshman,2
S08013,Student_8013,3.9,Data Science,Sophomore,115
S08014,Student_8014,1.55,AI,Sophomore,24
S08015,Student_8015,2.05,Business,Freshman,53
S08016,Student_8016,2.23,Data Science,Sophomore,78
S08017,Student_8017,2.07,AI,Junior,17
S08018,Student_8018,3.62,Business,Senior,127
S08019,Student_8019,1.72,Data Science,Senior,89
S08020,Student_8020,2.78,AI,Freshman,77
S08021,Student_8021,2.62,AI,Freshman,13
S08022,Student_8022,1.76,Finance,Senior,85
S08023,Student_8023,3.18,CS,Senior,106
S08024,Student_8024,2.96,Business,Freshman,43
S08025,Student_8025,1.76,CS,Freshman,98
S08026,Student_8026,3.71,IT,Sophomore,109
S08027,Student_8027,3.16,Finance,Senior,107
S08028,Student_8028,1.7,AI,Junior,12
S08029,Student_8029,3.99,IT,Senior,80
S08030,Student_8030,1.82,IT,Junior,17
S08031,Student_8031,1.74,Finance,Junior,45
S08032,Student_8032,1.59,IT,Senior,92
S08033,Student_8033,1.63,AI,Junior,43
S08034,Student_8034,1.7,IT,Junior,80
S08035,Student_8035,3.12,Business,Junior,125
S08036,Student_8036,1.53,IT,Sophomore,39
S08037,Student_8037,2.31,IT,Junior,50
S08038,Student_8038,3.25,Data Science,Freshman,48
S08039,Student_8039,2.99,Finance,Junior,81
S08040,Student_8040,2.27,Finance,Freshman,51
S08041,Student_8041,1.82,CS,Freshman,75
S08042,Student_8042,3.27,Business,Sophomore,47
S08043,Student_8043,3.79,CS,Sophomore,21
S08044,Student_8044,3.26,Finance,Senior,68
S08045,Student_8045,1.63,Business,Freshman,91
S08046,Student_8046,3.33,Data Science,Senior,11
S08047,Student_8047,2.44,Data Science,Freshman,121
S08048,Student_8048,2.89,AI,Junior,74
S08049,Student_8049,2.58,CS,Freshman,65
S08050,Student_8050,1.99,SE,Sophomore,19
S08051,Student_8051,3.27,IT,Freshman,18
S08052,Student_8052,3.09,SE,Junior,132
S08053,Student_8053,2.24,Data Science,Junior,75
S08054,Student_8054,3.57,SE,Senior,135
S08055,Student_8055,2.29,AI,Senior,89
S08056,Student_8056,3.25,AI,Senior,39
S08057,Student_8057,3.36,Data Science,Sophomore,89
S08058,Student_8058,3.58,IT,Freshman,3
S08059,Student_8059,3.79,Business,Senior,134
S08060,Student_8060,3.15,Business,Junior,126
S08061,Student_8061,1.99,Finance,Freshman,83
S08062,Student_8062,2.78,Finance,Senior,90
S08063,Student_8063,2.99,SE,Junior,67
S08064,Student_8064,1.86,Business,Sophomore,6
S08065,Student_8065,2.69,IT,Junior,61
S08066,Student_8066,2.89,Data Science,Freshman,119
S08067,Student_8067,1.66,Business,Sophomore,46
S08068,Student_8068,2.29,Business,Junior,120
S08069,Student_8069,3.54,SE,Senior,1
S08070,Student_8070,3.64,IT,Freshman,123
S08071,Student_8071,3.13,AI,Senior,55
S08072,Student_8072,2.34,SE,Sophomore,23
S08073,Student_8073,1.63,SE,Senior,95
S08074,Student_8074,3.02,Business,Freshman,94
S08075,Student_8075,3.35,AI,Freshman,53
S08076,Student_8076,1.83,IT,Junior,41
S08077,Student_8077,1.51,Data Science,Freshman,37
S08078,Student_8078,3.77,Data Science,Sophomore,134
S08079,Student_8079,3.84,SE,Senior,86
S08080,Student_8080,1.76,SE,Sophomore,75
S08081,Student_8081,1.94,Data Science,Junior,69
S08082,Student_8082,2.18,Data Science,Junior,122
S08083,Student_8083,1.62,AI,Sophomore,131
S08084,Student_8084,2.93,SE,Sophomore,122
S08085,Student_8085,3.84,AI,Freshman,12
S08086,Student_8086,3.34,Business,Senior,61
S08087,Student_8087,3.08,IT,Junior,39
S08088,Student_8088,2.72,Finance,Freshman,15
S08089,Student_8089,3.97,Finance,Sophomore,128
S08090,Student_8090,2.63,CS,Freshman,91
S08091,Student_8091,2.99,CS,Freshman,108
S08092,Student_8092,2.71,IT,Junior,85
S08093,Student_8093,2.37,Business,Junior,100
S08094,Student_8094,3.15,IT,Sophomore,33
S08095,Student_8095,2.03,AI,Sophomore,11
S08096,Student_8096,3.7,SE,Junior,39
S08097,Student_8097,3.1,Business,Sophomore,8
S08098,Student_8098,3.82,CS,Freshman,88
S08099,Student_8099,2.56,AI,Freshman,26
S08100,Student_8100,3.1,AI,Junior,44
S08101,Student_8101,2.79,SE,Sophomore,79
S08102,Student_8102,1.67,Business,Senior,58
S08103,Student_8103,2.28,SE,Senior,14
S08104,Student_8104,1.59,AI,Sophomore,41
S08105,Student_8105,2.64,Business,Senior,103
S08106,Student_8106,2.17,IT,Senior,117
S08107,Student_8107,3.66,SE,Junior,90
S08108,Student_8108,2.62,IT,Sophomore,41
S08109,Student_8109,3.26,CS,Junior,19
S08110,Student_8110,2.47,CS,Sophomore,13
S08111,Student_8111,3.8,CS,Junior,15
S08112,Student_8112,2.33,IT,Freshman,69
S08113,Student_8113,1.72,AI,Senior,133
S08114,Student_8114,1.56,IT,Senior,138
S08115,Student_8115,3.62,Finance,Sophomore,28
S08116,Student_8116,1.59,Business,Sophomore,99
S08117,Student_8117,2.31,AI,Freshman,95
S08118,Student_8118,2.62,CS,Sophomore,25
S08119,Student_8119,3.38,IT,Senior,27
S08120,Student_8120,3.42,CS,Senior,126
S08121,Student_8121,2.3,SE,Junior,111
S08122,Student_8122,3.21,Business,Sophomore,5
S08123,Student_8123,1.8,Business,Junior,80
S08124,Student_8124,2.72,SE,Freshman,7
S08125,Student_8125,1.91,AI,Junior,102
S08126,Student_8126,3.57,AI,Senior,11
S08127,Student_8127,2.92,Finance,Freshman,47
S08128,Student_8128,3.89,Data Science,Sophomore,73
S08129,Student_8129,2.63,SE,Junior,79
S08130,Student_8130,1.9,Finance,Sophomore,138
S08131,Student_8131,2.15,CS,Senior,49
S08132,Student_8132,3.55,CS,Senior,75
S08133,Student_8133,2.06,SE,Senior,5
S08134,Student_8134,3.2,Business,Freshman,47
S08135,Student_8135,2.55,SE,Junior,14
S08136,Student_8136,2.72,Finance,Sophomore,23
S08137,Student_8137,1.53,SE,Freshman,17
S08138,Student_8138,3.58,IT,Freshman,20
S08139,Student_8139,2.45,SE,Junior,38
S08140,Student_8140,2.5,Finance,Senior,21
S08141,Student_8141,2.49,SE,Freshman,15
S08142,Student_8142,3.58,IT,Freshman,58
S08143,Student_8143,2.46,Finance,Senior,140
S08144,Student_8144,3.83,Finance,Freshman,57
S08145,Student_8145,3.08,SE,Sophomore,114
S08146,Student_8146,3.97,Business,Sophomore,75
S08147,Student_8147,3.44,Finance,Sophomore,138
S08148,Student_8148,2.3,Finance,Senior,112
S08149,Student_8149,2.65,Data Science,Senior,72
S08150,Student_8150,2.72,SE,Sophomore,6
S08151,Student_8151,2.1,Finance,Junior,113
S08152,Student_8152,3.25,Business,Junior,30
S08153,Student_8153,3.14,Business,Senior,111
S08154,Student_8154,2.93,AI,Junior,52
S08155,Student_8155,1.52,Data Science,Junior,125
S08156,Student_8156,1.88,CS,Sophomore,83
S08157,Student_8157,2.02,Data Science,Freshman,139
S08158,Student_8158,2.06,CS,Junior,32
S08159,Student_8159,3.39,SE,Junior,59
S08160,Student_8160,3.08,SE,Senior,138
S08161,Student_8161,1.78,CS,Sophomore,136
S08162,Student_8162,3.02,Finance,Junior,119
S08163,Student_8163,3.12,AI,Sophomore,72
S08164,Student_8164,1.67,CS,Sophomore,4
S08165,Student_8165,2.55,Finance,Sophomore,83
S08166,Student_8166,1.82,SE,Senior,90
S08167,Student_8167,3.99,IT,Freshman,2
S08168,Student_8168,1.8,Data Science,Sophomore,70
S08169,Student_8169,3.83,SE,Freshman,43
S08170,Student_8170,2.52,Business,Junior,30
S08171,Student_8171,3.28,Finance,Freshman,88
S08172,Student_8172,1.62,Data Science,Junior,137
S08173,Student_8173,2.93,SE,Junior,49
S08174,Student_8174,2.27,Finance,Junior,118
S08175,Student_8175,3.88,AI,Senior,132
S08176,Student_8176,3.52,Finance,Senior,38
S08177,Student_8177,3.52,IT,Senior,112
S08178,Student_8178,3.77,Finance,Junior,46
S08179,Student_8179,2.52,SE,Senior,92
S08180,Student_8180,2.5,Finance,Sophomore,61
S08181,Student_8181,2.71,SE,Junior,91
S08182,Student_8182,3.56,Business,Sophomore,132
S08183,Student_8183,2.47,AI,Freshman,118
S08184,Student_8184,2.18,SE,Junior,64
S08185,Student_8185,3.68,Data Science,Freshman,44
S08186,Student_8186,3.6,Finance,Junior,50
S08187,Student_8187,3.79,Finance,Senior,75
S08188,Student_8188,3.31,Finance,Junior,23
S08189,Student_8189,2.43,SE,Senior,6
S08190,Student_8190,2.81,Business,Sophomore,90
S08191,Student_8191,2.33,Finance,Sophomore,66
S08192,Student_8192,1.86,CS,Senior,4
S08193,Student_8193,3.24,Business,Junior,22
S08194,Student_8194,3.5,SE,Senior,50
S08195,Student_8195,2.52,IT,Freshman,68
S08196,Student_8196,2.66,CS,Sophomore,48
S08197,Student_8197,3.02,Data Science,Senior,115
S08198,Student_8198,3.06,Business,Senior,108
S08199,Student_8199,1.8,IT,Freshman,54
S08200,Student_8200,3.31,SE,Junior,64
S08201,Student_8201,2.56,AI,Freshman,125
S08202,Student_8202,2.46,IT,Senior,36
S08203,Student_8203,3.47,IT,Senior,71
S08204,Student_8204,2.17,SE,Sophomore,106
S08205,Student_8205,1.51,Data Science,Junior,101
S08206,Student_8206,3.09,CS,Senior,15
S08207,Student_8207,2.28,Data Science,Sophomore,121
S08208,Student_8208,1.68,Business,Freshman,129
S08209,Student_8209,3.14,CS,Senior,18
S08210,Student_8210,3.25,Finance,Junior,118
S08211,Student_8211,2.03,Finance,Freshman,98
S08212,Student_8212,3.47,Finance,Junior,108
S08213,Student_8213,2.03,SE,Sophomore,49
S08214,Student_8214,2.22,AI,Junior,1
S08215,Student_8215,3.45,IT,Junior,27
S08216,Student_8216,3.85,IT,Sophomore,117
S08217,Student_8217,2.38,Business,Sophomore,58
S08218,Student_8218,3.64,Data Science,Junior,91
S08219,Student_8219,2.69,Finance,Senior,119
S08220,Student_8220,2.83,Business,Freshman,53
S08221,Student_8221,2.08,SE,Junior,74
S08222,Student_8222,2.06,Finance,Senior,91
S08223,Student_8223,2.83,IT,Sophomore,102
S08224,Student_8224,3.01,AI,Junior,103
S08225,Student_8225,3.62,Data Science,Freshman,83
S08226,Student_8226,3.68,CS,Sophomore,89
S08227,Student_8227,2.9,CS,Sophomore,96
S08228,Student_8228,1.58,Business,Sophomore,26
S08229,Student_8229,2.78,SE,Freshman,87
S08230,Student_8230,3.28,SE,Sophomore,21
S08231,Student_8231,3.76,IT,Freshman,133
S08232,Student_8232,2.8,Data Science,Sophomore,66
S08233,Student_8233,3.28,Business,Freshman,133
S08234,Student_8234,1.92,Finance,Sophomore,89
S08235,Student_8235,1.89,SE,Sophomore,128
S08236,Student_8236,3.77,IT,Sophomore,24
S08237,Student_8237,2.07,Finance,Sophomore,31
S08238,Student_8238,2.75,Finance,Sophomore,48
S08239,Student_8239,3.45,SE,Sophomore,36
S08240,Student_8240,2.81,SE,Junior,22
S08241,Student_8241,3.14,Finance,Senior,10
S08242,Student_8242,1.56,Finance,Sophomore,4
S08243,Student_8243,3.76,Data Science,Freshman,133
S08244,Student_8244,1.62,IT,Freshman,128
S08245,Student_8245,2.24,IT,Freshman,66
S08246,Student_8246,1.57,Business,Freshman,58
S08247,Student_8247,1.98,SE,Senior,139
S08248,Student_8248,3.28,CS,Freshman,33
S08249,Student_8249,3.41,IT,Sophomore,62
S08250,Student_8250,3.22,Data Science,Freshman,87
S08251,Student_8251,2.38,SE,Junior,27
S08252,Student_8252,1.57,SE,Senior,23
S08253,Student_8253,3.81,AI,Freshman,113
S08254,Student_8254,3.31,Data Science,Freshman,79
S08255,Student_8255,1.72,Business,Senior,16
S08256,Student_8256,3.38,Data Science,Sophomore,61
S08257,Student_8257,3.94,CS,Sophomore,8
S08258,Student_8258,3.53,Data Science,Junior,39
S08259,Student_8259,3.05,IT,Senior,78
S08260,Student_8260,1.69,IT,Junior,41
S08261,Student_8261,3.89,AI,Sophomore,117
S08262,Student_8262,1.72,IT,Senior,4
S08263,Student_8263,3.08,Data Science,Senior,49
S08264,Student_8264,2.2,SE,Freshman,92
S08265,Student_8265,2.7,Business,Senior,32
S08266,Student_8266,3.44,AI,Freshman,10
S08267,Student_8267,2.37,AI,Freshman,138
S08268,Student_8268,2.75,Finance,Sophomore,62
S08269,Student_8269,2.03,CS,Freshman,22
S08270,Student_8270,2.61,AI,Freshman,132
S08271,Student_8271,3.77,Business,Junior,62
S08272,Student_8272,2.77,CS,Freshman,52
S08273,Student_8273,3.03,CS,Sophomore,8
S08274,Student_8274,2.25,IT,Freshman,45
S08275,Student_8275,2.72,AI,Senior,96
S08276,Student_8276,3.09,SE,Sophomore,6
S08277,Student_8277,2.15,CS,Sophomore,103
S08278,Student_8278,1.97,Finance,Junior,85
S08279,Student_8279,3.31,Finance,Sophomore,20
S08280,Student_8280,2.5,AI,Senior,85
S08281,Student_8281,2.59,Business,Junior,12
S08282,Student_8282,1.98,AI,Sophomore,113
S08283,Student_8283,1.62,Finance,Junior,104
S08284,Student_8284,3.9,Data Science,Freshman,15
S08285,Student_8285,3.58,Data Science,Junior,11
S08286,Student_8286,2.93,CS,Freshman,88
S08287,Student_8287,2.21,CS,Freshman,88
S08288,Student_8288,3.37,IT,Freshman,24
S08289,Student_8289,3.64,AI,Freshman,84
S08290,Student_8290,1.97,Finance,Senior,117
S08291,Student_8291,3.71,IT,Senior,52
S08292,Student_8292,2.37,Business,Freshman,112
S08293,Student_8293,2.37,Business,Senior,101
S08294,Student_8294,3.98,SE,Sophomore,49
S08295,Student_8295,3.28,Finance,Freshman,139
S08296,Student_8296,3.56,Finance,Freshman,105
S08297,Student_8297,2.29,Finance,Junior,41
S08298,Student_8298,2.25,IT,Junior,44
S08299,Student_8299,1.72,Data Science,Freshman,56
S08300,Student_8300,3.28,SE,Senior,97
S08301,Student_8301,2.35,IT,Senior,129
S08302,Student_8302,1.62,CS,Freshman,76
S08303,Student_8303,3.06,Finance,Freshman,78
S08304,Student_8304,3.57,Finance,Junior,114
S08305,Student_8305,2.11,SE,Junior,130
S08306,Student_8306,1.63,Finance,Sophomore,25
S08307,Student_8307,2.68,AI,Sophomore,109
S08308,Student_8308,3.85,AI,Sophomore,59
S08309,Student_8309,2.86,Data Science,Senior,3
S08310,Student_8310,2.83,CS,Senior,78
S08311,Student_8311,3.42,AI,Freshman,119
S08312,Student_8312,2.47,Finance,Sophomore,137
S08313,Student_8313,3.89,CS,Sophomore,40
S08314,Student_8314,2.35,CS,Freshman,5
S08315,Student_8315,3.81,AI,Freshman,90
S08316,Student_8316,3.36,Business,Junior,17
S08317,Student_8317,3.29,CS,Junior,135
S08318,Student_8318,3.57,Business,Junior,58
S08319,Student_8319,1.62,SE,Junior,133
S08320,Student_8320,1.7,Data Science,Sophomore,23
S08321,Student_8321,1.53,IT,Sophomore,6
S08322,Student_8322,2.54,IT,Freshman,34
S08323,Student_8323,3.82,Data Science,Sophomore,84
S08324,Student_8324,1.66,IT,Senior,119
S08325,Student_8325,2.76,Finance,Freshman,64
S08326,Student_8326,3.67,Finance,Sophomore,73
S08327,Student_8327,2.82,Finance,Freshman,61
S08328,Student_8328,3.94,IT,Freshman,54
S08329,Student_8329,3.78,Data Science,Sophomore,56
S08330,Student_8330,3.5,IT,Junior,100
S08331,Student_8331,1.95,Finance,Sophomore,27
S08332,Student_8332,2.31,SE,Senior,48
S08333,Student_8333,1.54,CS,Freshman,106
S08334,Student_8334,2.48,Finance,Junior,95
S08335,Student_8335,2.78,SE,Junior,98
S08336,Student_8336,3.24,Data Science,Senior,139
S08337,Student_8337,3.0,Data Science,Freshman,81
S08338,Student_8338,3.31,AI,Sophomore,19
S08339,Student_8339,3.98,Finance,Junior,67
S08340,Student_8340,3.15,Business,Junior,17
S08341,Student_8341,2.21,IT,Freshman,95
S08342,Student_8342,2.75,Business,Senior,81
S08343,Student_8343,2.8,Business,Sophomore,80
S08344,Student_8344,2.89,Finance,Senior,72
S08345,Student_8345,1.73,IT,Freshman,45
S08346,Student_8346,2.96,IT,Junior,132
S08347,Student_8347,2.94,AI,Senior,47
S08348,Student_8348,2.59,Finance,Junior,92
S08349,Student_8349,2.14,Data Science,Sophomore,40
S08350,Student_8350,1.97,Finance,Junior,110
S08351,Student_8351,2.37,AI,Junior,117
S08352,Student_8352,1.89,AI,Junior,90
S08353,Student_8353,3.39,Finance,Freshman,43
S08354,Student_8354,2.96,Finance,Freshman,26
S08355,Student_8355,2.26,CS,Junior,128
S08356,Student_8356,1.6,Business,Junior,31
S08357,Student_8357,3.46,Business,Freshman,8
S08358,Student_8358,1.71,IT,Freshman,86
S08359,Student_8359,3.43,AI,Senior,15
S08360,Student_8360,3.33,Finance,Freshman,12
S08361,Student_8361,1.92,Data Science,Freshman,74
S08362,Student_8362,2.57,IT,Senior,133
S08363,Student_8363,2.13,Business,Sophomore,109
S08364,Student_8364,1.96,Data Science,Sophomore,121
S08365,Student_8365,2.23,AI,Freshman,33
S08366,Student_8366,2.43,IT,Junior,33
S08367,Student_8367,3.98,Data Science,Sophomore,121
S08368,Student_8368,3.74,IT,Freshman,127
S08369,Student_8369,1.72,CS,Senior,128
S08370,Student_8370,2.5,Data Science,Freshman,0
S08371,Student_8371,1.59,Business,Freshman,125
S08372,Student_8372,1.7,AI,Freshman,51
S08373,Student_8373,3.36,AI,Senior,83
S08374,Student_8374,3.77,SE,Junior,41
S08375,Student_8375,1.99,SE,Freshman,96
S08376,Student_8376,3.15,CS,Freshman,72
S08377,Student_8377,2.9,Data Science,Sophomore,23
S08378,Student_8378,3.94,Finance,Junior,80
S08379,Student_8379,2.27,CS,Junior,137
S08380,Student_8380,3.69,SE,Senior,4
S08381,Student_8381,2.9,CS,Sophomore,2
S08382,Student_8382,2.07,Finance,Freshman,36
S08383,Student_8383,3.41,CS,Junior,49
S08384,Student_8384,3.79,Data Science,Senior,95
S08385,Student_8385,2.73,CS,Sophomore,66
S08386,Student_8386,3.55,IT,Freshman,80
S08387,Student_8387,3.3,Business,Sophomore,44
S08388,Student_8388,3.66,AI,Junior,104
S08389,Student_8389,2.76,SE,Junior,75
S08390,Student_8390,3.18,CS,Freshman,11
S08391,Student_8391,3.84,AI,Freshman,70
S08392,Student_8392,3.33,CS,Freshman,23
S08393,Student_8393,3.23,Business,Senior,88
S08394,Student_8394,2.66,SE,Freshman,5
S08395,Student_8395,3.13,CS,Freshman,84
S08396,Student_8396,1.86,Finance,Junior,122
S08397,Student_8397,3.36,Business,Freshman,79
S08398,Student_8398,2.15,SE,Senior,28
S08399,Student_8399,2.4,CS,Senior,98
S08400,Student_8400,1.88,Finance,Freshman,90
S08401,Student_8401,3.42,Business,Senior,79
S08402,Student_8402,3.22,IT,Junior,69
S08403,Student_8403,1.59,AI,Senior,84
S08404,Student_8404,3.34,Business,Senior,36
S08405,Student_8405,3.1,CS,Senior,30
S08406,Student_8406,3.62,CS,Junior,27
S08407,Student_8407,2.76,SE,Senior,56
S08408,Student_8408,1.66,AI,Freshman,101
S08409,Student_8409,2.08,CS,Sophomore,65
S08410,Student_8410,3.71,Data Science,Sophomore,53
S08411,Student_8411,2.1,AI,Sophomore,105
S08412,Student_8412,1.76,SE,Freshman,6
S08413,Student_8413,1.59,IT,Senior,13
S08414,Student_8414,3.51,AI,Junior,27
S08415,Student_8415,2.28,Data Science,Sophomore,92
S08416,Student_8416,2.67,SE,Freshman,32
S08417,Student_8417,3.44,Business,Junior,19
S08418,Student_8418,3.21,IT,Junior,74
S08419,Student_8419,2.42,Data Science,Senior,47
S08420,Student_8420,3.21,CS,Senior,59
S08421,Student_8421,2.71,Data Science,Freshman,15
S08422,Student_8422,2.17,AI,Sophomore,122
S08423,Student_8423,3.25,Finance,Freshman,10
S08424,Student_8424,2.71,IT,Sophomore,35
S08425,Student_8425,1.7,Finance,Junior,108
S08426,Student_8426,2.47,CS,Junior,61
S08427,Student_8427,3.96,IT,Senior,71
S08428,Student_8428,3.05,CS,Senior,11
S08429,Student_8429,2.09,SE,Junior,137
S08430,Student_8430,3.04,SE,Junior,19
S08431,Student_8431,1.52,CS,Freshman,27
S08432,Student_8432,3.71,AI,Senior,41
S08433,Student_8433,3.03,Data Science,Freshman,2
S08434,Student_8434,3.48,AI,Junior,42
S08435,Student_8435,3.68,Finance,Senior,138
S08436,Student_8436,1.79,Finance,Sophomore,53
S08437,Student_8437,2.86,SE,Sophomore,62
S08438,Student_8438,2.33,IT,Freshman,98
S08439,Student_8439,2.02,Data Science,Freshman,123
S08440,Student_8440,2.57,IT,Sophomore,111
S08441,Student_8441,1.96,SE,Junior,32
S08442,Student_8442,3.09,SE,Sophomore,5
S08443,Student_8443,3.79,CS,Junior,56
S08444,Student_8444,3.36,Business,Sophomore,36
S08445,Student_8445,3.58,SE,Sophomore,50
S08446,Student_8446,3.84,CS,Junior,133
S08447,Student_8447,1.7,AI,Sophomore,43
S08448,Student_8448,2.16,CS,Freshman,134
S08449,Student_8449,2.1,Data Science,Senior,44
S08450,Student_8450,2.21,SE,Junior,134
S08451,Student_8451,2.83,IT,Sophomore,40
S08452,Student_8452,2.52,Data Science,Senior,55
S08453,Student_8453,2.09,AI,Freshman,134
S08454,Student_8454,1.89,Business,Senior,13
S08455,Student_8455,1.56,SE,Senior,74
S08456,Student_8456,2.96,CS,Freshman,98
S08457,Student_8457,3.59,Data Science,Senior,99
S08458,Student_8458,3.83,Data Science,Senior,88
S08459,Student_8459,3.13,AI,Sophomore,76
S08460,Student_8460,2.44,IT,Junior,118
S08461,Student_8461,2.59,Finance,Freshman,46
S08462,Student_8462,1.95,CS,Senior,64
S08463,Student_8463,1.62,Finance,Senior,62
S08464,Student_8464,2.48,AI,Freshman,19
S08465,Student_8465,2.54,Business,Senior,5
S08466,Student_8466,1.91,AI,Freshman,35
S08467,Student_8467,3.44,IT,Junior,77
S08468,Student_8468,2.28,Data Science,Freshman,128
S08469,Student_8469,2.13,AI,Freshman,37
S08470,Student_8470,1.71,CS,Senior,103
S08471,Student_8471,1.78,SE,Junior,50
S08472,Student_8472,3.05,IT,Sophomore,1
S08473,Student_8473,3.11,AI,Junior,90
S08474,Student_8474,3.43,SE,Junior,103
S08475,Student_8475,1.6,AI,Freshman,122
S08476,Student_8476,1.86,AI,Freshman,15
S08477,Student_8477,2.68,Data Science,Junior,105
S08478,Student_8478,3.68,Finance,Sophomore,112
S08479,Student_8479,3.97,CS,Freshman,41
S08480,Student_8480,2.53,AI,Sophomore,15
S08481,Student_8481,3.21,IT,Sophomore,2
S08482,Student_8482,3.55,CS,Senior,66
S08483,Student_8483,2.55,Business,Sophomore,81
S08484,Student_8484,3.88,CS,Junior,33
S08485,Student_8485,3.06,SE,Senior,62
S08486,Student_8486,1.63,SE,Freshman,111
S08487,Student_8487,3.21,Business,Freshman,64
S08488,Student_8488,3.12,AI,Senior,76
S08489,Student_8489,3.85,IT,Senior,33
S08490,Student_8490,2.06,CS,Senior,17
S08491,Student_8491,2.96,IT,Freshman,18
S08492,Student_8492,3.42,Data Science,Junior,19
S08493,Student_8493,2.88,IT,Senior,40
S08494,Student_8494,2.29,Finance,Freshman,6
S08495,Student_8495,3.1,Business,Senior,126
S08496,Student_8496,1.95,CS,Senior,139
S08497,Student_8497,3.89,AI,Sophomore,14
S08498,Student_8498,3.49,AI,Sophomore,34
S08499,Student_8499,3.03,Data Science,Junior,88
S08500,Student_8500,3.51,SE,Senior,116
S08501,Student_8501,1.6,Finance,Junior,114
S08502,Student_8502,3.22,IT,Junior,85
S08503,Student_8503,2.54,IT,Senior,93
S08504,Student_8504,3.56,Finance,Sophomore,127
S08505,Student_8505,3.82,IT,Freshman,63
S08506,Student_8506,3.61,AI,Freshman,27
S08507,Student_8507,2.59,SE,Senior,118
S08508,Student_8508,3.95,CS,Sophomore,63
S08509,Student_8509,2.12,Data Science,Senior,60
S08510,Student_8510,1.74,AI,Junior,67
S08511,Student_8511,3.12,Data Science,Junior,60
S08512,Student_8512,3.77,Data Science,Freshman,9
S08513,Student_8513,1.78,Finance,Junior,58
S08514,Student_8514,3.21,SE,Freshman,137
S08515,Student_8515,3.83,AI,Senior,89
S08516,Student_8516,3.86,CS,Sophomore,87
S08517,Student_8517,2.7,AI,Senior,82
S08518,Student_8518,2.15,SE,Junior,92
S08519,Student_8519,3.75,CS,Junior,121
S08520,Student_8520,3.81,SE,Freshman,43
S08521,Student_8521,3.38,Data Science,Senior,122
S08522,Student_8522,1.51,IT,Sophomore,84
S08523,Student_8523,1.78,Data Science,Sophomore,105
S08524,Student_8524,1.95,IT,Senior,0
S08525,Student_8525,2.09,IT,Freshman,116
S08526,Student_8526,2.3,Business,Sophomore,41
S08527,Student_8527,3.25,Business,Sophomore,118
S08528,Student_8528,3.12,Finance,Senior,52
S08529,Student_8529,2.06,SE,Junior,10
S08530,Student_8530,3.4,Data Science,Junior,131
S08531,Student_8531,1.82,AI,Freshman,43
S08532,Student_8532,3.06,Finance,Junior,77
S08533,Student_8533,3.94,AI,Senior,82
S08534,Student_8534,2.79,CS,Junior,43
S08535,Student_8535,3.68,Data Science,Freshman,69
S08536,Student_8536,3.43,IT,Sophomore,76
S08537,Student_8537,3.96,Business,Senior,119
S08538,Student_8538,3.18,CS,Senior,10
S08539,Student_8539,1.8,SE,Freshman,128
S08540,Student_8540,3.5,SE,Junior,71
S08541,Student_8541,2.3,IT,Junior,112
S08542,Student_8542,3.4,IT,Sophomore,122
S08543,Student_8543,2.51,IT,Senior,41
S08544,Student_8544,2.34,IT,Freshman,71
S08545,Student_8545,2.87,Finance,Senior,29
S08546,Student_8546,2.9,Data Science,Senior,134
S08547,Student_8547,3.74,IT,Freshman,32
S08548,Student_8548,2.81,SE,Junior,129
S08549,Student_8549,3.82,AI,Sophomore,95
S08550,Student_8550,2.86,AI,Freshman,70
S08551,Student_8551,1.57,Finance,Sophomore,103
S08552,Student_8552,3.88,CS,Junior,131
S08553,Student_8553,3.8,CS,Sophomore,112
S08554,Student_8554,2.51,IT,Sophomore,31
S08555,Student_8555,2.35,Business,Junior,23
S08556,Student_8556,2.5,SE,Freshman,112
S08557,Student_8557,2.88,Data Science,Senior,25
S08558,Student_8558,3.78,Data Science,Junior,41
S08559,Student_8559,2.37,Data Science,Junior,65
S08560,Student_8560,1.68,Finance,Sophomore,124
S08561,Student_8561,3.09,Data Science,Freshman,37
S08562,Student_8562,1.83,SE,Junior,139
S08563,Student_8563,3.44,Data Science,Senior,29
S08564,Student_8564,3.93,Business,Freshman,90
S08565,Student_8565,3.14,Finance,Freshman,103
S08566,Student_8566,2.47,SE,Sophomore,16
S08567,Student_8567,2.42,AI,Senior,28
S08568,Student_8568,2.15,CS,Freshman,67
S08569,Student_8569,3.48,Business,Senior,100
S08570,Student_8570,1.88,AI,Junior,66
S08571,Student_8571,3.66,AI,Freshman,96
S08572,Student_8572,3.41,Data Science,Sophomore,96
S08573,Student_8573,1.81,AI,Sophomore,114
S08574,Student_8574,1.92,Business,Junior,137
S08575,Student_8575,3.11,SE,Junior,26
S08576,Student_8576,3.79,CS,Senior,86
S08577,Student_8577,2.41,AI,Sophomore,98
S08578,Student_8578,3.13,Data Science,Sophomore,18
S08579,Student_8579,2.07,CS,Sophomore,98
S08580,Student_8580,1.51,CS,Freshman,64
S08581,Student_8581,3.22,SE,Senior,59
S08582,Student_8582,1.64,Finance,Freshman,42
S08583,Student_8583,3.87,AI,Senior,2
S08584,Student_8584,2.62,CS,Senior,21
S08585,Student_8585,3.0,AI,Sophomore,80
S08586,Student_8586,1.91,Finance,Senior,126
S08587,Student_8587,1.93,SE,Senior,23
S08588,Student_8588,2.25,AI,Senior,87
S08589,Student_8589,3.46,SE,Sophomore,55
S08590,Student_8590,1.9,Finance,Senior,89
S08591,Student_8591,3.15,Data Science,Junior,2
S08592,Student_8592,1.96,CS,Freshman,59
S08593,Student_8593,3.2,Data Science,Freshman,4
S08594,Student_8594,1.53,IT,Sophomore,11
S08595,Student_8595,3.35,IT,Freshman,82
S08596,Student_8596,2.7,IT,Sophomore,29
S08597,Student_8597,3.19,AI,Senior,22
S08598,Student_8598,2.3,Data Science,Freshman,45
S08599,Student_8599,2.1,Finance,Junior,93
S08600,Student_8600,3.5,CS,Sophomore,27
S08601,Student_8601,3.27,Finance,Senior,14
S08602,Student_8602,3.82,SE,Senior,93
S08603,Student_8603,1.93,CS,Freshman,40
S08604,Student_8604,3.51,CS,Senior,116
S08605,Student_8605,2.82,IT,Senior,73
S08606,Student_8606,3.28,Business,Junior,135
S08607,Student_8607,2.26,Business,Senior,107
S08608,Student_8608,2.42,IT,Senior,109
S08609,Student_8609,2.66,Business,Junior,82
S08610,Student_8610,1.54,Finance,Freshman,112
S08611,Student_8611,2.18,SE,Senior,84
S08612,Student_8612,3.48,Data Science,Senior,95
S08613,Student_8613,2.69,SE,Senior,85
S08614,Student_8614,2.41,Finance,Freshman,122
S08615,Student_8615,2.27,Business,Junior,101
S08616,Student_8616,2.48,SE,Freshman,139
S08617,Student_8617,3.96,SE,Senior,139
S08618,Student_8618,2.59,IT,Junior,97
S08619,Student_8619,2.11,SE,Senior,113
S08620,Student_8620,1.76,Finance,Senior,132
S08621,Student_8621,2.78,CS,Junior,115
S08622,Student_8622,3.82,SE,Senior,91
S08623,Student_8623,2.21,AI,Senior,131
S08624,Student_8624,2.17,CS,Freshman,84
S08625,Student_8625,1.79,CS,Sophomore,97
S08626,Student_8626,1.91,IT,Junior,72
S08627,Student_8627,3.85,CS,Junior,86
S08628,Student_8628,2.03,IT,Freshman,118
S08629,Student_8629,2.28,CS,Sophomore,83
S08630,Student_8630,2.99,Data Science,Freshman,122
S08631,Student_8631,3.69,AI,Sophomore,99
S08632,Student_8632,3.12,Business,Sophomore,54
S08633,Student_8633,1.85,AI,Sophomore,85
S08634,Student_8634,3.36,CS,Sophomore,1
S08635,Student_8635,3.51,CS,Sophomore,61
S08636,Student_8636,1.56,IT,Sophomore,135
S08637,Student_8637,2.75,Business,Senior,15
S08638,Student_8638,3.88,CS,Junior,66
S08639,Student_8639,3.27,IT,Sophomore,20
S08640,Student_8640,2.43,Data Science,Junior,79
S08641,Student_8641,2.9,Data Science,Junior,31
S08642,Student_8642,2.12,Finance,Junior,110
S08643,Student_8643,1.54,Finance,Sophomore,139
S08644,Student_8644,2.47,Business,Junior,138
S08645,Student_8645,3.03,CS,Senior,82
S08646,Student_8646,3.87,Data Science,Junior,86
S08647,Student_8647,2.11,Data Science,Freshman,140
S08648,Student_8648,2.5,IT,Junior,78
S08649,Student_8649,3.67,SE,Junior,55
S08650,Student_8650,2.68,AI,Freshman,15
S08651,Student_8651,1.97,AI,Sophomore,10
S08652,Student_8652,2.15,IT,Freshman,103
S08653,Student_8653,3.05,IT,Sophomore,4
S08654,Student_8654,3.68,SE,Senior,57
S08655,Student_8655,2.91,Finance,Freshman,71
S08656,Student_8656,1.93,SE,Junior,130
S08657,Student_8657,3.46,Business,Junior,74
S08658,Student_8658,2.92,Business,Sophomore,139
S08659,Student_8659,3.25,IT,Sophomore,21
S08660,Student_8660,2.83,Data Science,Junior,5
S08661,Student_8661,2.28,SE,Senior,127
S08662,Student_8662,1.52,Finance,Senior,97
S08663,Student_8663,2.65,AI,Freshman,94
S08664,Student_8664,3.51,CS,Freshman,89
S08665,Student_8665,3.43,Business,Senior,47
S08666,Student_8666,3.0,Finance,Freshman,16
S08667,Student_8667,1.57,IT,Sophomore,39
S08668,Student_8668,2.98,AI,Junior,111
S08669,Student_8669,2.74,IT,Junior,84
S08670,Student_8670,1.78,Data Science,Junior,116
S08671,Student_8671,2.21,IT,Senior,49
S08672,Student_8672,2.38,Data Science,Junior,111
S08673,Student_8673,1.98,Finance,Junior,51
S08674,Student_8674,1.77,Finance,Sophomore,27
S08675,Student_8675,1.62,IT,Senior,138
S08676,Student_8676,1.53,IT,Junior,90
S08677,Student_8677,2.17,IT,Freshman,78
S08678,Student_8678,2.55,IT,Freshman,135
S08679,Student_8679,2.67,SE,Senior,133
S08680,Student_8680,1.81,AI,Senior,106
S08681,Student_8681,1.99,Data Science,Senior,87
S08682,Student_8682,3.39,SE,Junior,24
S08683,Student_8683,3.47,Finance,Sophomore,93
S08684,Student_8684,2.18,Finance,Sophomore,0
S08685,Student_8685,2.33,CS,Sophomore,52
S08686,Student_8686,2.01,AI,Senior,51
S08687,Student_8687,3.05,AI,Freshman,25
S08688,Student_8688,2.22,SE,Senior,65
S08689,Student_8689,3.55,Business,Junior,112
S08690,Student_8690,2.32,IT,Junior,35
S08691,Student_8691,1.88,AI,Sophomore,66
S08692,Student_8692,2.66,Business,Sophomore,11
S08693,Student_8693,3.01,Finance,Sophomore,60
S08694,Student_8694,2.72,IT,Sophomore,94
S08695,Student_8695,3.27,Finance,Freshman,33
S08696,Student_8696,1.85,SE,Junior,128
S08697,Student_8697,2.01,IT,Sophomore,114
S08698,Student_8698,2.13,AI,Sophomore,127
S08699,Student_8699,3.95,IT,Junior,55
S08700,Student_8700,2.12,CS,Freshman,3
S08701,Student_8701,3.83,IT,Freshman,125
S08702,Student_8702,2.91,Business,Junior,120
S08703,Student_8703,1.67,SE,Junior,90
S08704,Student_8704,3.48,Business,Junior,69
S08705,Student_8705,2.18,SE,Sophomore,96
S08706,Student_8706,3.23,CS,Senior,38
S08707,Student_8707,2.55,Finance,Junior,11
S08708,Student_8708,3.43,IT,Senior,4
S08709,Student_8709,2.78,SE,Junior,58
S08710,Student_8710,3.72,Business,Freshman,97
S08711,Student_8711,1.52,AI,Freshman,7
S08712,Student_8712,3.32,SE,Junior,138
S08713,Student_8713,3.45,CS,Senior,81
S08714,Student_8714,3.15,Business,Freshman,22
S08715,Student_8715,3.7,Finance,Senior,7
S08716,Student_8716,2.01,SE,Freshman,60
S08717,Student_8717,2.06,SE,Sophomore,111
S08718,Student_8718,3.12,Business,Sophomore,32
S08719,Student_8719,2.45,Data Science,Sophomore,40
S08720,Student_8720,3.68,AI,Sophomore,132
S08721,Student_8721,2.72,Business,Senior,48
S08722,Student_8722,2.29,IT,Junior,45
S08723,Student_8723,2.74,CS,Freshman,57
S08724,Student_8724,2.27,Data Science,Senior,110
S08725,Student_8725,2.72,SE,Junior,60
S08726,Student_8726,1.84,Finance,Junior,77
S08727,Student_8727,2.1,IT,Junior,49
S08728,Student_8728,2.88,IT,Sophomore,137
S08729,Student_8729,3.31,Finance,Senior,5
S08730,Student_8730,2.89,Business,Freshman,47
S08731,Student_8731,2.29,Business,Sophomore,120
S08732,Student_8732,1.78,IT,Freshman,71
S08733,Student_8733,3.28,IT,Senior,28
S08734,Student_8734,2.28,SE,Senior,54
S08735,Student_8735,3.36,AI,Freshman,8
S08736,Student_8736,2.83,AI,Junior,134
S08737,Student_8737,1.77,IT,Junior,34
S08738,Student_8738,3.17,IT,Freshman,9
S08739,Student_8739,3.96,CS,Sophomore,111
S08740,Student_8740,1.93,SE,Freshman,129
S08741,Student_8741,2.85,Finance,Junior,12
S08742,Student_8742,3.15,IT,Freshman,14
S08743,Student_8743,4.0,Finance,Freshman,76
S08744,Student_8744,1.65,AI,Senior,25
S08745,Student_8745,2.69,Finance,Sophomore,107
S08746,Student_8746,1.68,IT,Senior,69
S08747,Student_8747,2.43,IT,Senior,11
S08748,Student_8748,3.43,Business,Sophomore,26
S08749,Student_8749,2.5,Data Science,Sophomore,109
S08750,Student_8750,3.29,IT,Sophomore,32
S08751,Student_8751,3.35,CS,Freshman,4
S08752,Student_8752,2.88,IT,Freshman,46
S08753,Student_8753,1.88,SE,Senior,58
S08754,Student_8754,3.1,Finance,Junior,118
S08755,Student_8755,2.31,IT,Sophomore,32
S08756,Student_8756,2.69,CS,Freshman,43
S08757,Student_8757,2.67,SE,Junior,116
S08758,Student_8758,3.51,AI,Junior,89
S08759,Student_8759,2.88,Finance,Sophomore,8
S08760,Student_8760,1.84,Finance,Junior,75
S08761,Student_8761,2.85,SE,Junior,131
S08762,Student_8762,2.28,Business,Senior,26
S08763,Student_8763,1.87,Business,Freshman,112
S08764,Student_8764,2.99,Data Science,Senior,97
S08765,Student_8765,2.8,Data Science,Sophomore,90
S08766,Student_8766,2.74,SE,Freshman,61
S08767,Student_8767,3.03,Business,Junior,96
S08768,Student_8768,3.05,Business,Senior,124
S08769,Student_8769,2.45,IT,Junior,5
S08770,Student_8770,2.85,Data Science,Freshman,126
S08771,Student_8771,1.71,SE,Senior,12
S08772,Student_8772,3.8,CS,Junior,60
S08773,Student_8773,2.29,IT,Sophomore,92
S08774,Student_8774,1.88,Finance,Freshman,94
S08775,Student_8775,3.63,AI,Freshman,92
S08776,Student_8776,1.52,IT,Sophomore,65
S08777,Student_8777,2.29,CS,Junior,139
S08778,Student_8778,3.08,Finance,Junior,130
S08779,Student_8779,2.5,Data Science,Junior,120
S08780,Student_8780,2.11,CS,Senior,96
S08781,Student_8781,2.19,Finance,Junior,68
S08782,Student_8782,3.61,Business,Sophomore,140
S08783,Student_8783,2.71,SE,Sophomore,83
S08784,Student_8784,2.92,SE,Sophomore,42
S08785,Student_8785,3.4,Finance,Sophomore,123
S08786,Student_8786,3.28,CS,Freshman,35
S08787,Student_8787,1.72,AI,Sophomore,85
S08788,Student_8788,2.17,Business,Junior,61
S08789,Student_8789,3.73,SE,Senior,37
S08790,Student_8790,2.61,AI,Sophomore,133
S08791,Student_8791,2.87,Finance,Freshman,37
S08792,Student_8792,3.38,Data Science,Freshman,93
S08793,Student_8793,1.83,AI,Junior,117
S08794,Student_8794,3.05,IT,Freshman,29
S08795,Student_8795,2.75,IT,Junior,60
S08796,Student_8796,2.52,AI,Senior,0
S08797,Student_8797,2.4,CS,Sophomore,86
S08798,Student_8798,3.67,Business,Sophomore,78
S08799,Student_8799,3.83,Data Science,Junior,95
S08800,Student_8800,1.91,Business,Senior,3
S08801,Student_8801,3.97,Data Science,Freshman,128
S08802,Student_8802,3.71,CS,Freshman,94
S08803,Student_8803,3.76,Business,Freshman,124
S08804,Student_8804,1.79,SE,Freshman,75
S08805,Student_8805,2.57,Data Science,Senior,94
S08806,Student_8806,2.62,IT,Senior,2
S08807,Student_8807,2.28,Finance,Senior,39
S08808,Student_8808,2.46,Business,Sophomore,131
S08809,Student_8809,2.64,Business,Freshman,11
S08810,Student_8810,3.37,AI,Senior,123
S08811,Student_8811,3.51,AI,Freshman,23
S08812,Student_8812,3.8,CS,Freshman,79
S08813,Student_8813,3.26,AI,Junior,132
S08814,Student_8814,2.49,IT,Senior,13
S08815,Student_8815,2.81,SE,Sophomore,13
S08816,Student_8816,1.99,Data Science,Freshman,74
S08817,Student_8817,3.89,Business,Sophomore,125
S08818,Student_8818,3.75,Business,Junior,114
S08819,Student_8819,3.54,AI,Junior,95
S08820,Student_8820,1.87,SE,Senior,89
S08821,Student_8821,3.08,IT,Freshman,104
S08822,Student_8822,1.63,AI,Freshman,41
S08823,Student_8823,2.03,CS,Sophomore,135
S08824,Student_8824,3.42,AI,Sophomore,6
S08825,Student_8825,2.57,Finance,Freshman,96
S08826,Student_8826,1.74,IT,Senior,75
S08827,Student_8827,3.04,AI,Freshman,127
S08828,Student_8828,1.81,SE,Sophomore,27
S08829,Student_8829,2.7,Data Science,Freshman,42
S08830,Student_8830,3.15,Data Science,Junior,23
S08831,Student_8831,3.64,IT,Freshman,45
S08832,Student_8832,2.0,CS,Senior,120
S08833,Student_8833,3.28,SE,Senior,114
S08834,Student_8834,2.66,Data Science,Sophomore,105
S08835,Student_8835,1.57,AI,Junior,76
S08836,Student_8836,3.17,Finance,Junior,104
S08837,Student_8837,3.53,IT,Freshman,107
S08838,Student_8838,2.63,Data Science,Senior,31
S08839,Student_8839,1.69,Finance,Junior,80
S08840,Student_8840,2.24,IT,Freshman,93
S08841,Student_8841,3.35,IT,Freshman,71
S08842,Student_8842,3.71,Finance,Senior,72
S08843,Student_8843,3.54,SE,Sophomore,128
S08844,Student_8844,2.47,Finance,Senior,34
S08845,Student_8845,3.76,AI,Senior,112
S08846,Student_8846,2.46,SE,Sophomore,47
S08847,Student_8847,3.36,IT,Sophomore,56
S08848,Student_8848,2.21,IT,Freshman,20
S08849,Student_8849,3.82,Finance,Senior,22
S08850,Student_8850,1.6,AI,Senior,131
S08851,Student_8851,3.9,IT,Freshman,77
S08852,Student_8852,3.71,SE,Junior,57
S08853,Student_8853,2.52,CS,Senior,42
S08854,Student_8854,3.14,AI,Senior,30
S08855,Student_8855,3.9,CS,Freshman,54
S08856,Student_8856,3.64,IT,Junior,16
S08857,Student_8857,3.79,Business,Freshman,108
S08858,Student_8858,3.96,IT,Junior,79
S08859,Student_8859,3.13,Finance,Senior,114
S08860,Student_8860,1.76,CS,Junior,31
S08861,Student_8861,2.01,SE,Sophomore,75
S08862,Student_8862,2.88,Finance,Freshman,82
S08863,Student_8863,3.09,Finance,Senior,13
S08864,Student_8864,3.77,IT,Senior,102
S08865,Student_8865,2.99,Data Science,Junior,12
S08866,Student_8866,2.86,IT,Sophomore,74
S08867,Student_8867,3.88,Business,Freshman,79
S08868,Student_8868,3.22,CS,Freshman,49
S08869,Student_8869,1.51,AI,Freshman,117
S08870,Student_8870,2.69,Data Science,Freshman,28
S08871,Student_8871,2.59,IT,Senior,104
S08872,Student_8872,1.67,Data Science,Junior,39
S08873,Student_8873,3.68,Business,Sophomore,136
S08874,Student_8874,3.88,SE,Sophomore,22
S08875,Student_8875,3.63,Finance,Sophomore,133
S08876,Student_8876,1.87,Business,Sophomore,34
S08877,Student_8877,2.31,Data Science,Sophomore,46
S08878,Student_8878,2.6,Finance,Freshman,97
S08879,Student_8879,3.19,AI,Junior,47
S08880,Student_8880,3.59,Business,Junior,66
S08881,Student_8881,3.61,Data Science,Junior,57
S08882,Student_8882,3.54,IT,Freshman,112
S08883,Student_8883,2.26,IT,Sophomore,87
S08884,Student_8884,1.96,IT,Senior,62
S08885,Student_8885,2.34,AI,Junior,51
S08886,Student_8886,2.01,Business,Sophomore,107
S08887,Student_8887,3.02,CS,Senior,105
S08888,Student_8888,3.12,Data Science,Senior,16
S08889,Student_8889,1.95,Data Science,Junior,70
S08890,Student_8890,2.56,Finance,Junior,61
S08891,Student_8891,1.51,AI,Junior,10
S08892,Student_8892,1.76,CS,Junior,104
S08893,Student_8893,3.28,Business,Sophomore,108
S08894,Student_8894,2.67,Finance,Freshman,72
S08895,Student_8895,2.08,Data Science,Freshman,48
S08896,Student_8896,3.74,AI,Freshman,61
S08897,Student_8897,2.83,SE,Freshman,58
S08898,Student_8898,1.69,Finance,Junior,28
S08899,Student_8899,3.83,Finance,Junior,5
S08900,Student_8900,3.01,IT,Senior,61
S08901,Student_8901,2.6,CS,Senior,128
S08902,Student_8902,2.11,AI,Sophomore,12
S08903,Student_8903,3.63,IT,Senior,36
S08904,Student_8904,3.3,SE,Freshman,54
S08905,Student_8905,3.42,IT,Senior,99
S08906,Student_8906,2.45,Finance,Sophomore,117
S08907,Student_8907,3.88,Data Science,Sophomore,98
S08908,Student_8908,2.51,CS,Senior,4
S08909,Student_8909,3.53,AI,Freshman,72
S08910,Student_8910,2.95,IT,Senior,135
S08911,Student_8911,3.4,Data Science,Freshman,43
S08912,Student_8912,2.42,Data Science,Sophomore,63
S08913,Student_8913,3.62,Finance,Junior,8
S08914,Student_8914,2.6,IT,Freshman,47
S08915,Student_8915,3.39,SE,Junior,34
S08916,Student_8916,3.17,Finance,Sophomore,19
S08917,Student_8917,1.85,AI,Senior,88
S08918,Student_8918,2.06,IT,Freshman,63
S08919,Student_8919,2.27,AI,Junior,19
S08920,Student_8920,2.74,CS,Senior,8
S08921,Student_8921,3.91,Data Science,Freshman,23
S08922,Student_8922,2.79,Finance,Sophomore,94
S08923,Student_8923,2.88,Finance,Senior,109
S08924,Student_8924,2.67,Data Science,Sophomore,66
S08925,Student_8925,2.57,AI,Sophomore,28
S08926,Student_8926,2.52,IT,Senior,83
S08927,Student_8927,2.73,SE,Junior,20
S08928,Student_8928,3.11,Finance,Freshman,136
S08929,Student_8929,1.53,Business,Senior,86
S08930,Student_8930,3.42,IT,Junior,46
S08931,Student_8931,1.72,Business,Sophomore,18
S08932,Student_8932,2.31,CS,Freshman,1
S08933,Student_8933,3.13,AI,Sophomore,92
S08934,Student_8934,3.37,AI,Junior,47
S08935,Student_8935,1.67,Data Science,Freshman,86
S08936,Student_8936,3.64,CS,Sophomore,38
S08937,Student_8937,2.41,IT,Sophomore,75
S08938,Student_8938,2.63,CS,Senior,92
S08939,Student_8939,2.62,IT,Senior,46
S08940,Student_8940,3.67,Data Science,Senior,120
S08941,Student_8941,2.92,IT,Junior,135
S08942,Student_8942,2.0,Business,Junior,116
S08943,Student_8943,3.21,IT,Sophomore,99
S08944,Student_8944,1.51,Finance,Freshman,60
S08945,Student_8945,3.97,Finance,Junior,19
S08946,Student_8946,2.97,IT,Senior,70
S08947,Student_8947,3.66,Business,Junior,56
S08948,Student_8948,2.51,AI,Junior,19
S08949,Student_8949,2.4,CS,Junior,118
S08950,Student_8950,2.58,Data Science,Junior,131
S08951,Student_8951,2.32,AI,Senior,34
S08952,Student_8952,3.91,Finance,Freshman,109
S08953,Student_8953,2.55,SE,Senior,31
S08954,Student_8954,2.68,AI,Freshman,17
S08955,Student_8955,2.02,AI,Junior,99
S08956,Student_8956,2.26,CS,Freshman,120
S08957,Student_8957,2.28,Business,Freshman,80
S08958,Student_8958,3.55,Business,Senior,66
S08959,Student_8959,2.11,IT,Freshman,110
S08960,Student_8960,1.77,Data Science,Sophomore,103
S08961,Student_8961,2.26,AI,Junior,96
S08962,Student_8962,3.24,IT,Junior,109
S08963,Student_8963,1.85,AI,Senior,124
S08964,Student_8964,3.37,Data Science,Sophomore,107
S08965,Student_8965,3.32,Finance,Senior,44
S08966,Student_8966,3.43,AI,Junior,92
S08967,Student_8967,4.0,IT,Sophomore,80
S08968,Student_8968,2.49,Data Science,Junior,101
S08969,Student_8969,3.1,Finance,Sophomore,1
S08970,Student_8970,1.79,CS,Sophomore,2
S08971,Student_8971,2.87,Business,Sophomore,51
S08972,Student_8972,3.36,AI,Freshman,96
S08973,Student_8973,2.59,Business,Senior,18
S08974,Student_8974,1.6,IT,Freshman,118
S08975,Student_8975,2.05,AI,Sophomore,98
S08976,Student_8976,2.53,IT,Freshman,58
S08977,Student_8977,1.9,SE,Sophomore,65
S08978,Student_8978,2.14,IT,Freshman,32
S08979,Student_8979,2.11,AI,Freshman,60
S08980,Student_8980,2.21,AI,Senior,2
S08981,Student_8981,1.89,CS,Sophomore,132
S08982,Student_8982,2.58,IT,Junior,53
S08983,Student_8983,2.91,Finance,Sophomore,18
S08984,Student_8984,3.54,IT,Freshman,76
S08985,Student_8985,2.12,SE,Senior,103
S08986,Student_8986,3.02,Business,Sophomore,56
S08987,Student_8987,1.74,Business,Freshman,15
S08988,Student_8988,3.57,Data Science,Freshman,7
S08989,Student_8989,3.86,AI,Freshman,43
S08990,Student_8990,3.43,Finance,Sophomore,117
S08991,Student_8991,2.51,Data Science,Senior,49
S08992,Student_8992,2.92,CS,Sophomore,105
S08993,Student_8993,1.56,CS,Freshman,96
S08994,Student_8994,1.52,Data Science,Sophomore,17
S08995,Student_8995,2.54,AI,Sophomore,27
S08996,Student_8996,1.89,AI,Junior,54
S08997,Student_8997,2.89,Business,Senior,55
S08998,Student_8998,2.04,SE,Freshman,136
S08999,Student_8999,1.52,Data Science,Senior,16
S09000,Student_9000,2.17,Data Science,Senior,88
S09001,Student_9001,3.11,Data Science,Sophomore,137
S09002,Student_9002,2.96,Data Science,Senior,36
S09003,Student_9003,2.1,AI,Freshman,52
S09004,Student_9004,3.82,CS,Junior,3
S09005,Student_9005,1.54,Finance,Junior,41
S09006,Student_9006,3.01,Business,Junior,93
S09007,Student_9007,2.41,Business,Senior,82
S09008,Student_9008,3.07,Finance,Senior,136
S09009,Student_9009,3.36,Data Science,Sophomore,2
S09010,Student_9010,3.32,Finance,Senior,100
S09011,Student_9011,3.2,IT,Freshman,106
S09012,Student_9012,2.58,SE,Sophomore,110
S09013,Student_9013,3.6,SE,Sophomore,125
S09014,Student_9014,3.79,CS,Freshman,14
S09015,Student_9015,2.85,Business,Junior,11
S09016,Student_9016,2.5,IT,Freshman,129
S09017,Student_9017,3.18,Finance,Senior,69
S09018,Student_9018,2.31,AI,Sophomore,88
S09019,Student_9019,2.66,AI,Freshman,36
S09020,Student_9020,1.84,CS,Freshman,9
S09021,Student_9021,3.55,SE,Freshman,84
S09022,Student_9022,3.77,AI,Freshman,54
S09023,Student_9023,3.13,Finance,Senior,69
S09024,Student_9024,2.46,IT,Sophomore,99
S09025,Student_9025,2.51,AI,Junior,68
S09026,Student_9026,2.5,Data Science,Freshman,106
S09027,Student_9027,2.65,IT,Junior,128
S09028,Student_9028,3.19,AI,Sophomore,97
S09029,Student_9029,2.14,IT,Junior,64
S09030,Student_9030,2.4,Business,Sophomore,135
S09031,Student_9031,2.07,Business,Sophomore,138
S09032,Student_9032,2.03,Data Science,Junior,130
S09033,Student_9033,3.15,Business,Senior,5
S09034,Student_9034,2.37,SE,Sophomore,40
S09035,Student_9035,3.8,CS,Junior,112
S09036,Student_9036,2.67,Data Science,Senior,137
S09037,Student_9037,3.43,Business,Senior,46
S09038,Student_9038,1.78,Finance,Freshman,73
S09039,Student_9039,2.08,IT,Sophomore,76
S09040,Student_9040,2.59,CS,Junior,39
S09041,Student_9041,1.82,IT,Freshman,117
S09042,Student_9042,1.97,SE,Junior,77
S09043,Student_9043,2.71,Data Science,Sophomore,127
S09044,Student_9044,2.71,AI,Junior,102
S09045,Student_9045,2.18,AI,Junior,106
S09046,Student_9046,2.32,Business,Sophomore,9
S09047,Student_9047,1.61,SE,Sophomore,39
S09048,Student_9048,3.0,Data Science,Senior,121
S09049,Student_9049,3.2,SE,Freshman,130
S09050,Student_9050,3.86,Finance,Senior,11
S09051,Student_9051,2.7,IT,Sophomore,121
S09052,Student_9052,2.54,Data Science,Freshman,45
S09053,Student_9053,1.76,CS,Freshman,31
S09054,Student_9054,2.17,SE,Freshman,110
S09055,Student_9055,3.06,IT,Junior,43
S09056,Student_9056,1.82,SE,Freshman,58
S09057,Student_9057,3.92,IT,Senior,53
S09058,Student_9058,1.62,Business,Sophomore,46
S09059,Student_9059,3.88,CS,Freshman,71
S09060,Student_9060,2.14,Data Science,Senior,130
S09061,Student_9061,3.24,IT,Sophomore,18
S09062,Student_9062,2.34,IT,Junior,31
S09063,Student_9063,1.98,Business,Senior,34
S09064,Student_9064,1.61,Data Science,Freshman,140
S09065,Student_9065,3.0,AI,Senior,94
S09066,Student_9066,2.76,Data Science,Junior,55
S09067,Student_9067,2.6,CS,Junior,8
S09068,Student_9068,3.2,Data Science,Senior,112
S09069,Student_9069,3.84,Finance,Freshman,97
S09070,Student_9070,3.44,IT,Sophomore,25
S09071,Student_9071,3.51,CS,Sophomore,118
S09072,Student_9072,2.4,Finance,Freshman,54
S09073,Student_9073,1.58,Data Science,Sophomore,17
S09074,Student_9074,1.53,CS,Senior,88
S09075,Student_9075,2.12,IT,Senior,22
S09076,Student_9076,1.63,CS,Senior,5
S09077,Student_9077,3.55,CS,Junior,69
S09078,Student_9078,3.94,Data Science,Freshman,49
S09079,Student_9079,3.2,Finance,Sophomore,23
S09080,Student_9080,1.88,AI,Freshman,23
S09081,Student_9081,2.56,IT,Junior,45
S09082,Student_9082,2.41,CS,Senior,23
S09083,Student_9083,2.33,IT,Sophomore,119
S09084,Student_9084,3.63,Data Science,Junior,4
S09085,Student_9085,3.69,SE,Junior,46
S09086,Student_9086,2.82,IT,Senior,44
S09087,Student_9087,3.11,Business,Sophomore,93
S09088,Student_9088,3.65,Finance,Sophomore,83
S09089,Student_9089,3.25,Business,Freshman,85
S09090,Student_9090,1.82,Business,Freshman,56
S09091,Student_9091,2.23,Business,Sophomore,21
S09092,Student_9092,2.71,SE,Senior,140
S09093,Student_9093,2.78,CS,Sophomore,48
S09094,Student_9094,2.81,Business,Junior,62
S09095,Student_9095,2.64,Data Science,Freshman,34
S09096,Student_9096,3.52,IT,Junior,136
S09097,Student_9097,1.94,Data Science,Sophomore,82
S09098,Student_9098,2.87,Finance,Freshman,79
S09099,Student_9099,3.47,Business,Senior,117
S09100,Student_9100,3.52,SE,Freshman,48
S09101,Student_9101,1.66,CS,Freshman,48
S09102,Student_9102,3.77,IT,Sophomore,71
S09103,Student_9103,1.86,CS,Freshman,87
S09104,Student_9104,3.0,IT,Junior,71
S09105,Student_9105,3.59,Finance,Junior,60
S09106,Student_9106,2.89,IT,Sophomore,33
S09107,Student_9107,2.64,Business,Sophomore,48
S09108,Student_9108,3.3,Data Science,Sophomore,59
S09109,Student_9109,3.24,Business,Freshman,100
S09110,Student_9110,3.95,Data Science,Senior,123
S09111,Student_9111,3.22,CS,Senior,59
S09112,Student_9112,2.91,IT,Freshman,52
S09113,Student_9113,2.6,Data Science,Senior,59
S09114,Student_9114,3.26,Finance,Freshman,54
S09115,Student_9115,1.9,CS,Junior,39
S09116,Student_9116,2.98,Business,Sophomore,125
S09117,Student_9117,3.92,Data Science,Freshman,53
S09118,Student_9118,2.53,SE,Senior,123
S09119,Student_9119,3.62,Data Science,Junior,15
S09120,Student_9120,2.7,Data Science,Freshman,1
S09121,Student_9121,2.96,CS,Junior,55
S09122,Student_9122,3.17,Business,Junior,11
S09123,Student_9123,3.77,IT,Senior,39
S09124,Student_9124,2.61,Data Science,Sophomore,86
S09125,Student_9125,2.56,Data Science,Freshman,50
S09126,Student_9126,2.47,Business,Junior,135
S09127,Student_9127,3.72,Data Science,Junior,23
S09128,Student_9128,1.88,SE,Freshman,10
S09129,Student_9129,3.21,Finance,Sophomore,48
S09130,Student_9130,2.88,Finance,Sophomore,78
S09131,Student_9131,2.75,IT,Freshman,32
S09132,Student_9132,3.67,SE,Sophomore,135
S09133,Student_9133,3.68,Data Science,Junior,41
S09134,Student_9134,3.49,IT,Senior,17
S09135,Student_9135,2.4,SE,Senior,85
S09136,Student_9136,2.68,Finance,Freshman,27
S09137,Student_9137,3.25,Business,Junior,81
S09138,Student_9138,3.7,AI,Senior,75
S09139,Student_9139,3.65,SE,Freshman,16
S09140,Student_9140,3.62,IT,Junior,65
S09141,Student_9141,3.27,CS,Sophomore,3
S09142,Student_9142,3.79,Finance,Freshman,62
S09143,Student_9143,2.69,Data Science,Sophomore,79
S09144,Student_9144,3.74,Finance,Sophomore,43
S09145,Student_9145,2.46,Finance,Freshman,11
S09146,Student_9146,3.23,Business,Junior,49
S09147,Student_9147,3.57,CS,Freshman,107
S09148,Student_9148,1.52,Data Science,Senior,87
S09149,Student_9149,2.65,Business,Senior,100
S09150,Student_9150,3.68,Business,Freshman,30
S09151,Student_9151,1.51,AI,Junior,44
S09152,Student_9152,2.2,CS,Junior,34
S09153,Student_9153,2.9,SE,Sophomore,132
S09154,Student_9154,2.81,CS,Senior,7
S09155,Student_9155,1.71,IT,Junior,130
S09156,Student_9156,2.13,Business,Freshman,99
S09157,Student_9157,2.44,CS,Freshman,48
S09158,Student_9158,2.46,Finance,Senior,43
S09159,Student_9159,2.97,SE,Sophomore,81
S09160,Student_9160,1.73,Finance,Freshman,137
S09161,Student_9161,3.4,Data Science,Sophomore,125
S09162,Student_9162,1.53,AI,Freshman,46
S09163,Student_9163,3.39,Finance,Sophomore,20
S09164,Student_9164,2.07,Data Science,Sophomore,38
S09165,Student_9165,3.77,Finance,Senior,102
S09166,Student_9166,2.2,Finance,Senior,102
S09167,Student_9167,3.72,SE,Freshman,69
S09168,Student_9168,2.29,CS,Junior,70
S09169,Student_9169,3.45,AI,Junior,99
S09170,Student_9170,3.76,Data Science,Freshman,4
S09171,Student_9171,1.62,SE,Freshman,95
S09172,Student_9172,1.76,AI,Freshman,53
S09173,Student_9173,3.02,SE,Sophomore,54
S09174,Student_9174,1.75,CS,Freshman,25
S09175,Student_9175,2.67,Finance,Sophomore,94
S09176,Student_9176,3.27,SE,Freshman,30
S09177,Student_9177,3.8,Finance,Sophomore,57
S09178,Student_9178,3.75,Data Science,Senior,24
S09179,Student_9179,2.88,AI,Sophomore,124
S09180,Student_9180,2.15,Business,Freshman,40
S09181,Student_9181,1.56,AI,Freshman,139
S09182,Student_9182,3.17,Finance,Freshman,60
S09183,Student_9183,3.13,IT,Junior,86
S09184,Student_9184,2.38,Data Science,Junior,100
S09185,Student_9185,2.81,Data Science,Sophomore,27
S09186,Student_9186,3.03,Data Science,Junior,64
S09187,Student_9187,2.85,Business,Junior,29
S09188,Student_9188,2.86,Business,Sophomore,69
S09189,Student_9189,2.09,CS,Junior,59
S09190,Student_9190,3.23,Business,Sophomore,111
S09191,Student_9191,1.58,Finance,Freshman,126
S09192,Student_9192,3.39,Business,Sophomore,122
S09193,Student_9193,3.2,IT,Junior,52
S09194,Student_9194,3.5,CS,Senior,68
S09195,Student_9195,2.19,CS,Senior,74
S09196,Student_9196,1.95,Business,Senior,135
S09197,Student_9197,1.65,Finance,Sophomore,87
S09198,Student_9198,3.46,IT,Senior,89
S09199,Student_9199,2.21,IT,Junior,57
S09200,Student_9200,1.57,AI,Senior,44
S09201,Student_9201,1.51,CS,Freshman,139
S09202,Student_9202,3.92,Business,Junior,14
S09203,Student_9203,3.92,IT,Junior,56
S09204,Student_9204,3.71,Business,Sophomore,44
S09205,Student_9205,3.82,Finance,Sophomore,81
S09206,Student_9206,3.18,Business,Junior,83
S09207,Student_9207,2.5,CS,Freshman,117
S09208,Student_9208,1.98,Finance,Junior,79
S09209,Student_9209,3.3,Finance,Sophomore,61
S09210,Student_9210,2.28,Business,Senior,114
S09211,Student_9211,1.9,SE,Senior,49
S09212,Student_9212,1.94,Data Science,Sophomore,127
S09213,Student_9213,1.64,IT,Freshman,0
S09214,Student_9214,3.12,Finance,Senior,116
S09215,Student_9215,1.65,AI,Sophomore,23
S09216,Student_9216,2.56,Finance,Senior,55
S09217,Student_9217,2.24,Business,Sophomore,52
S09218,Student_9218,1.75,IT,Senior,18
S09219,Student_9219,1.94,Data Science,Junior,106
S09220,Student_9220,3.25,SE,Freshman,61
S09221,Student_9221,2.59,IT,Senior,104
S09222,Student_9222,3.65,CS,Freshman,44
S09223,Student_9223,3.57,CS,Sophomore,95
S09224,Student_9224,2.87,Finance,Freshman,107
S09225,Student_9225,3.99,AI,Junior,97
S09226,Student_9226,2.64,Data Science,Freshman,117
S09227,Student_9227,3.83,SE,Junior,57
S09228,Student_9228,2.6,Finance,Freshman,27
S09229,Student_9229,3.64,Data Science,Freshman,30
S09230,Student_9230,3.13,Finance,Junior,32
S09231,Student_9231,3.33,Finance,Freshman,61
S09232,Student_9232,3.82,Finance,Junior,61
S09233,Student_9233,2.06,SE,Senior,112
S09234,Student_9234,1.66,Business,Freshman,92
S09235,Student_9235,1.53,SE,Sophomore,31
S09236,Student_9236,2.34,AI,Junior,1
S09237,Student_9237,2.04,IT,Sophomore,111
S09238,Student_9238,1.57,CS,Sophomore,74
S09239,Student_9239,2.31,CS,Freshman,34
S09240,Student_9240,1.71,Data Science,Junior,62
S09241,Student_9241,2.56,AI,Senior,99
S09242,Student_9242,2.96,Finance,Senior,116
S09243,Student_9243,3.94,SE,Senior,68
S09244,Student_9244,3.52,Finance,Freshman,29
S09245,Student_9245,1.7,IT,Senior,135
S09246,Student_9246,2.43,Data Science,Junior,57
S09247,Student_9247,3.87,CS,Freshman,2
S09248,Student_9248,1.74,Business,Senior,26
S09249,Student_9249,3.87,IT,Senior,126
S09250,Student_9250,2.95,IT,Senior,92
S09251,Student_9251,1.82,IT,Freshman,5
S09252,Student_9252,3.28,Finance,Junior,65
S09253,Student_9253,3.52,SE,Sophomore,54
S09254,Student_9254,2.95,Data Science,Freshman,115
S09255,Student_9255,2.71,Finance,Junior,119
S09256,Student_9256,3.72,CS,Senior,78
S09257,Student_9257,2.32,Finance,Sophomore,104
S09258,Student_9258,2.3,Data Science,Freshman,6
S09259,Student_9259,2.36,SE,Sophomore,20
S09260,Student_9260,3.05,Data Science,Sophomore,115
S09261,Student_9261,1.85,IT,Freshman,8
S09262,Student_9262,2.93,Finance,Junior,26
S09263,Student_9263,1.84,IT,Freshman,101
S09264,Student_9264,3.44,IT,Senior,112
S09265,Student_9265,3.99,Business,Freshman,63
S09266,Student_9266,3.1,IT,Sophomore,122
S09267,Student_9267,3.23,IT,Freshman,55
S09268,Student_9268,1.99,SE,Freshman,77
S09269,Student_9269,2.73,Data Science,Freshman,137
S09270,Student_9270,3.56,Business,Junior,74
S09271,Student_9271,1.57,Business,Senior,130
S09272,Student_9272,2.19,IT,Senior,24
S09273,Student_9273,3.47,Business,Junior,134
S09274,Student_9274,3.86,CS,Junior,59
S09275,Student_9275,3.8,Business,Sophomore,132
S09276,Student_9276,2.5,Finance,Junior,96
S09277,Student_9277,3.17,IT,Sophomore,39
S09278,Student_9278,3.68,AI,Freshman,109
S09279,Student_9279,2.33,Data Science,Freshman,89
S09280,Student_9280,2.23,CS,Freshman,129
S09281,Student_9281,2.75,IT,Senior,14
S09282,Student_9282,1.59,IT,Senior,68
S09283,Student_9283,2.16,Business,Junior,40
S09284,Student_9284,1.66,Data Science,Freshman,99
S09285,Student_9285,2.99,CS,Senior,21
S09286,Student_9286,3.5,IT,Freshman,58
S09287,Student_9287,2.97,AI,Sophomore,104
S09288,Student_9288,2.16,CS,Senior,61
S09289,Student_9289,3.73,Data Science,Junior,45
S09290,Student_9290,2.94,IT,Senior,92
S09291,Student_9291,3.74,AI,Sophomore,89
S09292,Student_9292,1.9,IT,Junior,117
S09293,Student_9293,1.78,AI,Sophomore,95
S09294,Student_9294,3.24,IT,Senior,32
S09295,Student_9295,1.9,SE,Senior,81
S09296,Student_9296,1.77,IT,Junior,130
S09297,Student_9297,3.38,CS,Senior,125
S09298,Student_9298,3.95,Business,Sophomore,9
S09299,Student_9299,3.03,SE,Senior,56
S09300,Student_9300,2.13,Finance,Freshman,73
S09301,Student_9301,3.48,Data Science,Senior,126
S09302,Student_9302,3.56,Finance,Junior,130
S09303,Student_9303,2.5,AI,Sophomore,45
S09304,Student_9304,3.12,IT,Junior,113
S09305,Student_9305,4.0,SE,Sophomore,84
S09306,Student_9306,3.84,Business,Senior,47
S09307,Student_9307,1.76,Business,Senior,115
S09308,Student_9308,2.67,Finance,Freshman,121
S09309,Student_9309,3.98,CS,Junior,125
S09310,Student_9310,3.13,SE,Sophomore,17
S09311,Student_9311,3.63,CS,Junior,132
S09312,Student_9312,1.8,Data Science,Freshman,127
S09313,Student_9313,1.67,IT,Junior,46
S09314,Student_9314,3.26,AI,Freshman,2
S09315,Student_9315,3.8,Business,Freshman,112
S09316,Student_9316,2.96,Business,Sophomore,130
S09317,Student_9317,3.03,Finance,Freshman,119
S09318,Student_9318,2.4,Finance,Freshman,78
S09319,Student_9319,3.75,Finance,Freshman,79
S09320,Student_9320,2.91,Business,Junior,106
S09321,Student_9321,1.59,SE,Senior,56
S09322,Student_9322,3.53,IT,Senior,54
S09323,Student_9323,1.53,CS,Junior,26
S09324,Student_9324,2.28,CS,Junior,11
S09325,Student_9325,2.2,IT,Senior,5
S09326,Student_9326,1.88,Data Science,Freshman,5
S09327,Student_9327,2.14,CS,Sophomore,78
S09328,Student_9328,1.57,SE,Sophomore,76
S09329,Student_9329,3.74,SE,Sophomore,114
S09330,Student_9330,2.7,Data Science,Sophomore,120
S09331,Student_9331,2.97,Data Science,Senior,60
S09332,Student_9332,2.91,Data Science,Junior,14
S09333,Student_9333,2.8,Data Science,Junior,116
S09334,Student_9334,3.32,Business,Junior,134
S09335,Student_9335,2.32,Finance,Junior,87
S09336,Student_9336,3.97,SE,Sophomore,117
S09337,Student_9337,3.93,Data Science,Junior,109
S09338,Student_9338,3.77,Data Science,Junior,7
S09339,Student_9339,2.04,AI,Junior,79
S09340,Student_9340,2.88,Business,Senior,44
S09341,Student_9341,2.49,SE,Senior,19
S09342,Student_9342,2.71,AI,Sophomore,75
S09343,Student_9343,3.88,SE,Junior,42
S09344,Student_9344,2.73,Business,Sophomore,105
S09345,Student_9345,2.61,IT,Senior,44
S09346,Student_9346,2.32,Data Science,Junior,134
S09347,Student_9347,1.54,Business,Senior,56
S09348,Student_9348,1.94,CS,Senior,47
S09349,Student_9349,1.57,Finance,Sophomore,136
S09350,Student_9350,2.63,AI,Senior,72
S09351,Student_9351,3.23,Business,Sophomore,44
S09352,Student_9352,1.76,AI,Senior,84
S09353,Student_9353,1.61,CS,Freshman,127
S09354,Student_9354,1.81,CS,Senior,25
S09355,Student_9355,2.58,Business,Sophomore,5
S09356,Student_9356,3.97,CS,Freshman,32
S09357,Student_9357,2.43,Business,Senior,57
S09358,Student_9358,1.78,AI,Freshman,95
S09359,Student_9359,3.58,Business,Junior,118
S09360,Student_9360,2.34,CS,Senior,81
S09361,Student_9361,1.87,SE,Sophomore,27
S09362,Student_9362,3.42,CS,Junior,139
S09363,Student_9363,1.72,AI,Sophomore,131
S09364,Student_9364,2.71,Data Science,Junior,129
S09365,Student_9365,2.83,CS,Freshman,106
S09366,Student_9366,3.72,IT,Senior,33
S09367,Student_9367,3.27,Business,Junior,88
S09368,Student_9368,1.58,CS,Senior,96
S09369,Student_9369,3.14,SE,Senior,139
S09370,Student_9370,3.19,Finance,Junior,86
S09371,Student_9371,3.6,IT,Senior,24
S09372,Student_9372,2.7,Data Science,Senior,29
S09373,Student_9373,2.7,AI,Freshman,68
S09374,Student_9374,3.5,SE,Junior,130
S09375,Student_9375,2.54,CS,Senior,133
S09376,Student_9376,3.14,Data Science,Senior,19
S09377,Student_9377,3.0,Business,Senior,13
S09378,Student_9378,4.0,AI,Senior,57
S09379,Student_9379,2.58,CS,Junior,129
S09380,Student_9380,2.83,CS,Senior,39
S09381,Student_9381,2.36,Finance,Sophomore,133
S09382,Student_9382,3.14,IT,Senior,35
S09383,Student_9383,3.53,Business,Senior,58
S09384,Student_9384,2.4,Data Science,Sophomore,73
S09385,Student_9385,3.68,IT,Senior,81
S09386,Student_9386,2.33,AI,Sophomore,70
S09387,Student_9387,3.44,IT,Freshman,134
S09388,Student_9388,3.37,Business,Junior,75
S09389,Student_9389,2.85,IT,Sophomore,43
S09390,Student_9390,2.28,IT,Freshman,0
S09391,Student_9391,2.07,AI,Junior,6
S09392,Student_9392,3.26,IT,Junior,138
S09393,Student_9393,3.02,Business,Freshman,38
S09394,Student_9394,3.62,Business,Junior,54
S09395,Student_9395,2.03,Finance,Freshman,30
S09396,Student_9396,3.64,Business,Sophomore,33
S09397,Student_9397,2.05,CS,Freshman,12
S09398,Student_9398,3.75,SE,Freshman,100
S09399,Student_9399,1.98,Finance,Junior,53
S09400,Student_9400,3.83,AI,Sophomore,30
S09401,Student_9401,2.67,CS,Senior,86
S09402,Student_9402,1.8,AI,Junior,0
S09403,Student_9403,2.36,IT,Sophomore,17
S09404,Student_9404,3.71,Data Science,Junior,72
S09405,Student_9405,3.31,AI,Senior,95
S09406,Student_9406,3.32,AI,Senior,24
S09407,Student_9407,2.94,Finance,Senior,114
S09408,Student_9408,3.1,AI,Sophomore,47
S09409,Student_9409,2.23,IT,Freshman,132
S09410,Student_9410,3.17,Data Science,Senior,72
S09411,Student_9411,1.89,AI,Freshman,61
S09412,Student_9412,3.8,Finance,Junior,133
S09413,Student_9413,3.07,AI,Freshman,106
S09414,Student_9414,3.6,Finance,Senior,77
S09415,Student_9415,3.88,Business,Freshman,11
S09416,Student_9416,3.79,Finance,Senior,137
S09417,Student_9417,1.63,CS,Freshman,123
S09418,Student_9418,3.09,IT,Freshman,129
S09419,Student_9419,1.56,AI,Freshman,43
S09420,Student_9420,2.27,Finance,Junior,86
S09421,Student_9421,3.86,SE,Sophomore,112
S09422,Student_9422,1.63,Business,Junior,9
S09423,Student_9423,2.84,AI,Sophomore,81
S09424,Student_9424,2.56,SE,Sophomore,60
S09425,Student_9425,2.66,SE,Junior,63
S09426,Student_9426,2.53,SE,Sophomore,64
S09427,Student_9427,1.92,CS,Sophomore,22
S09428,Student_9428,2.08,Data Science,Junior,86
S09429,Student_9429,3.33,CS,Sophomore,98
S09430,Student_9430,2.24,Data Science,Senior,73
S09431,Student_9431,1.98,Finance,Sophomore,6
S09432,Student_9432,2.08,Data Science,Sophomore,93
S09433,Student_9433,2.95,Finance,Freshman,38
S09434,Student_9434,2.97,IT,Senior,43
S09435,Student_9435,1.91,Finance,Sophomore,14
S09436,Student_9436,3.79,Data Science,Senior,127
S09437,Student_9437,3.65,Data Science,Senior,60
S09438,Student_9438,3.27,Data Science,Sophomore,16
S09439,Student_9439,3.19,Finance,Sophomore,41
S09440,Student_9440,3.18,Finance,Junior,116
S09441,Student_9441,1.93,IT,Senior,21
S09442,Student_9442,1.95,CS,Senior,111
S09443,Student_9443,3.54,Finance,Freshman,13
S09444,Student_9444,2.31,SE,Freshman,37
S09445,Student_9445,3.52,Finance,Junior,40
S09446,Student_9446,3.49,Data Science,Freshman,20
S09447,Student_9447,3.17,Business,Junior,34
S09448,Student_9448,1.74,Data Science,Senior,45
S09449,Student_9449,1.93,Business,Sophomore,28
S09450,Student_9450,3.98,Data Science,Junior,79
S09451,Student_9451,2.24,IT,Freshman,62
S09452,Student_9452,1.58,SE,Senior,32
S09453,Student_9453,1.56,AI,Junior,67
S09454,Student_9454,2.99,SE,Sophomore,68
S09455,Student_9455,3.31,SE,Senior,20
S09456,Student_9456,2.93,AI,Junior,121
S09457,Student_9457,2.4,CS,Freshman,135
S09458,Student_9458,2.37,CS,Junior,65
S09459,Student_9459,2.76,SE,Senior,35
S09460,Student_9460,3.3,AI,Sophomore,84
S09461,Student_9461,2.8,AI,Sophomore,3
S09462,Student_9462,3.02,Data Science,Sophomore,109
S09463,Student_9463,1.69,Finance,Freshman,74
S09464,Student_9464,3.39,IT,Sophomore,89
S09465,Student_9465,2.78,Data Science,Junior,52
S09466,Student_9466,2.47,Data Science,Freshman,40
S09467,Student_9467,2.73,CS,Sophomore,3
S09468,Student_9468,3.19,SE,Senior,87
S09469,Student_9469,3.83,Business,Junior,88
S09470,Student_9470,3.04,CS,Senior,124
S09471,Student_9471,2.04,AI,Sophomore,61
S09472,Student_9472,1.58,IT,Sophomore,0
S09473,Student_9473,1.96,IT,Junior,4
S09474,Student_9474,1.97,CS,Sophomore,102
S09475,Student_9475,2.3,Data Science,Freshman,39
S09476,Student_9476,1.98,AI,Freshman,125
S09477,Student_9477,3.67,Data Science,Senior,18
S09478,Student_9478,1.79,Data Science,Junior,5
S09479,Student_9479,2.74,IT,Junior,82
S09480,Student_9480,1.8,Business,Freshman,113
S09481,Student_9481,2.67,SE,Senior,134
S09482,Student_9482,3.88,Data Science,Sophomore,27
S09483,Student_9483,2.11,IT,Senior,50
S09484,Student_9484,2.42,Data Science,Sophomore,86
S09485,Student_9485,3.55,IT,Sophomore,139
S09486,Student_9486,2.61,CS,Senior,132
S09487,Student_9487,2.05,Finance,Freshman,140
S09488,Student_9488,2.07,IT,Senior,19
S09489,Student_9489,3.42,Finance,Freshman,32
S09490,Student_9490,2.65,AI,Senior,10
S09491,Student_9491,3.27,CS,Senior,109
S09492,Student_9492,1.96,CS,Senior,56
S09493,Student_9493,1.64,CS,Senior,61
S09494,Student_9494,2.36,Finance,Junior,121
S09495,Student_9495,2.4,IT,Freshman,11
S09496,Student_9496,3.34,Data Science,Sophomore,64
S09497,Student_9497,2.75,Data Science,Freshman,135
S09498,Student_9498,2.36,CS,Sophomore,47
S09499,Student_9499,3.36,AI,Freshman,87
S09500,Student_9500,1.91,Finance,Freshman,110
S09501,Student_9501,1.72,SE,Senior,19
S09502,Student_9502,2.29,Business,Sophomore,82
S09503,Student_9503,2.49,CS,Junior,52
S09504,Student_9504,2.23,Data Science,Senior,52
S09505,Student_9505,3.51,Finance,Sophomore,0
S09506,Student_9506,3.77,Finance,Junior,58
S09507,Student_9507,2.28,Finance,Junior,80
S09508,Student_9508,2.22,IT,Senior,60
S09509,Student_9509,2.8,Finance,Junior,39
S09510,Student_9510,1.72,AI,Freshman,37
S09511,Student_9511,2.89,AI,Freshman,84
S09512,Student_9512,2.95,AI,Junior,38
S09513,Student_9513,2.89,AI,Sophomore,3
S09514,Student_9514,3.19,Business,Senior,59
S09515,Student_9515,2.8,Data Science,Sophomore,127
S09516,Student_9516,2.23,Data Science,Junior,4
S09517,Student_9517,3.58,AI,Junior,25
S09518,Student_9518,3.56,IT,Senior,126
S09519,Student_9519,3.35,AI,Senior,98
S09520,Student_9520,3.33,Data Science,Junior,29
S09521,Student_9521,2.22,Business,Freshman,60
S09522,Student_9522,2.29,Business,Freshman,19
S09523,Student_9523,2.35,SE,Sophomore,37
S09524,Student_9524,3.71,IT,Senior,87
S09525,Student_9525,2.25,CS,Junior,57
S09526,Student_9526,3.0,SE,Junior,109
S09527,Student_9527,1.68,CS,Freshman,21
S09528,Student_9528,3.73,IT,Senior,72
S09529,Student_9529,3.44,Business,Senior,59
S09530,Student_9530,2.98,Data Science,Sophomore,1
S09531,Student_9531,1.89,SE,Freshman,56
S09532,Student_9532,3.15,AI,Junior,90
S09533,Student_9533,3.59,CS,Freshman,72
S09534,Student_9534,1.92,SE,Sophomore,35
S09535,Student_9535,2.55,AI,Freshman,129
S09536,Student_9536,3.44,CS,Freshman,22
S09537,Student_9537,2.5,Business,Senior,21
S09538,Student_9538,1.79,IT,Freshman,71
S09539,Student_9539,1.83,Data Science,Junior,105
S09540,Student_9540,2.32,SE,Freshman,91
S09541,Student_9541,1.63,AI,Sophomore,7
S09542,Student_9542,2.66,Finance,Junior,123
S09543,Student_9543,3.0,Business,Senior,77
S09544,Student_9544,1.99,Finance,Senior,109
S09545,Student_9545,1.61,Business,Sophomore,84
S09546,Student_9546,2.4,SE,Junior,23
S09547,Student_9547,2.44,IT,Freshman,8
S09548,Student_9548,3.36,AI,Junior,18
S09549,Student_9549,3.79,CS,Sophomore,111
S09550,Student_9550,2.78,CS,Freshman,47
S09551,Student_9551,2.88,IT,Senior,126
S09552,Student_9552,3.27,IT,Freshman,79
S09553,Student_9553,2.62,AI,Sophomore,11
S09554,Student_9554,1.8,Business,Junior,55
S09555,Student_9555,3.91,Data Science,Senior,23
S09556,Student_9556,2.83,IT,Junior,59
S09557,Student_9557,3.61,SE,Junior,59
S09558,Student_9558,3.0,SE,Senior,115
S09559,Student_9559,3.94,AI,Senior,126
S09560,Student_9560,3.43,AI,Senior,0
S09561,Student_9561,3.84,Data Science,Senior,64
S09562,Student_9562,2.13,AI,Sophomore,46
S09563,Student_9563,3.65,Business,Sophomore,86
S09564,Student_9564,2.37,SE,Junior,53
S09565,Student_9565,1.85,CS,Sophomore,19
S09566,Student_9566,2.59,CS,Sophomore,59
S09567,Student_9567,3.81,IT,Senior,9
S09568,Student_9568,1.99,SE,Sophomore,75
S09569,Student_9569,2.15,IT,Junior,42
S09570,Student_9570,1.78,IT,Senior,3
S09571,Student_9571,1.75,Finance,Senior,66
S09572,Student_9572,2.71,Business,Sophomore,130
S09573,Student_9573,3.38,AI,Senior,29
S09574,Student_9574,2.55,CS,Freshman,80
S09575,Student_9575,1.85,Business,Freshman,37
S09576,Student_9576,2.56,AI,Sophomore,25
S09577,Student_9577,2.2,Finance,Freshman,14
S09578,Student_9578,2.7,CS,Sophomore,137
S09579,Student_9579,1.72,Business,Junior,90
S09580,Student_9580,2.79,Data Science,Freshman,26
S09581,Student_9581,2.34,Data Science,Senior,117
S09582,Student_9582,3.26,SE,Junior,10
S09583,Student_9583,3.24,Business,Sophomore,8
S09584,Student_9584,1.58,Finance,Junior,117
S09585,Student_9585,2.7,Business,Junior,30
S09586,Student_9586,2.95,IT,Freshman,42
S09587,Student_9587,2.58,Finance,Sophomore,129
S09588,Student_9588,3.31,Data Science,Senior,28
S09589,Student_9589,1.65,IT,Freshman,14
S09590,Student_9590,2.53,AI,Freshman,11
S09591,Student_9591,3.95,Business,Senior,94
S09592,Student_9592,1.91,SE,Freshman,63
S09593,Student_9593,3.2,Business,Freshman,98
S09594,Student_9594,3.1,SE,Senior,4
S09595,Student_9595,1.7,AI,Freshman,129
S09596,Student_9596,3.35,Finance,Senior,109
S09597,Student_9597,1.69,Finance,Sophomore,60
S09598,Student_9598,2.36,Business,Freshman,133
S09599,Student_9599,2.57,CS,Junior,66
S09600,Student_9600,2.04,Business,Senior,126
S09601,Student_9601,2.04,Finance,Senior,23
S09602,Student_9602,1.83,AI,Freshman,92
S09603,Student_9603,3.71,IT,Senior,45
S09604,Student_9604,3.82,Business,Senior,66
S09605,Student_9605,2.29,AI,Sophomore,111
S09606,Student_9606,3.14,Business,Senior,126
S09607,Student_9607,3.82,Business,Junior,100
S09608,Student_9608,3.84,IT,Sophomore,84
S09609,Student_9609,2.38,SE,Senior,118
S09610,Student_9610,1.52,CS,Freshman,119
S09611,Student_9611,1.57,SE,Sophomore,132
S09612,Student_9612,3.46,CS,Sophomore,120
S09613,Student_9613,3.47,CS,Junior,83
S09614,Student_9614,1.6,SE,Senior,34
S09615,Student_9615,2.99,AI,Sophomore,79
S09616,Student_9616,3.78,CS,Junior,46
S09617,Student_9617,2.19,SE,Freshman,129
S09618,Student_9618,2.62,IT,Freshman,2
S09619,Student_9619,3.03,Data Science,Senior,42
S09620,Student_9620,1.53,AI,Senior,81
S09621,Student_9621,2.25,Data Science,Senior,36
S09622,Student_9622,2.85,SE,Junior,120
S09623,Student_9623,3.6,Finance,Senior,21
S09624,Student_9624,2.13,Business,Junior,71
S09625,Student_9625,2.54,SE,Junior,109
S09626,Student_9626,2.5,Data Science,Senior,37
S09627,Student_9627,2.67,Finance,Junior,134
S09628,Student_9628,2.18,Business,Sophomore,116
S09629,Student_9629,3.71,IT,Senior,66
S09630,Student_9630,2.69,Data Science,Freshman,130
S09631,Student_9631,3.17,Finance,Junior,19
S09632,Student_9632,1.53,Finance,Freshman,9
S09633,Student_9633,2.4,Business,Junior,81
S09634,Student_9634,3.38,Finance,Senior,115
S09635,Student_9635,2.02,IT,Senior,41
S09636,Student_9636,2.13,Data Science,Sophomore,121
S09637,Student_9637,2.66,Finance,Junior,111
S09638,Student_9638,2.45,Business,Junior,34
S09639,Student_9639,3.54,Business,Junior,28
S09640,Student_9640,1.85,Finance,Junior,21
S09641,Student_9641,2.21,Business,Freshman,67
S09642,Student_9642,3.97,Finance,Sophomore,90
S09643,Student_9643,3.72,CS,Senior,27
S09644,Student_9644,2.81,AI,Freshman,91
S09645,Student_9645,1.99,CS,Junior,20
S09646,Student_9646,2.19,Finance,Senior,130
S09647,Student_9647,1.94,AI,Junior,18
S09648,Student_9648,3.06,Business,Junior,135
S09649,Student_9649,2.65,Finance,Sophomore,30
S09650,Student_9650,1.75,Data Science,Senior,133
S09651,Student_9651,1.81,AI,Freshman,2
S09652,Student_9652,3.32,AI,Senior,82
S09653,Student_9653,3.34,Finance,Sophomore,114
S09654,Student_9654,2.22,Business,Sophomore,56
S09655,Student_9655,3.3,Business,Junior,14
S09656,Student_9656,3.65,IT,Senior,51
S09657,Student_9657,2.89,CS,Junior,12
S09658,Student_9658,2.35,SE,Senior,127
S09659,Student_9659,3.38,Business,Sophomore,0
S09660,Student_9660,3.14,AI,Sophomore,50
S09661,Student_9661,1.9,Finance,Senior,134
S09662,Student_9662,3.02,Finance,Senior,112
S09663,Student_9663,2.52,AI,Freshman,9
S09664,Student_9664,1.89,CS,Junior,106
S09665,Student_9665,1.67,Finance,Junior,93
S09666,Student_9666,3.23,Data Science,Sophomore,138
S09667,Student_9667,3.32,Finance,Freshman,113
S09668,Student_9668,1.98,AI,Junior,120
S09669,Student_9669,3.32,AI,Sophomore,63
S09670,Student_9670,2.42,AI,Senior,120
S09671,Student_9671,3.58,AI,Senior,70
S09672,Student_9672,2.25,Business,Freshman,28
S09673,Student_9673,1.98,Finance,Sophomore,49
S09674,Student_9674,2.62,Data Science,Junior,110
S09675,Student_9675,2.72,CS,Sophomore,68
S09676,Student_9676,2.57,Business,Sophomore,133
S09677,Student_9677,2.67,Business,Junior,105
S09678,Student_9678,1.65,Finance,Junior,120
S09679,Student_9679,2.66,CS,Senior,129
S09680,Student_9680,2.71,Data Science,Junior,62
S09681,Student_9681,3.11,SE,Freshman,5
S09682,Student_9682,2.55,SE,Junior,25
S09683,Student_9683,3.92,SE,Freshman,82
S09684,Student_9684,3.3,SE,Freshman,24
S09685,Student_9685,3.56,CS,Senior,134
S09686,Student_9686,2.4,Business,Senior,1
S09687,Student_9687,3.29,AI,Senior,64
S09688,Student_9688,2.68,Finance,Senior,16
S09689,Student_9689,1.96,SE,Freshman,125
S09690,Student_9690,3.86,Business,Junior,109
S09691,Student_9691,3.56,CS,Junior,139
S09692,Student_9692,3.31,SE,Senior,98
S09693,Student_9693,3.0,SE,Freshman,49
S09694,Student_9694,2.94,Finance,Sophomore,58
S09695,Student_9695,2.25,IT,Senior,99
S09696,Student_9696,3.07,IT,Senior,66
S09697,Student_9697,3.49,Business,Junior,58
S09698,Student_9698,3.92,IT,Junior,102
S09699,Student_9699,3.05,CS,Sophomore,105
S09700,Student_9700,3.56,Data Science,Sophomore,36
S09701,Student_9701,3.69,Data Science,Senior,138
S09702,Student_9702,1.51,Finance,Sophomore,104
S09703,Student_9703,3.55,Business,Sophomore,96
S09704,Student_9704,3.9,SE,Senior,9
S09705,Student_9705,2.29,AI,Sophomore,75
S09706,Student_9706,2.17,Finance,Junior,122
S09707,Student_9707,2.43,Data Science,Sophomore,53
S09708,Student_9708,2.2,SE,Junior,86
S09709,Student_9709,2.8,Finance,Junior,86
S09710,Student_9710,2.46,IT,Senior,70
S09711,Student_9711,2.43,Data Science,Sophomore,87
S09712,Student_9712,2.56,CS,Sophomore,76
S09713,Student_9713,2.91,CS,Senior,43
S09714,Student_9714,3.69,AI,Junior,71
S09715,Student_9715,2.8,Business,Junior,62
S09716,Student_9716,3.97,Finance,Freshman,30
S09717,Student_9717,2.86,CS,Freshman,136
S09718,Student_9718,3.0,CS,Freshman,60
S09719,Student_9719,3.29,CS,Senior,132
S09720,Student_9720,1.72,AI,Freshman,96
S09721,Student_9721,1.91,CS,Sophomore,45
S09722,Student_9722,3.35,Business,Freshman,129
S09723,Student_9723,2.2,IT,Freshman,89
S09724,Student_9724,3.91,Finance,Junior,75
S09725,Student_9725,3.78,Business,Freshman,121
S09726,Student_9726,2.5,IT,Freshman,135
S09727,Student_9727,2.08,IT,Junior,133
S09728,Student_9728,3.27,Finance,Sophomore,51
S09729,Student_9729,3.89,SE,Freshman,134
S09730,Student_9730,3.4,Data Science,Junior,106
S09731,Student_9731,3.45,Business,Junior,68
S09732,Student_9732,3.65,AI,Junior,91
S09733,Student_9733,3.63,AI,Senior,134
S09734,Student_9734,3.69,SE,Sophomore,65
S09735,Student_9735,3.46,Finance,Junior,115
S09736,Student_9736,3.9,Business,Freshman,104
S09737,Student_9737,3.14,Data Science,Sophomore,52
S09738,Student_9738,3.32,AI,Junior,54
S09739,Student_9739,1.79,Business,Sophomore,116
S09740,Student_9740,3.62,Business,Junior,83
S09741,Student_9741,3.55,Data Science,Senior,77
S09742,Student_9742,2.26,Data Science,Sophomore,138
S09743,Student_9743,2.5,IT,Freshman,66
S09744,Student_9744,2.1,AI,Senior,126
S09745,Student_9745,3.97,SE,Freshman,25
S09746,Student_9746,1.87,SE,Sophomore,26
S09747,Student_9747,3.71,CS,Freshman,41
S09748,Student_9748,3.91,SE,Senior,129
S09749,Student_9749,1.7,Data Science,Sophomore,15
S09750,Student_9750,3.28,IT,Freshman,6
S09751,Student_9751,2.68,Finance,Sophomore,134
S09752,Student_9752,3.72,AI,Freshman,44
S09753,Student_9753,2.25,Data Science,Sophomore,119
S09754,Student_9754,1.5,IT,Sophomore,22
S09755,Student_9755,2.43,CS,Senior,73
S09756,Student_9756,1.82,Finance,Freshman,22
S09757,Student_9757,3.49,Data Science,Junior,85
S09758,Student_9758,2.49,Business,Junior,63
S09759,Student_9759,1.95,CS,Freshman,72
S09760,Student_9760,2.21,Business,Junior,127
S09761,Student_9761,1.83,AI,Junior,26
S09762,Student_9762,1.76,CS,Sophomore,82
S09763,Student_9763,2.61,IT,Sophomore,20
S09764,Student_9764,3.58,Business,Junior,39
S09765,Student_9765,3.88,SE,Junior,16
S09766,Student_9766,1.69,Finance,Junior,89
S09767,Student_9767,3.35,IT,Junior,76
S09768,Student_9768,2.15,CS,Freshman,20
S09769,Student_9769,2.26,IT,Junior,140
S09770,Student_9770,1.91,Finance,Junior,100
S09771,Student_9771,1.87,Data Science,Senior,113
S09772,Student_9772,2.45,Business,Freshman,76
S09773,Student_9773,3.92,AI,Senior,30
S09774,Student_9774,2.91,IT,Senior,97
S09775,Student_9775,2.08,Data Science,Junior,87
S09776,Student_9776,2.62,Business,Sophomore,126
S09777,Student_9777,3.34,Finance,Freshman,48
S09778,Student_9778,2.84,AI,Freshman,90
S09779,Student_9779,3.44,CS,Senior,17
S09780,Student_9780,3.57,CS,Sophomore,96
S09781,Student_9781,3.61,SE,Senior,61
S09782,Student_9782,3.32,Business,Junior,61
S09783,Student_9783,3.56,SE,Sophomore,52
S09784,Student_9784,2.71,Business,Freshman,26
S09785,Student_9785,2.7,IT,Senior,47
S09786,Student_9786,1.63,CS,Junior,17
S09787,Student_9787,3.97,AI,Senior,110
S09788,Student_9788,3.48,Finance,Junior,66
S09789,Student_9789,3.21,Data Science,Sophomore,124
S09790,Student_9790,3.75,Business,Sophomore,27
S09791,Student_9791,1.52,SE,Junior,54
S09792,Student_9792,2.45,SE,Senior,110
S09793,Student_9793,2.84,SE,Sophomore,109
S09794,Student_9794,3.64,Data Science,Junior,101
S09795,Student_9795,2.27,CS,Junior,109
S09796,Student_9796,3.12,Business,Junior,10
S09797,Student_9797,3.73,Data Science,Senior,61
S09798,Student_9798,2.0,Finance,Senior,133
S09799,Student_9799,3.29,SE,Sophomore,136
S09800,Student_9800,1.82,Business,Sophomore,62
S09801,Student_9801,1.78,IT,Sophomore,99
S09802,Student_9802,1.65,IT,Senior,69
S09803,Student_9803,1.91,Data Science,Freshman,34
S09804,Student_9804,3.33,CS,Junior,132
S09805,Student_9805,2.18,AI,Senior,68
S09806,Student_9806,3.71,IT,Freshman,116
S09807,Student_9807,3.62,Business,Freshman,107
S09808,Student_9808,1.72,Business,Sophomore,40
S09809,Student_9809,2.04,SE,Sophomore,102
S09810,Student_9810,1.73,Business,Freshman,85
S09811,Student_9811,2.03,Business,Freshman,35
S09812,Student_9812,1.94,Data Science,Junior,98
S09813,Student_9813,2.5,Data Science,Junior,118
S09814,Student_9814,3.99,CS,Sophomore,51
S09815,Student_9815,3.57,CS,Sophomore,120
S09816,Student_9816,2.3,CS,Freshman,124
S09817,Student_9817,3.59,Finance,Freshman,27
S09818,Student_9818,3.37,IT,Sophomore,88
S09819,Student_9819,2.62,SE,Junior,24
S09820,Student_9820,2.6,IT,Junior,124
S09821,Student_9821,3.24,Data Science,Freshman,44
S09822,Student_9822,2.9,IT,Junior,119
S09823,Student_9823,2.47,Data Science,Junior,51
S09824,Student_9824,3.78,Business,Sophomore,11
S09825,Student_9825,1.68,SE,Sophomore,104
S09826,Student_9826,3.88,SE,Senior,100
S09827,Student_9827,2.65,AI,Senior,67
S09828,Student_9828,3.45,CS,Senior,22
S09829,Student_9829,2.18,SE,Senior,45
S09830,Student_9830,3.11,SE,Freshman,121
S09831,Student_9831,2.44,Business,Senior,82
S09832,Student_9832,3.86,Finance,Junior,94
S09833,Student_9833,3.51,Business,Freshman,116
S09834,Student_9834,2.65,Business,Freshman,128
S09835,Student_9835,3.19,Business,Freshman,11
S09836,Student_9836,1.88,Data Science,Senior,116
S09837,Student_9837,3.69,Finance,Sophomore,59
S09838,Student_9838,2.28,AI,Junior,73
S09839,Student_9839,2.87,Finance,Senior,112
S09840,Student_9840,1.8,CS,Sophomore,126
S09841,Student_9841,1.92,Business,Freshman,130
S09842,Student_9842,3.89,Finance,Sophomore,19
S09843,Student_9843,2.23,CS,Senior,81
S09844,Student_9844,1.73,IT,Senior,17
S09845,Student_9845,2.82,SE,Junior,18
S09846,Student_9846,2.4,Data Science,Sophomore,57
S09847,Student_9847,1.64,SE,Senior,33
S09848,Student_9848,2.34,CS,Senior,111
S09849,Student_9849,3.76,AI,Sophomore,83
S09850,Student_9850,3.91,Data Science,Freshman,52
S09851,Student_9851,3.01,AI,Freshman,13
S09852,Student_9852,3.28,Finance,Senior,110
S09853,Student_9853,3.13,SE,Sophomore,6
S09854,Student_9854,2.93,IT,Sophomore,88
S09855,Student_9855,3.05,IT,Junior,88
S09856,Student_9856,2.19,Finance,Junior,112
S09857,Student_9857,2.28,Business,Senior,91
S09858,Student_9858,1.59,CS,Junior,36
S09859,Student_9859,2.61,Business,Sophomore,36
S09860,Student_9860,1.63,SE,Senior,120
S09861,Student_9861,2.08,SE,Junior,119
S09862,Student_9862,2.67,CS,Senior,78
S09863,Student_9863,3.65,Finance,Junior,96
S09864,Student_9864,3.89,Data Science,Freshman,20
S09865,Student_9865,3.43,SE,Freshman,67
S09866,Student_9866,2.63,AI,Freshman,10
S09867,Student_9867,2.33,Business,Freshman,107
S09868,Student_9868,3.79,AI,Sophomore,77
S09869,Student_9869,1.92,SE,Senior,108
S09870,Student_9870,2.88,CS,Sophomore,15
S09871,Student_9871,3.91,AI,Junior,137
S09872,Student_9872,3.92,IT,Senior,86
S09873,Student_9873,3.15,SE,Junior,5
S09874,Student_9874,2.55,Data Science,Freshman,1
S09875,Student_9875,3.63,AI,Sophomore,129
S09876,Student_9876,1.8,AI,Junior,10
S09877,Student_9877,1.95,IT,Sophomore,114
S09878,Student_9878,1.95,Finance,Freshman,102
S09879,Student_9879,3.61,AI,Sophomore,124
S09880,Student_9880,1.56,Finance,Junior,76
S09881,Student_9881,2.51,CS,Sophomore,64
S09882,Student_9882,2.8,IT,Sophomore,56
S09883,Student_9883,3.06,IT,Freshman,75
S09884,Student_9884,2.15,AI,Senior,29
S09885,Student_9885,2.47,Business,Freshman,34
S09886,Student_9886,2.01,Finance,Sophomore,11
S09887,Student_9887,1.67,IT,Junior,112
S09888,Student_9888,3.22,AI,Senior,10
S09889,Student_9889,1.69,Business,Junior,1
S09890,Student_9890,2.66,CS,Senior,12
S09891,Student_9891,1.69,SE,Sophomore,112
S09892,Student_9892,3.23,Data Science,Senior,77
S09893,Student_9893,3.9,IT,Freshman,23
S09894,Student_9894,2.76,Business,Senior,111
S09895,Student_9895,1.81,CS,Junior,37
S09896,Student_9896,2.38,SE,Freshman,7
S09897,Student_9897,3.71,AI,Junior,104
S09898,Student_9898,2.08,Business,Freshman,82
S09899,Student_9899,1.58,Business,Senior,110
S09900,Student_9900,2.69,IT,Sophomore,12
S09901,Student_9901,3.96,Data Science,Junior,133
S09902,Student_9902,1.6,SE,Junior,17
S09903,Student_9903,2.17,CS,Freshman,95
S09904,Student_9904,2.4,AI,Senior,102
S09905,Student_9905,3.51,AI,Freshman,95
S09906,Student_9906,1.58,IT,Junior,14
S09907,Student_9907,3.18,Business,Junior,11
S09908,Student_9908,2.49,Finance,Junior,67
S09909,Student_9909,1.97,Finance,Sophomore,67
S09910,Student_9910,3.33,SE,Sophomore,94
S09911,Student_9911,2.48,Finance,Sophomore,132
S09912,Student_9912,2.71,IT,Freshman,69
S09913,Student_9913,3.41,Finance,Senior,128
S09914,Student_9914,3.54,SE,Sophomore,138
S09915,Student_9915,3.69,IT,Freshman,73
S09916,Student_9916,2.43,AI,Senior,38
S09917,Student_9917,3.76,Finance,Junior,75
S09918,Student_9918,3.37,Finance,Senior,88
S09919,Student_9919,2.29,Business,Junior,40
S09920,Student_9920,3.24,IT,Sophomore,94
S09921,Student_9921,2.23,SE,Senior,1
S09922,Student_9922,3.41,SE,Senior,32
S09923,Student_9923,3.76,CS,Senior,77
S09924,Student_9924,2.6,CS,Junior,119
S09925,Student_9925,3.82,IT,Freshman,22
S09926,Student_9926,2.33,AI,Senior,28
S09927,Student_9927,2.63,CS,Junior,23
S09928,Student_9928,3.24,SE,Senior,30
S09929,Student_9929,2.33,Business,Freshman,85
S09930,Student_9930,2.17,Data Science,Sophomore,8
S09931,Student_9931,2.22,AI,Junior,56
S09932,Student_9932,2.38,AI,Sophomore,130
S09933,Student_9933,3.81,Business,Sophomore,111
S09934,Student_9934,3.48,Data Science,Junior,16
S09935,Student_9935,3.65,Finance,Sophomore,134
S09936,Student_9936,1.65,Finance,Freshman,104
S09937,Student_9937,2.96,Business,Junior,101
S09938,Student_9938,3.65,IT,Senior,83
S09939,Student_9939,3.02,IT,Freshman,100
S09940,Student_9940,2.04,SE,Junior,113
S09941,Student_9941,1.79,Business,Junior,73
S09942,Student_9942,3.48,IT,Junior,132
S09943,Student_9943,3.93,SE,Freshman,44
S09944,Student_9944,3.31,CS,Freshman,80
S09945,Student_9945,2.57,AI,Junior,91
S09946,Student_9946,3.42,IT,Freshman,136
S09947,Student_9947,3.67,AI,Freshman,9
S09948,Student_9948,3.97,CS,Junior,62
S09949,Student_9949,3.49,IT,Sophomore,33
S09950,Student_9950,3.09,AI,Junior,22
S09951,Student_9951,3.19,CS,Sophomore,109
S09952,Student_9952,3.98,Data Science,Junior,47
S09953,Student_9953,2.2,AI,Junior,40
S09954,Student_9954,3.5,IT,Freshman,92
S09955,Student_9955,2.25,Business,Sophomore,7
S09956,Student_9956,3.71,Data Science,Junior,96
S09957,Student_9957,1.91,Business,Junior,100
S09958,Student_9958,3.79,AI,Senior,9
S09959,Student_9959,2.31,IT,Freshman,80
S09960,Student_9960,2.6,AI,Freshman,110
S09961,Student_9961,3.86,CS,Senior,24
S09962,Student_9962,3.14,IT,Senior,52
S09963,Student_9963,2.77,Data Science,Senior,133
S09964,Student_9964,2.98,CS,Junior,137
S09965,Student_9965,3.45,SE,Junior,55
S09966,Student_9966,3.33,Business,Junior,136
S09967,Student_9967,2.13,IT,Sophomore,126
S09968,Student_9968,3.38,Data Science,Freshman,109
S09969,Student_9969,1.9,IT,Junior,15
S09970,Student_9970,1.83,SE,Junior,31
S09971,Student_9971,1.55,Finance,Freshman,77
S09972,Student_9972,1.81,IT,Senior,54
S09973,Student_9973,3.67,Finance,Freshman,38
S09974,Student_9974,3.82,Data Science,Junior,25
S09975,Student_9975,2.2,AI,Junior,22
S09976,Student_9976,2.57,Data Science,Junior,83
S09977,Student_9977,2.6,AI,Freshman,87
S09978,Student_9978,2.77,AI,Freshman,11
S09979,Student_9979,2.41,IT,Freshman,91
S09980,Student_9980,3.15,SE,Freshman,94
S09981,Student_9981,2.7,Data Science,Senior,56
S09982,Student_9982,1.71,CS,Senior,55
S09983,Student_9983,2.99,Data Science,Senior,12
S09984,Student_9984,3.68,SE,Junior,125
S09985,Student_9985,3.02,CS,Junior,103
S09986,Student_9986,2.3,Data Science,Junior,74
S09987,Student_9987,3.35,SE,Senior,97
S09988,Student_9988,3.39,Finance,Junior,113
S09989,Student_9989,2.63,Data Science,Freshman,111
S09990,Student_9990,1.85,Data Science,Senior,99
S09991,Student_9991,1.67,SE,Junior,109
S09992,Student_9992,2.6,CS,Sophomore,100
S09993,Student_9993,2.22,CS,Sophomore,0
S09994,Student_9994,2.72,IT,Sophomore,109
S09995,Student_9995,3.45,Data Science,Senior,70
S09996,Student_9996,2.06,CS,Sophomore,131
S09997,Student_9997,2.72,Data Science,Sophomore,117
S09998,Student_9998,3.53,Data Science,Junior,115
S09999,Student_9999,1.6,IT,Sophomore,57
S10000,Student_10000,3.73,Data Science,Junior,107
